ts,book,symbol,side,hedge_underlying,hedge_frequency,d_units,units_after,spot,cost,reason
2026-04-24 10:00:00,index,NIFTY,long,spot_as_fut_proxy,1h,44.42064762896596,44.42064762896596,23925.4,21.255635255641245,entry
2026-04-24 10:00:00,stock,HDFCBANK,long,HDFCBANK_spot_proxy,1h,-19.483539744563814,-19.483539744563814,785.5,3.0608640938709755,entry
2026-04-24 11:00:00,index,NIFTY,long,spot_as_fut_proxy,1h,92.49230860017101,136.91295622913697,23898.25,44.20808628008074,rehedge
2026-04-24 11:00:00,stock,HDFCBANK,long,HDFCBANK_spot_proxy,1h,-4.407126409080298,-23.890666153644112,786.1,0.6928884140356045,rehedge
2026-04-24 12:00:00,index,NIFTY,long,spot_as_fut_proxy,1h,-17.376165026358066,119.5367912027789,23904.35,83.07318608956449,rehedge
2026-04-24 12:00:00,stock,HDFCBANK,long,HDFCBANK_spot_proxy,1h,2.647665127740641,-21.24300102590347,785.75,0.04160805748244418,rehedge
2026-04-24 13:00:00,index,NIFTY,long,spot_as_fut_proxy,1h,185.64285090984345,305.17964211262233,23846.3,88.537902313028,rehedge
2026-04-24 13:00:00,stock,HDFCBANK,long,HDFCBANK_spot_proxy,1h,12.777133625406286,-8.465867400497185,784.0,0.20034545524637057,rehedge
2026-04-24 14:00:00,index,NIFTY,long,spot_as_fut_proxy,1h,-247.27699975381984,57.9026423588025,23920.9,1183.0176766822299,rehedge
2026-04-24 14:00:00,stock,HDFCBANK,long,HDFCBANK_spot_proxy,1h,-10.095316946000874,-18.56118434649806,785.4,1.5857723858778174,rehedge
2026-04-24 15:00:00,index,NIFTY,long,spot_as_fut_proxy,1h,71.8632247377204,129.7658670965229,23897.95,34.34767503241611,rehedge
2026-04-24 15:00:00,stock,HDFCBANK,long,HDFCBANK_spot_proxy,1h,4.071686037929341,-14.489498308568718,784.85,0.06391325573737687,rehedge
2026-04-27 09:00:00,index,NIFTY,long,spot_as_fut_proxy,1h,-626.6485843955477,-496.8827172990248,24099.05,3020.327113555505,rehedge
2026-04-27 09:00:00,stock,HDFCBANK,long,HDFCBANK_spot_proxy,1h,-31.889299105695905,-46.378797414264625,789.55,5.03563922178044,rehedge
2026-04-27 10:00:00,index,NIFTY,long,spot_as_fut_proxy,1h,73.13764442299009,-423.7450728760347,24072.2,35.211680081582045,rehedge
2026-04-27 10:00:00,stock,HDFCBANK,long,HDFCBANK_spot_proxy,1h,-6.93773451241249,-53.316531926677115,790.45,1.0967864490672907,rehedge
2026-04-27 10:00:00,stock,ICICIBANK,long,ICICIBANK_spot_proxy,1h,6.727364209505832,6.727364209505832,1318.8,0.17744095838992582,entry
2026-04-27 10:00:00,stock,KOTAKBANK,short,KOTAKBANK_spot_proxy,1h,6.504266888757315,6.504266888757315,377.2,0.049068189408785184,entry
2026-04-27 10:00:00,stock,RELIANCE,long,RELIANCE_spot_proxy,1h,-34.28708189254426,-34.28708189254426,1337.3,9.170422922979888,entry
2026-04-27 11:00:00,index,NIFTY,long,spot_as_fut_proxy,1h,123.73426094169986,-300.01081193433487,24037.2,59.48450354215656,rehedge
2026-04-27 11:00:00,stock,HDFCBANK,long,HDFCBANK_spot_proxy,1h,19.29387038920101,-34.022661537476104,787.95,0.30405210346341877,rehedge
2026-04-27 11:00:00,stock,ICICIBANK,long,ICICIBANK_spot_proxy,1h,4.105682307432768,10.8330465169386,1318.1,0.10823399698854264,rehedge
2026-04-27 11:00:00,stock,KOTAKBANK,short,KOTAKBANK_spot_proxy,1h,-9.189774827956354,-2.685507939199039,376.3,0.6916224535519953,rehedge
2026-04-27 11:00:00,stock,RELIANCE,long,RELIANCE_spot_proxy,1h,-12.043082587792853,-46.33016448033711,1340.1,3.22778699518024,rehedge
2026-04-27 12:00:00,index,NIFTY,long,spot_as_fut_proxy,1h,-123.82120471769332,-423.8320166520282,24071.5,596.112425872391,rehedge
2026-04-27 12:00:00,stock,HDFCBANK,long,HDFCBANK_spot_proxy,1h,5.427950218139795,-28.59471131933631,787.25,0.08546307618461108,rehedge
2026-04-27 12:00:00,stock,ICICIBANK,long,ICICIBANK_spot_proxy,1h,-9.806728532328824,1.0263179846097759,1319.7,2.5883879288228697,rehedge
2026-04-27 12:00:00,stock,KOTAKBANK,short,KOTAKBANK_spot_proxy,1h,-6.107048283603045,-8.792556222802084,375.7,0.4588836080299328,rehedge
2026-04-27 12:00:00,stock,RELIANCE,long,RELIANCE_spot_proxy,1h,-32.131378307771904,-78.46154278810901,1347.4,8.658763826378374,rehedge
2026-04-27 13:00:00,index,NIFTY,long,spot_as_fut_proxy,1h,-156.51088599499076,-580.342902647019,24114.25,754.8285265209413,rehedge
2026-04-27 13:00:00,stock,HDFCBANK,long,HDFCBANK_spot_proxy,1h,-32.47558296652717,-61.07029428586348,791.4,5.140235271941921,rehedge
2026-04-27 13:00:00,stock,ICICIBANK,long,ICICIBANK_spot_proxy,1h,-5.247776970932816,-4.22145898632304,1320.6,1.3860428535627753,rehedge
2026-04-27 13:00:00,stock,KOTAKBANK,short,KOTAKBANK_spot_proxy,1h,26.018877631407022,17.22632140860494,378.25,0.19683280928159413,rehedge
2026-04-27 13:00:00,stock,RELIANCE,long,RELIANCE_spot_proxy,1h,-37.71229063425238,-116.1738334223614,1356.0,10.227573220009246,rehedge
2026-04-27 14:00:00,index,NIFTY,long,spot_as_fut_proxy,1h,-28.02893958666027,-608.3718422336792,24121.95,135.22253585248794,rehedge
2026-04-27 14:00:00,stock,HDFCBANK,long,HDFCBANK_spot_proxy,1h,10.693414432920079,-50.376879852943404,790.05,0.1689666414545702,rehedge
2026-04-27 14:00:00,stock,ICICIBANK,long,ICICIBANK_spot_proxy,1h,28.652843589172328,24.43138460284929,1316.3,0.7543147603285507,rehedge
2026-04-27 14:00:00,stock,KOTAKBANK,short,KOTAKBANK_spot_proxy,1h,-11.009941452804984,6.2163799557999555,377.1,0.8303697843705521,rehedge
2026-04-27 14:00:00,stock,RELIANCE,long,RELIANCE_spot_proxy,1h,-39.556588095094796,-155.7304215174562,1365.1,10.799739681722782,rehedge
2026-04-27 15:00:00,index,NIFTY,long,spot_as_fut_proxy,1h,107.52601358698865,-500.84582864669056,24092.7,51.811839750944834,rehedge
2026-04-27 15:00:00,stock,HDFCBANK,long,HDFCBANK_spot_proxy,1h,1.9915725169822593,-48.385307335961144,789.8,0.03145887947825177,rehedge
2026-04-27 15:00:00,stock,ICICIBANK,long,ICICIBANK_spot_proxy,1h,14.332576606644036,38.763961209493324,1314.1,0.37668877837581854,rehedge
2026-04-27 15:00:00,stock,KOTAKBANK,short,KOTAKBANK_spot_proxy,1h,-3.258257606769832,2.9581223490301234,376.8,0.24554229324617455,rehedge
2026-04-27 15:00:00,stock,RELIANCE,long,RELIANCE_spot_proxy,1h,-1.3246753981872814,-157.05509691564347,1365.8,0.3618483317688378,rehedge
2026-04-28 09:00:00,index,NIFTY,long,spot_as_fut_proxy,1h,-314.136918817825,-814.9827474645156,24155.3,1517.6143030240416,rehedge
2026-04-28 09:00:00,stock,HDFCBANK,long,HDFCBANK_spot_proxy,1h,-19.211791595910427,-67.59709893187157,792.3,3.044300496287966,rehedge
2026-04-28 09:00:00,stock,ICICIBANK,long,ICICIBANK_spot_proxy,1h,19.801459170568265,58.56542038006159,1311.7,0.519471479880688,rehedge
2026-04-28 09:00:00,stock,KOTAKBANK,short,KOTAKBANK_spot_proxy,1h,47.96774346868294,50.92586581771306,381.7,0.36618575363992556,rehedge
2026-04-28 09:00:00,stock,RELIANCE,long,RELIANCE_spot_proxy,1h,-11.21579503224143,-168.2708919478849,1368.4,3.0695387844238353,rehedge
2026-04-28 10:00:00,index,NIFTY,long,spot_as_fut_proxy,1h,-72.01262585092161,-886.9953733154372,24167.8,348.0773478079807,rehedge
2026-04-28 10:00:00,stock,HDFCBANK,long,HDFCBANK_spot_proxy,1h,13.010105357676316,-54.586993574195255,790.65,0.2057287960209356,rehedge
2026-04-28 10:00:00,stock,ICICIBANK,long,ICICIBANK_spot_proxy,1h,-15.428280561212922,43.13713981884867,1314.1,4.054860697097981,rehedge
2026-04-28 10:00:00,stock,KOTAKBANK,short,KOTAKBANK_spot_proxy,1h,6.131719104667717,57.05758492238078,382.3,0.04688312427428937,rehedge
2026-04-28 10:00:00,stock,RELIANCE,long,RELIANCE_spot_proxy,1h,-57.88455773787342,-226.15544968575833,1382.6,16.00623790567676,rehedge
2026-04-28 10:00:00,stock,AXISBANK,long,AXISBANK_spot_proxy,1h,25.206880081527874,25.206880081527874,1304.9,0.6578491563677145,entry
2026-04-28 10:00:00,stock,INFY,long,INFY_spot_proxy,1h,-30.327589190805693,-30.327589190805693,1158.9,7.029328622644945,entry
2026-04-28 11:00:00,index,NIFTY,long,spot_as_fut_proxy,1h,479.24315933002464,-407.75221398541254,24056.0,230.57346881686146,rehedge
2026-04-28 11:00:00,stock,HDFCBANK,long,HDFCBANK_spot_proxy,1h,26.83152368772852,-27.755469886466734,787.3,0.4224891719869733,rehedge
2026-04-28 11:00:00,stock,ICICIBANK,long,ICICIBANK_spot_proxy,1h,63.07987165672239,106.21701147557106,1304.8,1.6461323307538276,rehedge
2026-04-28 11:00:00,stock,KOTAKBANK,short,KOTAKBANK_spot_proxy,1h,-28.185438225319558,28.87214669706122,379.5,2.139274761301755,rehedge
2026-04-28 11:00:00,stock,RELIANCE,long,RELIANCE_spot_proxy,1h,10.883846243851195,-215.27160344190713,1379.0,0.300176479405416,rehedge
2026-04-28 11:00:00,stock,AXISBANK,long,AXISBANK_spot_proxy,1h,53.38320665200264,78.59008673353051,1295.2,1.3828385851134766,rehedge
2026-04-28 11:00:00,stock,INFY,long,INFY_spot_proxy,1h,-0.963905027562717,-31.29149421836841,1159.2,0.2234717415901403,rehedge
2026-04-28 12:00:00,index,NIFTY,long,spot_as_fut_proxy,1h,208.2660327598609,-199.48618122555163,24007.35,99.99831083154893,rehedge
2026-04-28 12:00:00,stock,HDFCBANK,long,HDFCBANK_spot_proxy,1h,14.570699076639361,-13.184770809827373,785.5,0.22890568249400436,rehedge
2026-04-28 12:00:00,stock,ICICIBANK,long,ICICIBANK_spot_proxy,1h,7.893823804154351,114.1108352797254,1303.7,0.20582356186952058,rehedge
2026-04-28 12:00:00,stock,KOTAKBANK,short,KOTAKBANK_spot_proxy,1h,-0.5324760502820389,28.33967064677918,379.45,0.04040960745590393,rehedge
2026-04-28 12:00:00,stock,RELIANCE,long,RELIANCE_spot_proxy,1h,-7.238853691778218,-222.51045713368535,1380.0,1.9979236189307883,rehedge
2026-04-28 12:00:00,stock,AXISBANK,long,AXISBANK_spot_proxy,1h,21.03601647610465,99.62610320963516,1291.3,0.5432761615118787,rehedge
2026-04-28 12:00:00,stock,INFY,long,INFY_spot_proxy,1h,25.006039931992596,-6.285454286375813,1151.6,0.5759391117136534,rehedge
2026-04-28 13:00:00,index,NIFTY,long,spot_as_fut_proxy,1h,-15.022322070867062,-214.5085032964187,24010.55,72.13884303973143,rehedge
2026-04-28 13:00:00,stock,HDFCBANK,long,HDFCBANK_spot_proxy,1h,2.5702088940150922,-10.614561915812281,785.2,0.04036256047161301,rehedge
2026-04-28 13:00:00,stock,ICICIBANK,long,ICICIBANK_spot_proxy,1h,25.322841615550445,139.43367689527585,1300.4,0.658596464737236,rehedge
2026-04-28 13:00:00,stock,KOTAKBANK,short,KOTAKBANK_spot_proxy,1h,-7.359054217646065,20.980616429133114,378.7,0.557374766444513,rehedge
2026-04-28 13:00:00,stock,RELIANCE,long,RELIANCE_spot_proxy,1h,-11.32247637938653,-233.83293351307188,1383.1,3.132023416065902,rehedge
2026-04-28 13:00:00,stock,AXISBANK,long,AXISBANK_spot_proxy,1h,4.17170432095601,103.79780753059117,1290.6,0.10768003193251653,rehedge
2026-04-28 13:00:00,stock,INFY,long,INFY_spot_proxy,1h,-6.520918397610554,-12.806372683986368,1153.6,1.504506292696707,rehedge
2026-04-28 14:00:00,index,NIFTY,long,spot_as_fut_proxy,1h,-133.60971193655163,-348.11821523297033,24039.15,642.3727813399112,rehedge
2026-04-28 14:00:00,stock,HDFCBANK,long,HDFCBANK_spot_proxy,1h,-0.48705538036499796,-11.10161729617728,785.25,0.07649204748632293,rehedge
2026-04-28 14:00:00,stock,ICICIBANK,long,ICICIBANK_spot_proxy,1h,21.189570599228546,160.6232474945044,1297.4,0.5498269779087824,rehedge
2026-04-28 14:00:00,stock,KOTAKBANK,short,KOTAKBANK_spot_proxy,1h,6.806157424120052,27.786773853253166,379.4,0.05164512253422295,rehedge
2026-04-28 14:00:00,stock,RELIANCE,long,RELIANCE_spot_proxy,1h,-34.92139482078417,-268.75432833385605,1391.0,9.715132039142157,rehedge
2026-04-28 14:00:00,stock,AXISBANK,long,AXISBANK_spot_proxy,1h,4.064031409204588,107.86183893979576,1290.0,0.10485201035747839,rehedge
2026-04-28 14:00:00,stock,INFY,long,INFY_spot_proxy,1h,6.963281731331406,-5.843090952654961,1151.5,0.16036437827256228,rehedge
2026-04-28 15:00:00,index,NIFTY,long,spot_as_fut_proxy,1h,195.39425728678663,-152.7239579461837,23995.7,93.77243959153093,rehedge
2026-04-28 15:00:00,stock,HDFCBANK,long,HDFCBANK_spot_proxy,1h,20.247210908872923,9.145593612695645,782.55,0.31688909793477016,rehedge
2026-04-28 15:00:00,stock,ICICIBANK,long,ICICIBANK_spot_proxy,1h,30.317715436756743,190.94096293126114,1292.0,0.7834097668857943,rehedge
2026-04-28 15:00:00,stock,KOTAKBANK,short,KOTAKBANK_spot_proxy,1h,-13.818074673541503,13.968699179711663,377.95,1.0445082645730022,rehedge
2026-04-28 15:00:00,stock,RELIANCE,long,RELIANCE_spot_proxy,1h,10.8123343186777,-257.94199401517835,1388.9,0.3003450227042292,rehedge
2026-04-28 15:00:00,stock,AXISBANK,long,AXISBANK_spot_proxy,1h,4.488013564222101,112.34985250401786,1289.0,0.11570098968564575,rehedge
2026-04-28 15:00:00,stock,INFY,long,INFY_spot_proxy,1h,-2.3206912401790625,-8.163782192834024,1152.1,0.5347336755620595,rehedge
2026-04-29 09:00:00,index,NIFTY,long,spot_as_fut_proxy,1h,-870.2506536708561,-1022.9746116170397,24173.2,4207.3486202632685,rehedge
2026-04-29 09:00:00,stock,HDFCBANK,long,HDFCBANK_spot_proxy,1h,-18.407572186659326,-9.261978573963681,785.2,2.890725136192981,rehedge
2026-04-29 09:00:00,stock,ICICIBANK,long,ICICIBANK_spot_proxy,1h,48.20327746548551,239.14424039674665,1286.1,1.2398847029672184,rehedge
2026-04-29 09:00:00,stock,KOTAKBANK,short,KOTAKBANK_spot_proxy,1h,38.43028182203836,52.39898100175002,381.9,0.293530492556729,rehedge
2026-04-29 09:00:00,stock,RELIANCE,long,RELIANCE_spot_proxy,1h,-69.25244290827783,-327.1944369234562,1405.9,19.472401896949563,rehedge
2026-04-29 09:00:00,stock,AXISBANK,long,AXISBANK_spot_proxy,1h,46.494933301863,158.84478580588086,1282.0,1.1921300898597673,rehedge
2026-04-29 09:00:00,stock,INFY,long,INFY_spot_proxy,1h,-66.4322006218324,-74.59598281466641,1172.3,15.575693757794824,rehedge
2026-04-29 10:00:00,index,NIFTY,long,spot_as_fut_proxy,1h,-435.9790214137877,-1458.9536330308274,24287.1,2117.7332181957604,rehedge
2026-04-29 10:00:00,stock,HDFCBANK,long,HDFCBANK_spot_proxy,1h,-13.048756332543633,-22.310734906507314,786.8,2.053352296489066,rehedge
2026-04-29 10:00:00,stock,ICICIBANK,long,ICICIBANK_spot_proxy,1h,-46.5223184427409,192.62192195400576,1293.1,12.03160199566165,rehedge
2026-04-29 10:00:00,stock,KOTAKBANK,short,KOTAKBANK_spot_proxy,1h,17.99017445083104,70.38915545258106,383.7,0.13805659873567744,rehedge
2026-04-29 10:00:00,stock,RELIANCE,long,RELIANCE_spot_proxy,1h,-55.810694397264626,-383.0051313207208,1422.0,15.87256148658206,rehedge
2026-04-29 10:00:00,stock,AXISBANK,long,AXISBANK_spot_proxy,1h,-42.21372185912034,116.63106394676052,1290.0,10.89114023965305,rehedge
2026-04-29 10:00:00,stock,INFY,long,INFY_spot_proxy,1h,-7.723198647098343,-82.31918146176476,1174.4,1.8140248982304592,rehedge
2026-04-29 11:00:00,index,NIFTY,long,spot_as_fut_proxy,1h,4.150261987625754,-1454.8033710432017,24276.95,2.0151140552098212,rehedge
2026-04-29 11:00:00,stock,HDFCBANK,long,HDFCBANK_spot_proxy,1h,14.6665713337516,-7.644163572755714,785.05,0.23027983651123385,rehedge
2026-04-29 11:00:00,stock,ICICIBANK,long,ICICIBANK_spot_proxy,1h,36.29453461291595,228.9164565669217,1288.4,0.9352375679056184,rehedge
2026-04-29 11:00:00,stock,KOTAKBANK,short,KOTAKBANK_spot_proxy,1h,-7.782610393949163,62.6065450586319,382.9,0.5959923039686269,rehedge
2026-04-29 11:00:00,stock,RELIANCE,long,RELIANCE_spot_proxy,1h,6.063403106971293,-376.9417282137495,1420.6,0.17227340907526836,rehedge
2026-04-29 11:00:00,stock,AXISBANK,long,AXISBANK_spot_proxy,1h,-13.772600384962985,102.85846356179754,1292.8,3.56104355553603,rehedge
2026-04-29 11:00:00,stock,INFY,long,INFY_spot_proxy,1h,-1.5170598123454937,-83.83624127411025,1175.2,0.3565697382936849,rehedge
2026-04-29 12:00:00,index,NIFTY,long,spot_as_fut_proxy,1h,-161.5728859013559,-1616.3762569445576,24316.85,785.7887261060773,rehedge
2026-04-29 12:00:00,stock,HDFCBANK,long,HDFCBANK_spot_proxy,1h,-3.641413736725349,-11.285577309481063,785.5,0.5720660980395523,rehedge
2026-04-29 12:00:00,stock,ICICIBANK,long,ICICIBANK_spot_proxy,1h,-27.431595602101822,201.4848609648199,1292.5,7.091067463143322,rehedge
2026-04-29 12:00:00,stock,KOTAKBANK,short,KOTAKBANK_spot_proxy,1h,14.307085338731149,76.91363039736305,384.35,0.10997856499882636,rehedge
2026-04-29 12:00:00,stock,RELIANCE,long,RELIANCE_spot_proxy,1h,8.470610897407994,-368.4711173163415,1415.3,0.23976911206203066,rehedge
2026-04-29 12:00:00,stock,AXISBANK,long,AXISBANK_spot_proxy,1h,-64.20786964361439,38.65059391818315,1303.9,16.74412824566176,rehedge
2026-04-29 12:00:00,stock,INFY,long,INFY_spot_proxy,1h,-5.540617733835532,-89.37685900794578,1176.6,1.3038181651261773,rehedge
2026-04-29 13:00:00,index,NIFTY,long,spot_as_fut_proxy,1h,242.8475673701339,-1373.5286895744237,24254.95,117.8051120836846,rehedge
2026-04-29 13:00:00,stock,HDFCBANK,long,HDFCBANK_spot_proxy,1h,-12.037783190578867,-23.32336050005993,786.95,1.894626696365208,rehedge
2026-04-29 13:00:00,stock,ICICIBANK,long,ICICIBANK_spot_proxy,1h,28.992656570606016,230.4775175354259,1287.7,0.7466768773193875,rehedge
2026-04-29 13:00:00,stock,KOTAKBANK,short,KOTAKBANK_spot_proxy,1h,-12.540626445488073,64.37300395187498,383.2,0.9611136107822058,rehedge
2026-04-29 13:00:00,stock,RELIANCE,long,RELIANCE_spot_proxy,1h,1.6390564566770536,-366.83206085966447,1415.5,0.046401688288527386,rehedge
2026-04-29 13:00:00,stock,AXISBANK,long,AXISBANK_spot_proxy,1h,20.616297902180975,59.26689182036412,1300.3,0.5361474432441184,rehedge
2026-04-29 13:00:00,stock,INFY,long,INFY_spot_proxy,1h,14.095681037790811,-75.28117797015497,1172.6,0.3305719116982701,rehedge
2026-04-29 14:00:00,index,NIFTY,long,spot_as_fut_proxy,1h,314.0821504541966,-1059.446539120227,24185.45,151.924362914049,rehedge
2026-04-29 14:00:00,stock,HDFCBANK,long,HDFCBANK_spot_proxy,1h,52.67829542736783,29.354934927307895,780.55,0.8223608699166391,rehedge
2026-04-29 14:00:00,stock,ICICIBANK,long,ICICIBANK_spot_proxy,1h,29.667746355898004,260.1452638913239,1282.6,0.7610370295214957,rehedge
2026-04-29 14:00:00,stock,KOTAKBANK,short,KOTAKBANK_spot_proxy,1h,-2.3455415587152544,62.02746239315972,382.95,0.17964502798200133,rehedge
2026-04-29 14:00:00,stock,RELIANCE,long,RELIANCE_spot_proxy,1h,-15.636603118942901,-382.46866397860737,1419.3,4.438606161343132,rehedge
2026-04-29 14:00:00,stock,AXISBANK,long,AXISBANK_spot_proxy,1h,13.87290891314872,73.13980073351284,1297.7,0.3600574779318619,rehedge
2026-04-29 14:00:00,stock,INFY,long,INFY_spot_proxy,1h,13.309697156745152,-61.97148081340982,1168.6,0.3110742419474477,rehedge
2026-04-29 15:00:00,index,NIFTY,long,spot_as_fut_proxy,1h,19.84319629872857,-1039.6033428214985,24177.65,9.595237099839098,rehedge
2026-04-29 15:00:00,stock,HDFCBANK,long,HDFCBANK_spot_proxy,1h,12.97692717826672,42.331862105574615,779.0,0.20218052543739554,rehedge
2026-04-29 15:00:00,stock,ICICIBANK,long,ICICIBANK_spot_proxy,1h,13.339803348200007,273.4850672395239,1281.0,0.34176576178088425,rehedge
2026-04-29 15:00:00,stock,KOTAKBANK,short,KOTAKBANK_spot_proxy,1h,-9.37383621076797,52.653626182391754,382.0,0.716161086502673,rehedge
2026-04-29 15:00:00,stock,RELIANCE,long,RELIANCE_spot_proxy,1h,-8.072883484180181,-390.54154746278755,1425.4,2.3014176236700865,rehedge
2026-04-29 15:00:00,stock,AXISBANK,long,AXISBANK_spot_proxy,1h,7.597579247459606,80.73737998097245,1296.4,0.19699003472813267,rehedge
2026-04-29 15:00:00,stock,INFY,long,INFY_spot_proxy,1h,3.9074818367390804,-58.06399897667074,1167.5,0.09123970088785753,rehedge
2026-04-30 09:00:00,index,NIFTY,long,spot_as_fut_proxy,1h,1497.1185822854086,457.51523946391,23880.2,715.0298233738404,rehedge
2026-04-30 09:00:00,stock,HDFCBANK,long,HDFCBANK_spot_proxy,1h,93.22843641572344,135.56029852129805,767.0,1.4301242146171977,rehedge
2026-04-30 09:00:00,stock,ICICIBANK,long,ICICIBANK_spot_proxy,1h,103.71565589801787,377.2007231375418,1261.5,2.616745998306991,rehedge
2026-04-30 09:00:00,stock,KOTAKBANK,short,KOTAKBANK_spot_proxy,1h,-31.013906979245974,21.63971920314578,378.9,2.35023387088726,rehedge
2026-04-30 09:00:00,stock,RELIANCE,long,RELIANCE_spot_proxy,1h,76.75781015048153,-313.783737312306,1401.1,2.1509073560367935,rehedge
2026-04-30 09:00:00,stock,AXISBANK,long,AXISBANK_spot_proxy,1h,164.3563011747828,245.09368115575526,1263.5,4.153283730686762,rehedge
2026-04-30 09:00:00,stock,INFY,long,INFY_spot_proxy,1h,-20.168721608879018,-78.23272058554976,1173.7,4.734405710468261,rehedge
2026-04-30 10:00:00,index,NIFTY,long,spot_as_fut_proxy,1h,278.2399514598701,735.7551909237801,23815.85,132.53041895951094,rehedge
2026-04-30 10:00:00,stock,HDFCBANK,long,HDFCBANK_spot_proxy,1h,9.280523837134865,144.84082235843292,765.9,0.14215906413723187,rehedge
2026-04-30 10:00:00,stock,ICICIBANK,long,ICICIBANK_spot_proxy,1h,-6.79021327701787,370.4105098605239,1262.8,1.7149362652436333,rehedge
2026-04-30 10:00:00,stock,KOTAKBANK,short,KOTAKBANK_spot_proxy,1h,25.690806983752346,47.330526186898126,381.5,0.19602085728603041,rehedge
2026-04-30 10:00:00,stock,RELIANCE,long,RELIANCE_spot_proxy,1h,6.094623903947536,-307.6891134083585,1398.8,0.17050319833683628,rehedge
2026-04-30 10:00:00,stock,AXISBANK,long,AXISBANK_spot_proxy,1h,8.638017790924266,253.73169894667953,1261.5,0.21793718886501925,rehedge
2026-04-30 10:00:00,stock,INFY,long,INFY_spot_proxy,1h,17.892788807018974,-60.33993177853078,1168.2,0.4180471176871914,rehedge
2026-04-30 10:00:00,stock,TCS,long,TCS_spot_proxy,1h,5.277212813971305,5.277212813971305,2454.1,0.2590161593353396,entry
2026-04-30 11:00:00,index,NIFTY,long,spot_as_fut_proxy,1h,-104.14771002225052,631.6074809015296,23842.55,496.6293967182018,rehedge
2026-04-30 11:00:00,stock,HDFCBANK,long,HDFCBANK_spot_proxy,1h,-6.895300425539773,137.94552193289314,767.0,1.0577390852778012,rehedge
2026-04-30 11:00:00,stock,ICICIBANK,long,ICICIBANK_spot_proxy,1h,-4.632618987895285,365.77789087262863,1263.6,1.1707554706208962,rehedge
2026-04-30 11:00:00,stock,KOTAKBANK,short,KOTAKBANK_spot_proxy,1h,-29.580170381883743,17.750355805014383,378.5,2.2392188979085996,rehedge
2026-04-30 11:00:00,stock,RELIANCE,long,RELIANCE_spot_proxy,1h,-27.377516370239675,-335.06662977859816,1406.2,7.699652703966207,rehedge
2026-04-30 11:00:00,stock,AXISBANK,long,AXISBANK_spot_proxy,1h,8.061266551872535,261.79296549855206,1259.5,0.20306330444166917,rehedge
2026-04-30 11:00:00,stock,INFY,long,INFY_spot_proxy,1h,-22.20733797052344,-82.54726974905422,1174.9,5.218280276313599,rehedge
2026-04-30 11:00:00,stock,TCS,long,TCS_spot_proxy,1h,1.1640718633943958,6.441284677365701,2452.8,0.05710470933067549,rehedge
2026-04-30 12:00:00,index,NIFTY,long,spot_as_fut_proxy,1h,-449.93946516857284,181.66801573295677,23936.85,2154.0266973640705,rehedge
2026-04-30 12:00:00,stock,HDFCBANK,long,HDFCBANK_spot_proxy,1h,-42.89973363976368,95.04578829312946,772.75,6.630153834025478,rehedge
2026-04-30 12:00:00,stock,ICICIBANK,long,ICICIBANK_spot_proxy,1h,-4.572716660674985,361.20517421195365,1265.8,1.1576289498164791,rehedge
2026-04-30 12:00:00,stock,KOTAKBANK,short,KOTAKBANK_spot_proxy,1h,28.84285070278059,46.593206507794974,381.4,0.22001326516081035,rehedge
2026-04-30 12:00:00,stock,RELIANCE,long,RELIANCE_spot_proxy,1h,-31.86908120338404,-366.9357109819822,1416.4,9.027873323294633,rehedge
2026-04-30 12:00:00,stock,AXISBANK,long,AXISBANK_spot_proxy,1h,-20.491797435894938,241.30116806265713,1264.9,5.1840149153327015,rehedge
2026-04-30 12:00:00,stock,INFY,long,INFY_spot_proxy,1h,-27.472006438975328,-110.01927618802955,1182.9,6.499327283332784,rehedge
2026-04-30 12:00:00,stock,TCS,long,TCS_spot_proxy,1h,-13.441638442473737,-7.000353765108036,2470.1,6.640438223350875,rehedge
2026-04-30 13:00:00,index,NIFTY,long,spot_as_fut_proxy,1h,-618.9368157777607,-437.2688000448039,24055.05,2977.711210074964,rehedge
2026-04-30 13:00:00,stock,HDFCBANK,long,HDFCBANK_spot_proxy,1h,-31.636081356168276,63.409706936961186,776.7,4.91434887786718,rehedge
2026-04-30 13:00:00,stock,ICICIBANK,long,ICICIBANK_spot_proxy,1h,-21.62030841459608,339.58486579735757,1270.0,5.4915583373074055,rehedge
2026-04-30 13:00:00,stock,KOTAKBANK,short,KOTAKBANK_spot_proxy,1h,15.445969612765872,62.039176120560846,383.0,0.11831612723378658,rehedge
2026-04-30 13:00:00,stock,RELIANCE,long,RELIANCE_spot_proxy,1h,-30.033441344293294,-396.9691523262755,1427.7,8.575748841449508,rehedge
2026-04-30 13:00:00,stock,AXISBANK,long,AXISBANK_spot_proxy,1h,-32.484063018035755,208.81710504462137,1272.8,8.269143081871182,rehedge
2026-04-30 13:00:00,stock,INFY,long,INFY_spot_proxy,1h,-15.727311899890765,-125.74658808792032,1187.1,3.7339783912720654,rehedge
2026-04-30 13:00:00,stock,TCS,long,TCS_spot_proxy,1h,-10.124710488379554,-17.12506425348759,2482.8,5.0275262401097525,rehedge
2026-04-30 14:00:00,index,NIFTY,long,spot_as_fut_proxy,1h,31.358775330156845,-405.9100247146471,24050.2,15.083696368906764,rehedge
2026-04-30 14:00:00,stock,HDFCBANK,long,HDFCBANK_spot_proxy,1h,19.810420246382776,83.22012718334396,774.2,0.30674454709499094,rehedge
2026-04-30 14:00:00,stock,ICICIBANK,long,ICICIBANK_spot_proxy,1h,26.966060098699813,366.5509258960574,1266.1,0.6828345738192766,rehedge
2026-04-30 14:00:00,stock,KOTAKBANK,short,KOTAKBANK_spot_proxy,1h,4.41588392984486,66.4550600504057,383.55,0.033874245625839926,rehedge
2026-04-30 14:00:00,stock,RELIANCE,long,RELIANCE_spot_proxy,1h,-9.351482880545802,-406.3206352068213,1430.0,2.6745241038360996,rehedge
2026-04-30 14:00:00,stock,AXISBANK,long,AXISBANK_spot_proxy,1h,-6.9875681105673095,201.82953693405406,1273.7,1.7800131004859168,rehedge
2026-04-30 14:00:00,stock,INFY,long,INFY_spot_proxy,1h,11.688301010206104,-114.05828707771421,1183.6,0.2766854615135989,rehedge
2026-04-30 14:00:00,stock,TCS,long,TCS_spot_proxy,1h,5.441996361921074,-11.683067891566516,2476.1,0.26949854383505545,rehedge
2026-04-30 15:00:00,index,NIFTY,long,spot_as_fut_proxy,1h,275.37519265946287,-130.53483205518418,23997.55,132.16659909210188,rehedge
2026-04-30 15:00:00,stock,HDFCBANK,long,HDFCBANK_spot_proxy,1h,20.732268351736224,103.95239553508019,771.7,0.3199818297406969,rehedge
2026-04-30 15:00:00,stock,ICICIBANK,long,ICICIBANK_spot_proxy,1h,5.3264636406150885,371.87738953667247,1263.4,0.1345890832710621,rehedge
2026-04-30 15:00:00,stock,KOTAKBANK,short,KOTAKBANK_spot_proxy,1h,-5.46692367644971,60.988136373955996,383.3,0.41909436903663483,rehedge
2026-04-30 15:00:00,stock,RELIANCE,long,RELIANCE_spot_proxy,1h,1.2912639157099193,-405.0293712911114,1430.8,0.03695080821195505,rehedge
2026-04-30 15:00:00,stock,AXISBANK,long,AXISBANK_spot_proxy,1h,27.423502855749973,229.25303978980403,1268.3,0.6956245734389539,rehedge
2026-04-30 15:00:00,stock,INFY,long,INFY_spot_proxy,1h,6.230864754533684,-107.82742232318053,1181.8,0.14727271933815816,rehedge
2026-04-30 15:00:00,stock,TCS,long,TCS_spot_proxy,1h,1.7700523799447634,-9.913015511621753,2473.9,0.08757865165490701,rehedge
2026-05-04 09:00:00,index,NIFTY,long,spot_as_fut_proxy,1h,-1687.186484055825,-1817.7213161110092,24246.2,8181.5721859428695,rehedge
2026-05-04 09:00:00,stock,HDFCBANK,long,HDFCBANK_spot_proxy,1h,-90.44415381859795,13.508241716482228,783.55,14.173503344912485,rehedge
2026-05-04 09:00:00,stock,ICICIBANK,long,ICICIBANK_spot_proxy,1h,-46.38619830071855,325.4911912359539,1277.5,11.851673665833589,rehedge
2026-05-04 09:00:00,stock,KOTAKBANK,short,KOTAKBANK_spot_proxy,1h,-91.13522345305213,-30.147087079096146,374.95,6.83423040674438,rehedge
2026-05-04 09:00:00,stock,RELIANCE,long,RELIANCE_spot_proxy,1h,-30.657032786975606,-435.686404078087,1441.8,8.840261974452286,rehedge
2026-05-04 09:00:00,stock,AXISBANK,long,AXISBANK_spot_proxy,1h,-57.5886917126754,171.66434807712864,1282.6,14.772651198135492,rehedge
2026-05-04 09:00:00,stock,INFY,long,INFY_spot_proxy,1h,-11.047253872619748,-118.87467619580028,1184.7,2.6175363325785237,rehedge
2026-05-04 09:00:00,stock,TCS,long,TCS_spot_proxy,1h,10.200701320135929,0.28768580851417647,2463.7,0.5026293568483777,rehedge
2026-05-04 10:00:00,index,NIFTY,long,spot_as_fut_proxy,1h,380.6593650219779,-1437.0619510890313,24187.25,184.14206453255673,rehedge
2026-05-04 10:00:00,index,NIFTY,long,spot_as_fut_proxy,1h,1437.0619510890313,0.0,24187.25,695.1715335295635,flatten
2026-05-04 10:00:00,stock,HDFCBANK,long,HDFCBANK_spot_proxy,1h,15.17601424460473,28.684255961086958,781.9,0.2373225107571288,rehedge
2026-05-04 10:00:00,stock,ICICIBANK,long,ICICIBANK_spot_proxy,1h,19.058178966151047,344.54937020210497,1274.2,0.48567863277339335,rehedge
2026-05-04 10:00:00,stock,KOTAKBANK,short,KOTAKBANK_spot_proxy,1h,-5.326504368081508,-35.473591447177654,374.7,0.39916823734402823,rehedge
2026-05-04 10:00:00,stock,RELIANCE,long,RELIANCE_spot_proxy,1h,-10.356522169755067,-446.04292624784205,1445.1,2.9932420375026094,rehedge
2026-05-04 10:00:00,stock,AXISBANK,long,AXISBANK_spot_proxy,1h,41.117458089863504,212.78180616699214,1274.6,1.0481662416268005,rehedge
2026-05-04 10:00:00,stock,INFY,long,INFY_spot_proxy,1h,19.518095634663936,-99.35658056113634,1179.1,0.460275731256645,rehedge
2026-05-04 10:00:00,stock,TCS,long,TCS_spot_proxy,1h,17.04861359206779,17.336299400581968,2444.1,0.8333703296074579,rehedge
2026-05-04 10:00:00,index,NIFTY,short,spot_as_fut_proxy,1h,-6.994390532609726,-6.994390532609726,24187.25,33.83501448197292,entry
2026-05-04 10:00:00,stock,BAJFINANCE,short,BAJFINANCE_spot_proxy,1h,3.5167461815349896,3.5167461815349896,955.8,0.06722612000622286,entry
2026-05-04 11:00:00,stock,HDFCBANK,long,HDFCBANK_spot_proxy,1h,-10.923904689604282,17.760351271482676,783.3,1.7113389086734068,rehedge
2026-05-04 11:00:00,stock,ICICIBANK,long,ICICIBANK_spot_proxy,1h,-4.502025064284851,340.0473451378201,1276.5,1.1493669989119224,rehedge
2026-05-04 11:00:00,stock,KOTAKBANK,short,KOTAKBANK_spot_proxy,1h,2.8680873074841315,-32.60550413969352,375.0,0.02151065480613099,rehedge
2026-05-04 11:00:00,stock,RELIANCE,long,RELIANCE_spot_proxy,1h,-8.86764451432009,-454.91057076216214,1450.7,2.572858379384831,rehedge
2026-05-04 11:00:00,stock,AXISBANK,long,AXISBANK_spot_proxy,1h,2.5279773884493864,215.30978355544153,1275.1,0.06446847936023625,rehedge
2026-05-04 11:00:00,stock,INFY,long,INFY_spot_proxy,1h,8.12006524587143,-91.23651531526491,1176.7,0.19109761549633827,rehedge
2026-05-04 11:00:00,stock,TCS,long,TCS_spot_proxy,1h,4.620065707651044,21.956365108233012,2438.1,0.2252836440364802,rehedge
2026-05-04 11:00:00,index,NIFTY,short,spot_as_fut_proxy,1h,19.879162686385598,12.884772153775874,24221.05,9.629883867701597,rehedge
2026-05-04 11:00:00,stock,BAJFINANCE,short,BAJFINANCE_spot_proxy,1h,12.648022432459085,16.164768613994074,964.75,0.24404359283429805,rehedge
2026-05-04 12:00:00,stock,HDFCBANK,long,HDFCBANK_spot_proxy,1h,54.6118459934772,72.37219726495988,776.85,0.8485042512006553,rehedge
2026-05-04 12:00:00,stock,ICICIBANK,long,ICICIBANK_spot_proxy,1h,18.521180542579827,358.56852568039994,1271.8,0.47110474828106047,rehedge
2026-05-04 12:00:00,stock,KOTAKBANK,short,KOTAKBANK_spot_proxy,1h,-37.148416773165906,-69.75392091285943,372.0,2.7638422079235436,rehedge
2026-05-04 12:00:00,stock,RELIANCE,long,RELIANCE_spot_proxy,1h,-10.218316823034513,-465.12888758519665,1461.0,2.9857921756906847,rehedge
2026-05-04 12:00:00,stock,AXISBANK,long,AXISBANK_spot_proxy,1h,35.569677556774764,250.8794611122163,1267.7,0.9018336047744675,rehedge
2026-05-04 12:00:00,stock,INFY,long,INFY_spot_proxy,1h,26.46937313626951,-64.7671421789954,1169.4,0.6190656989110714,rehedge
2026-05-04 12:00:00,stock,TCS,long,TCS_spot_proxy,1h,6.1520901593834765,28.10845526761649,2430.5,0.29905310264763085,rehedge
2026-05-04 12:00:00,index,NIFTY,short,spot_as_fut_proxy,1h,-67.24354276542871,-54.35877061165284,24103.8,324.1649812218681,rehedge
2026-05-04 12:00:00,stock,BAJFINANCE,short,BAJFINANCE_spot_proxy,1h,-21.227542630020988,-5.062774016026915,949.55,4.031322620867286,rehedge
2026-05-04 13:00:00,stock,HDFCBANK,long,HDFCBANK_spot_proxy,1h,18.87775541049936,91.24995267545924,774.7,0.29249194233027714,rehedge
2026-05-04 13:00:00,stock,ICICIBANK,long,ICICIBANK_spot_proxy,1h,6.727338093981018,365.29586377438096,1270.6,0.17095511564424565,rehedge
2026-05-04 13:00:00,stock,KOTAKBANK,short,KOTAKBANK_spot_proxy,1h,-7.10640422364358,-76.86032513650301,371.5,0.528005833816718,rehedge
2026-05-04 13:00:00,stock,RELIANCE,long,RELIANCE_spot_proxy,1h,0.8258393773371608,-464.3030482078595,1461.0,0.02413102660579184,rehedge
2026-05-04 13:00:00,stock,AXISBANK,long,AXISBANK_spot_proxy,1h,-12.10976013640203,238.76970097581426,1270.1,3.0761212698488434,rehedge
2026-05-04 13:00:00,stock,INFY,long,INFY_spot_proxy,1h,6.555458464332169,-58.21168371466323,1167.6,0.1530830660590848,rehedge
2026-05-04 13:00:00,stock,TCS,long,TCS_spot_proxy,1h,2.022572874221929,30.131028141838417,2429.0,0.09825659022970132,rehedge
2026-05-04 13:00:00,index,NIFTY,short,spot_as_fut_proxy,1h,-18.810504982126837,-73.16927559377967,24072.25,90.56223571120056,rehedge
2026-05-04 13:00:00,stock,BAJFINANCE,short,BAJFINANCE_spot_proxy,1h,-3.356989841257943,-8.419763857284858,947.1,0.6358810157310796,rehedge
2026-05-04 14:00:00,stock,HDFCBANK,long,HDFCBANK_spot_proxy,1h,7.271509566457155,98.5214622419164,774.0,0.11256296808875677,rehedge
2026-05-04 14:00:00,stock,ICICIBANK,long,ICICIBANK_spot_proxy,1h,12.035368220642283,377.33123199502324,1269.9,0.3056742820678728,rehedge
2026-05-04 14:00:00,stock,KOTAKBANK,short,KOTAKBANK_spot_proxy,1h,-3.852073919896739,-80.71239905639975,371.15,0.2859394470739349,rehedge
2026-05-04 14:00:00,stock,RELIANCE,long,RELIANCE_spot_proxy,1h,-3.7792355357483416,-468.08228374360783,1459.5,1.103158852884941,rehedge
2026-05-04 14:00:00,stock,AXISBANK,long,AXISBANK_spot_proxy,1h,-12.154591967965416,226.61510900784884,1272.8,3.094072931365276,rehedge
2026-05-04 14:00:00,stock,INFY,long,INFY_spot_proxy,1h,-4.371678093076774,-62.583361807740005,1168.6,1.0217486039139037,rehedge
2026-05-04 14:00:00,stock,TCS,long,TCS_spot_proxy,1h,-3.8908568015691714,26.240171340269246,2433.5,1.8936800053237157,rehedge
2026-05-04 14:00:00,index,NIFTY,short,spot_as_fut_proxy,1h,8.762247198439468,-64.4070283953402,24089.25,4.2215192665001595,rehedge
2026-05-04 14:00:00,stock,BAJFINANCE,short,BAJFINANCE_spot_proxy,1h,3.7033083878162536,-4.716455469468604,949.7,0.07034063951818192,rehedge
2026-05-04 15:00:00,stock,HDFCBANK,long,HDFCBANK_spot_proxy,1h,-46.00427546820547,52.517186773710925,779.4,7.171146459983869,rehedge
2026-05-04 15:00:00,stock,ICICIBANK,long,ICICIBANK_spot_proxy,1h,-1.9291639768278515,375.4020680181954,1270.8,0.49031631635056677,rehedge
2026-05-04 15:00:00,stock,KOTAKBANK,short,KOTAKBANK_spot_proxy,1h,3.9218863354837055,-76.79051272091604,371.65,0.029151381131650386,rehedge
2026-05-04 15:00:00,stock,RELIANCE,long,RELIANCE_spot_proxy,1h,-1.2985844907938713,-469.3808682344017,1463.1,0.37999179369610264,rehedge
2026-05-04 15:00:00,stock,AXISBANK,long,AXISBANK_spot_proxy,1h,-5.807877856186366,220.80723115166248,1275.1,1.481125010884647,rehedge
2026-05-04 15:00:00,stock,INFY,long,INFY_spot_proxy,1h,0.7863465294704497,-61.797015278269555,1168.4,0.01837534570066547,rehedge
2026-05-04 15:00:00,stock,TCS,long,TCS_spot_proxy,1h,1.8921115362307788,28.132282876500025,2431.3,0.09200581556075786,rehedge
2026-05-04 15:00:00,index,NIFTY,short,spot_as_fut_proxy,1h,11.692415323403033,-52.71461307193717,24119.3,5.640257458195095,rehedge
2026-05-04 15:00:00,stock,BAJFINANCE,short,BAJFINANCE_spot_proxy,1h,0.7070534999790086,-4.009401969489596,950.2,0.01343684471360108,rehedge
2026-05-05 09:00:00,stock,HDFCBANK,long,HDFCBANK_spot_proxy,1h,60.788166046525795,113.30535282023672,772.85,0.9396026825811493,rehedge
2026-05-05 09:00:00,stock,ICICIBANK,long,ICICIBANK_spot_proxy,1h,85.96758416334598,461.36965218154137,1255.9,2.1593337790149247,rehedge
2026-05-05 09:00:00,stock,KOTAKBANK,short,KOTAKBANK_spot_proxy,1h,-20.492582198710977,-97.28309491962702,370.2,1.5172707859925607,rehedge
2026-05-05 09:00:00,stock,RELIANCE,long,RELIANCE_spot_proxy,1h,-4.134510501077614,-473.5153787354793,1467.5,1.2134788320662797,rehedge
2026-05-05 09:00:00,stock,AXISBANK,long,AXISBANK_spot_proxy,1h,28.814628722498014,249.6218598741605,1269.8,0.7317763110365596,rehedge
2026-05-05 09:00:00,stock,INFY,long,INFY_spot_proxy,1h,-22.833821765130935,-84.63083704340049,1174.4,5.363208056193955,rehedge
2026-05-05 09:00:00,stock,TCS,long,TCS_spot_proxy,1h,-13.350206250718559,14.782076625781466,2448.6,6.537863005101893,rehedge
2026-05-05 09:00:00,index,NIFTY,short,spot_as_fut_proxy,1h,-77.17616287301331,-129.8907759449505,24043.05,371.11006855280056,rehedge
2026-05-05 09:00:00,stock,BAJFINANCE,short,BAJFINANCE_spot_proxy,1h,-17.248852610784773,-21.258254580274368,937.65,3.2346773301004683,rehedge
2026-05-05 09:00:00,stock,BAJFINANCE,short,BAJFINANCE_spot_proxy,1h,21.258254580274368,0.0,937.65,0.3986560481438852,flatten
2026-05-05 10:00:00,stock,HDFCBANK,long,HDFCBANK_spot_proxy,1h,51.81668601613737,165.1220388363741,766.85,0.7947125134294989,rehedge
2026-05-05 10:00:00,stock,ICICIBANK,long,ICICIBANK_spot_proxy,1h,16.109569385794543,477.4792215673359,1251.0,0.4030614260325795,rehedge
2026-05-05 10:00:00,stock,KOTAKBANK,short,KOTAKBANK_spot_proxy,1h,55.83073463802447,-41.45236028160255,374.65,0.4183396946427173,rehedge
2026-05-05 10:00:00,stock,RELIANCE,long,RELIANCE_spot_proxy,1h,15.59130429601828,-457.92407443946104,1452.8,0.45302093762510715,rehedge
2026-05-05 10:00:00,stock,AXISBANK,long,AXISBANK_spot_proxy,1h,41.19555650979132,290.8174163839518,1261.4,1.0392814996290156,rehedge
2026-05-05 10:00:00,stock,INFY,long,INFY_spot_proxy,1h,-1.4012335029371457,-86.03207054633764,1174.6,0.32917777450999425,rehedge
2026-05-05 10:00:00,stock,TCS,long,TCS_spot_proxy,1h,7.055044640880814,21.83712126666228,2440.3,0.34432850874282905,rehedge
2026-05-05 10:00:00,index,NIFTY,short,spot_as_fut_proxy,1h,-84.14537260325832,-214.0361485482088,23925.95,402.6515955273857,rehedge
2026-05-05 11:00:00,stock,HDFCBANK,long,HDFCBANK_spot_proxy,1h,11.984546138349458,177.10658497472355,765.5,0.18348340137813024,rehedge
2026-05-05 11:00:00,stock,ICICIBANK,long,ICICIBANK_spot_proxy,1h,21.317919364153283,498.7971409314892,1247.7,0.5319673598130811,rehedge
2026-05-05 11:00:00,stock,KOTAKBANK,short,KOTAKBANK_spot_proxy,1h,-18.957614021726066,-60.40997430332862,373.25,1.415185886721851,rehedge
2026-05-05 11:00:00,stock,RELIANCE,long,RELIANCE_spot_proxy,1h,-4.158672760181901,-462.08274719964294,1454.1,1.2094252121161002,rehedge
2026-05-05 11:00:00,stock,AXISBANK,long,AXISBANK_spot_proxy,1h,8.308735133719892,299.1261515176717,1260.9,0.2095296826021483,rehedge
2026-05-05 11:00:00,stock,INFY,long,INFY_spot_proxy,1h,6.957811670873355,-79.07425887546428,1172.8,0.16320243055200542,rehedge
2026-05-05 11:00:00,stock,TCS,long,TCS_spot_proxy,1h,4.9023048612807365,26.739426127943016,2434.7,0.23871283291520418,rehedge
2026-05-05 11:00:00,index,NIFTY,short,spot_as_fut_proxy,1h,-26.975127249645084,-241.0112757978539,23888.95,128.8814932220818,rehedge
2026-05-05 12:00:00,stock,HDFCBANK,long,HDFCBANK_spot_proxy,1h,-38.772046856587764,138.33453811813578,770.35,5.973609259194477,rehedge
2026-05-05 12:00:00,stock,ICICIBANK,long,ICICIBANK_spot_proxy,1h,-23.6237098497935,475.1734310816957,1253.5,5.9224640593432305,rehedge
2026-05-05 12:00:00,stock,KOTAKBANK,short,KOTAKBANK_spot_proxy,1h,-4.611473368935897,-65.02144767226451,372.95,0.34396979858892857,rehedge
2026-05-05 12:00:00,stock,RELIANCE,long,RELIANCE_spot_proxy,1h,-9.700989500369587,-471.7837367000125,1465.3,2.8429719829783116,rehedge
2026-05-05 12:00:00,stock,AXISBANK,long,AXISBANK_spot_proxy,1h,-34.25582402129032,264.8703274963814,1267.9,8.6865918553188,rehedge
2026-05-05 12:00:00,stock,INFY,long,INFY_spot_proxy,1h,4.381227253653705,-74.69303162181058,1171.5,0.10265215455310633,rehedge
2026-05-05 12:00:00,stock,TCS,long,TCS_spot_proxy,1h,7.99652031885687,34.735946446799886,2426.5,0.38807113107412394,rehedge
2026-05-05 12:00:00,index,NIFTY,short,spot_as_fut_proxy,1h,78.42104087290375,-162.59023492495015,24011.9,37.660763826721556,rehedge
2026-05-05 13:00:00,stock,HDFCBANK,long,HDFCBANK_spot_proxy,1h,-33.726073933400016,104.60846418473577,774.25,5.222482548586992,rehedge
2026-05-05 13:00:00,stock,ICICIBANK,long,ICICIBANK_spot_proxy,1h,2.3932744077757775,477.5667054894715,1253.9,0.06001853559820096,rehedge
2026-05-05 13:00:00,stock,KOTAKBANK,short,KOTAKBANK_spot_proxy,1h,2.566476655639846,-62.45497101662467,373.2,0.019156181757695814,rehedge
2026-05-05 13:00:00,stock,RELIANCE,long,RELIANCE_spot_proxy,1h,-0.5528692628021759,-472.3366059628147,1463.1,0.1617806036811727,rehedge
2026-05-05 13:00:00,stock,AXISBANK,long,AXISBANK_spot_proxy,1h,12.012621650998142,276.8829491473795,1266.5,0.30427970641978297,rehedge
2026-05-05 13:00:00,stock,INFY,long,INFY_spot_proxy,1h,0.14435868235320015,-74.54867293945738,1171.4,0.0033820352101707734,rehedge
2026-05-05 13:00:00,stock,TCS,long,TCS_spot_proxy,1h,4.053689949522088,38.789636396321974,2421.8,0.1963445263950519,rehedge
2026-05-05 13:00:00,index,NIFTY,short,spot_as_fut_proxy,1h,18.64643515024744,-143.9437997747027,24038.1,8.964497455703262,rehedge
2026-05-05 14:00:00,stock,HDFCBANK,long,HDFCBANK_spot_proxy,1h,11.641306060131598,116.24977024486736,773.05,0.17998623299569463,rehedge
2026-05-05 14:00:00,stock,ICICIBANK,long,ICICIBANK_spot_proxy,1h,9.463618195013908,487.0303236844854,1252.3,0.23702578131231833,rehedge
2026-05-05 14:00:00,stock,KOTAKBANK,short,KOTAKBANK_spot_proxy,1h,-16.86643400244894,-79.32140501907361,371.8,1.2541880324221033,rehedge
2026-05-05 14:00:00,stock,RELIANCE,long,RELIANCE_spot_proxy,1h,1.8276608344381202,-470.5089451283766,1460.3,0.05337866233059974,rehedge
2026-05-05 14:00:00,stock,AXISBANK,long,AXISBANK_spot_proxy,1h,23.002614291839393,299.8855634392189,1261.4,0.5803099533545243,rehedge
2026-05-05 14:00:00,stock,INFY,long,INFY_spot_proxy,1h,-9.310283823429003,-83.85895676288638,1173.7,2.1854960247117243,rehedge
2026-05-05 14:00:00,stock,TCS,long,TCS_spot_proxy,1h,1.2285717053787266,40.0182081017007,2420.9,0.05948498483102719,rehedge
2026-05-05 14:00:00,index,NIFTY,short,spot_as_fut_proxy,1h,-26.356194037931573,-170.29999381263428,24010.8,126.56666076119349,rehedge
2026-05-05 15:00:00,stock,HDFCBANK,long,HDFCBANK_spot_proxy,1h,9.03043308978718,125.28020333465454,772.3,0.1394840695048528,rehedge
2026-05-05 15:00:00,stock,ICICIBANK,long,ICICIBANK_spot_proxy,1h,5.596813924941841,492.6271376094272,1251.3,0.14006586528559453,rehedge
2026-05-05 15:00:00,stock,KOTAKBANK,short,KOTAKBANK_spot_proxy,1h,-6.977184977864482,-86.29858999693809,371.35,0.5181955283059951,rehedge
2026-05-05 15:00:00,stock,RELIANCE,long,RELIANCE_spot_proxy,1h,-3.2089525813045157,-473.7178977096811,1463.6,0.9393245995994578,rehedge
2026-05-05 15:00:00,stock,AXISBANK,long,AXISBANK_spot_proxy,1h,10.361618171222517,310.24718161044143,1259.7,0.26105060820578013,rehedge
2026-05-05 15:00:00,stock,INFY,long,INFY_spot_proxy,1h,-16.861376165250775,-100.72033292813715,1178.1,3.9728774520563874,rehedge
2026-05-05 15:00:00,stock,TCS,long,TCS_spot_proxy,1h,-5.4201410248942,34.5980670768065,2427.3,2.6312616619451386,rehedge
2026-05-05 15:00:00,index,NIFTY,short,spot_as_fut_proxy,1h,12.712806785831589,-157.5871870268027,24032.8,6.110486858450669,rehedge
2026-05-06 09:00:00,stock,HDFCBANK,long,HDFCBANK_spot_proxy,1h,-38.61979838411335,86.66040495054119,776.95,6.001130470907374,rehedge
2026-05-06 09:00:00,stock,ICICIBANK,long,ICICIBANK_spot_proxy,1h,-10.769250906405432,481.8578867030218,1257.3,2.70803583292471,rehedge
2026-05-06 09:00:00,stock,KOTAKBANK,short,KOTAKBANK_spot_proxy,1h,15.302131351330644,-70.99645864560745,373.0,0.11415389988092661,rehedge
2026-05-06 09:00:00,stock,RELIANCE,long,RELIANCE_spot_proxy,1h,-3.3478377321810626,-477.06573544186216,1461.8,0.9787738393804556,rehedge
2026-05-06 09:00:00,stock,AXISBANK,long,AXISBANK_spot_proxy,1h,-27.953289068684114,282.2938925417573,1267.1,7.083922515785929,rehedge
2026-05-06 09:00:00,stock,INFY,long,INFY_spot_proxy,1h,3.6101119131932933,-97.11022101494386,1177.0,0.08498203443657013,rehedge
2026-05-06 09:00:00,stock,TCS,long,TCS_spot_proxy,1h,-19.088095086812203,15.509971989994298,2449.5,9.351257783029299,rehedge
2026-05-06 09:00:00,index,NIFTY,short,spot_as_fut_proxy,1h,86.83799028328673,-70.74919674351597,24140.3,41.92590273671254,rehedge
2026-05-06 10:00:00,stock,HDFCBANK,long,HDFCBANK_spot_proxy,1h,-5.159628839202242,81.50077611133895,777.5,0.8023222844959487,rehedge
2026-05-06 10:00:00,stock,ICICIBANK,long,ICICIBANK_spot_proxy,1h,-10.353061099671606,471.5048256033502,1260.5,2.6100067032272123,rehedge
2026-05-06 10:00:00,stock,KOTAKBANK,short,KOTAKBANK_spot_proxy,1h,-8.225088148711635,-79.22154679431908,372.35,0.6125223144345555,rehedge
2026-05-06 10:00:00,stock,RELIANCE,long,RELIANCE_spot_proxy,1h,18.836906797311542,-458.2288286445506,1445.2,0.5444619540694929,rehedge
2026-05-06 10:00:00,stock,AXISBANK,long,AXISBANK_spot_proxy,1h,6.518267835067945,288.81216037682526,1265.9,0.16502950504825026,rehedge
2026-05-06 10:00:00,stock,INFY,long,INFY_spot_proxy,1h,10.378197696130897,-86.73202331881296,1174.2,0.24372159469593802,rehedge
2026-05-06 10:00:00,stock,TCS,long,TCS_spot_proxy,1h,14.797865813348082,30.30783780334238,2432.0,0.7197681931612507,rehedge
2026-05-06 10:00:00,index,NIFTY,short,spot_as_fut_proxy,1h,-41.20129154392866,-111.95048828744463,24095.75,198.55520414392382,rehedge
2026-05-06 11:00:00,stock,HDFCBANK,long,HDFCBANK_spot_proxy,1h,13.666551057028073,95.16732716836702,776.1,0.21213220550718978,rehedge
2026-05-06 11:00:00,stock,ICICIBANK,long,ICICIBANK_spot_proxy,1h,13.068365837721672,484.57319144107186,1257.2,0.32859099062367375,rehedge
2026-05-06 11:00:00,stock,KOTAKBANK,short,KOTAKBANK_spot_proxy,1h,-17.628509679534304,-96.85005647385339,371.0,1.3080354182214453,rehedge
2026-05-06 11:00:00,stock,RELIANCE,long,RELIANCE_spot_proxy,1h,-1.7949563650481082,-460.0237850095987,1445.7,0.5189936833900101,rehedge
2026-05-06 11:00:00,stock,AXISBANK,long,AXISBANK_spot_proxy,1h,28.300929436277784,317.11308981310304,1260.5,0.713466431088563,rehedge
2026-05-06 11:00:00,stock,INFY,long,INFY_spot_proxy,1h,0.17226192848208655,-86.55976139033088,1174.0,0.004044710080759392,rehedge
2026-05-06 11:00:00,stock,TCS,long,TCS_spot_proxy,1h,6.6647444552178925,36.97258225856027,2425.9,0.32336007147826173,rehedge
2026-05-06 11:00:00,index,NIFTY,short,spot_as_fut_proxy,1h,-1.2802980867403306,-113.23078637418496,24097.35,6.170358220102422,rehedge
2026-05-06 12:00:00,stock,HDFCBANK,long,HDFCBANK_spot_proxy,1h,-2.0623356149566234,93.1049915534104,776.2,0.3201569808658663,rehedge
2026-05-06 12:00:00,stock,ICICIBANK,long,ICICIBANK_spot_proxy,1h,5.751087044544249,490.3242784856161,1254.3,0.14427176959943705,rehedge
2026-05-06 12:00:00,stock,KOTAKBANK,short,KOTAKBANK_spot_proxy,1h,-35.12076517532225,-131.97082164917563,368.1,2.5855907322072245,rehedge
2026-05-06 12:00:00,stock,RELIANCE,long,RELIANCE_spot_proxy,1h,31.72002061894341,-428.3037643906553,1432.8,0.9089689108564423,rehedge
2026-05-06 12:00:00,stock,AXISBANK,long,AXISBANK_spot_proxy,1h,20.337261244959848,337.4503510580629,1256.1,0.5109126769958813,rehedge
2026-05-06 12:00:00,stock,INFY,long,INFY_spot_proxy,1h,22.599911557526113,-63.959849832804764,1168.5,0.5281599330993852,rehedge
2026-05-06 12:00:00,stock,TCS,long,TCS_spot_proxy,1h,8.37970538286941,45.35228764142968,2414.4,0.4046392135279981,rehedge
2026-05-06 12:00:00,index,NIFTY,short,spot_as_fut_proxy,1h,-54.654189906308545,-167.8849762804935,24023.1,262.5926139076482,rehedge
2026-05-06 13:00:00,stock,HDFCBANK,long,HDFCBANK_spot_proxy,1h,-35.3023703932046,57.8026211602058,780.0,5.507169781339917,rehedge
2026-05-06 13:00:00,stock,ICICIBANK,long,ICICIBANK_spot_proxy,1h,-15.550822726858826,474.7734557587573,1259.5,3.9172522448957383,rehedge
2026-05-06 13:00:00,stock,KOTAKBANK,short,KOTAKBANK_spot_proxy,1h,3.484082767874753,-128.48673888130088,368.55,0.025681174082004807,rehedge
2026-05-06 13:00:00,stock,RELIANCE,long,RELIANCE_spot_proxy,1h,-3.490247832879561,-431.7940122235349,1434.9,1.0016313230797764,rehedge
2026-05-06 13:00:00,stock,AXISBANK,long,AXISBANK_spot_proxy,1h,-99.89896019269335,237.55139086536954,1276.1,25.496212620379197,rehedge
2026-05-06 13:00:00,stock,INFY,long,INFY_spot_proxy,1h,11.84893016741313,-52.110919665391634,1165.7,0.2762459579230698,rehedge
2026-05-06 13:00:00,stock,TCS,long,TCS_spot_proxy,1h,1.883687878416339,47.23597551984602,2412.4,0.09088417275783153,rehedge
2026-05-06 13:00:00,index,NIFTY,short,spot_as_fut_proxy,1h,65.03370854119571,-102.8512677392978,24106.95,31.35528720234356,rehedge
2026-05-06 14:00:00,stock,HDFCBANK,long,HDFCBANK_spot_proxy,1h,-182.15775490261603,-124.35513374241022,798.0,29.07237768245752,rehedge
2026-05-06 14:00:00,stock,ICICIBANK,long,ICICIBANK_spot_proxy,1h,-117.48832709959248,357.2851286591648,1280.4,30.086410803663643,rehedge
2026-05-06 14:00:00,stock,KOTAKBANK,short,KOTAKBANK_spot_proxy,1h,89.97277292126674,-38.513965960034135,375.35,0.6754256063199495,rehedge
2026-05-06 14:00:00,stock,RELIANCE,long,RELIANCE_spot_proxy,1h,-16.855373950789613,-448.6493861743245,1442.7,4.863449599760835,rehedge
2026-05-06 14:00:00,stock,AXISBANK,long,AXISBANK_spot_proxy,1h,-92.56579396710816,144.98559689826138,1291.4,23.9078932658247,rehedge
2026-05-06 14:00:00,stock,INFY,long,INFY_spot_proxy,1h,-15.226833741758654,-67.33775340715029,1169.3,3.5609473388476784,rehedge
2026-05-06 14:00:00,stock,TCS,long,TCS_spot_proxy,1h,-17.156039849721342,30.07993567012468,2433.1,8.3484721116714,rehedge
2026-05-06 14:00:00,index,NIFTY,short,spot_as_fut_proxy,1h,225.5851611431211,122.7338934038233,24348.25,109.85207799605998,rehedge
2026-05-06 15:00:00,stock,HDFCBANK,long,HDFCBANK_spot_proxy,1h,16.067586767905922,-108.2875469745043,796.55,0.2559727247995093,rehedge
2026-05-06 15:00:00,stock,ICICIBANK,long,ICICIBANK_spot_proxy,1h,7.700259528837819,364.9853881880026,1279.5,0.19704964134295977,rehedge
2026-05-06 15:00:00,stock,KOTAKBANK,short,KOTAKBANK_spot_proxy,1h,17.72401390912317,-20.789952050910966,376.6,0.13349727276351572,rehedge
2026-05-06 15:00:00,stock,RELIANCE,long,RELIANCE_spot_proxy,1h,6.619763369205771,-442.0296228051187,1437.9,0.1903711549716196,rehedge
2026-05-06 15:00:00,stock,AXISBANK,long,AXISBANK_spot_proxy,1h,-20.45503218095243,124.53056471730895,1294.2,5.294580529717727,rehedge
2026-05-06 15:00:00,stock,INFY,long,INFY_spot_proxy,1h,8.434769823687112,-58.902983583463175,1167.2,0.19690126676415196,rehedge
2026-05-06 15:00:00,stock,TCS,long,TCS_spot_proxy,1h,-1.388308985805054,28.691626684319626,2435.4,0.6762175408059258,rehedge
2026-05-06 15:00:00,index,NIFTY,short,spot_as_fut_proxy,1h,-14.137951912300494,108.59594149152281,24330.95,68.79796021611754,rehedge
2026-05-07 09:00:00,stock,HDFCBANK,long,HDFCBANK_spot_proxy,1h,25.169335551828652,-83.11821142267564,793.95,0.39966387922748725,rehedge
2026-05-07 09:00:00,stock,ICICIBANK,long,ICICIBANK_spot_proxy,1h,-44.91259265209317,320.07279553590945,1287.3,11.563196104207908,rehedge
2026-05-07 09:00:00,stock,KOTAKBANK,short,KOTAKBANK_spot_proxy,1h,-0.11741946060879016,-20.907371511519756,376.7,0.00884638216226625,rehedge
2026-05-07 09:00:00,stock,RELIANCE,long,RELIANCE_spot_proxy,1h,-11.886032449762581,-453.9156552548813,1444.4,3.4336370540874146,rehedge
2026-05-07 09:00:00,stock,AXISBANK,long,AXISBANK_spot_proxy,1h,-53.22193815420252,71.30862656310643,1303.1,13.870701521748261,rehedge
2026-05-07 09:00:00,stock,INFY,long,INFY_spot_proxy,1h,-1.090208040449994,-59.99319162391317,1167.6,0.2545853816058826,rehedge
2026-05-07 09:00:00,stock,TCS,long,TCS_spot_proxy,1h,18.24702062910327,46.9386473134229,2414.6,0.8811851202206553,rehedge
2026-05-07 09:00:00,index,NIFTY,short,spot_as_fut_proxy,1h,15.784036692013899,124.3799781835367,24342.95,7.684600319837196,rehedge
2026-05-07 10:00:00,stock,HDFCBANK,long,HDFCBANK_spot_proxy,1h,31.05658006570679,-52.06163135696885,790.95,0.4912840400594157,rehedge
2026-05-07 10:00:00,stock,ICICIBANK,long,ICICIBANK_spot_proxy,1h,-20.799985784086914,299.27280975182254,1290.1,5.366812332010106,rehedge
2026-05-07 10:00:00,stock,KOTAKBANK,short,KOTAKBANK_spot_proxy,1h,45.78922404322681,24.88185253170705,379.65,0.3476775781602212,rehedge
2026-05-07 10:00:00,stock,RELIANCE,long,RELIANCE_spot_proxy,1h,13.78787020245386,-440.12778505242744,1437.0,0.396263389618524,rehedge
2026-05-07 10:00:00,stock,AXISBANK,long,AXISBANK_spot_proxy,1h,18.337711154360818,89.64633771746725,1300.6,0.4770005425472336,rehedge
2026-05-07 10:00:00,stock,INFY,long,INFY_spot_proxy,1h,3.7623687196413798,-56.23082290427179,1166.7,0.08779111170411197,rehedge
2026-05-07 10:00:00,stock,TCS,long,TCS_spot_proxy,1h,1.5566042518914003,48.4952515653143,2412.5,0.07510615515376007,rehedge
2026-05-07 10:00:00,index,NIFTY,short,spot_as_fut_proxy,1h,-0.6875907107938986,123.69238747274281,24340.85,3.347308470565533,rehedge
2026-05-07 11:00:00,stock,HDFCBANK,long,HDFCBANK_spot_proxy,1h,-7.693539659193114,-59.75517101616197,791.75,1.2182720050332296,rehedge
2026-05-07 11:00:00,stock,ICICIBANK,long,ICICIBANK_spot_proxy,1h,19.488308555425135,318.76111830724767,1286.9,0.5015900855995322,rehedge
2026-05-07 11:00:00,stock,KOTAKBANK,short,KOTAKBANK_spot_proxy,1h,-0.8601082242678757,24.021744307439175,379.6,0.06529941638641713,rehedge
2026-05-07 11:00:00,stock,RELIANCE,long,RELIANCE_spot_proxy,1h,-5.428823624117001,-445.55660867654444,1438.9,1.562306862548391,rehedge
2026-05-07 11:00:00,stock,AXISBANK,long,AXISBANK_spot_proxy,1h,74.5294248943776,164.17576261184485,1289.3,1.921815750326421,rehedge
2026-05-07 11:00:00,stock,INFY,long,INFY_spot_proxy,1h,2.787194739977302,-53.44362816429449,1166.1,0.06500295572575064,rehedge
2026-05-07 11:00:00,stock,TCS,long,TCS_spot_proxy,1h,6.690417999504966,55.185669564819264,2406.2,0.321969675808177,rehedge
2026-05-07 11:00:00,index,NIFTY,short,spot_as_fut_proxy,1h,-1.3803471616784861,122.31204031106432,24340.55,6.719681821238656,rehedge
2026-05-07 12:00:00,stock,HDFCBANK,long,HDFCBANK_spot_proxy,1h,-43.61195732181578,-103.36712833797775,796.0,6.943023605633072,rehedge
2026-05-07 12:00:00,stock,ICICIBANK,long,ICICIBANK_spot_proxy,1h,17.28541921302582,336.0465375202735,1284.6,0.4440969904210593,rehedge
2026-05-07 12:00:00,stock,KOTAKBANK,short,KOTAKBANK_spot_proxy,1h,17.808766719058713,41.83051102649789,380.75,0.13561375856563213,rehedge
2026-05-07 12:00:00,stock,RELIANCE,long,RELIANCE_spot_proxy,1h,-9.36995475200456,-454.926563428549,1442.0,2.702294950478115,rehedge
2026-05-07 12:00:00,stock,AXISBANK,long,AXISBANK_spot_proxy,1h,-1.073752560368007,163.10201005147684,1289.3,0.2768778352164943,rehedge
2026-05-07 12:00:00,stock,INFY,long,INFY_spot_proxy,1h,-17.34977793065753,-70.79340609495202,1170.1,4.0601950313324755,rehedge
2026-05-07 12:00:00,stock,TCS,long,TCS_spot_proxy,1h,-6.232322648361915,48.95334691645735,2411.9,3.006347799116821,rehedge
2026-05-07 12:00:00,index,NIFTY,short,spot_as_fut_proxy,1h,46.602797019128786,168.9148373301931,24388.25,22.731213288035352,rehedge
2026-05-07 13:00:00,stock,HDFCBANK,long,HDFCBANK_spot_proxy,1h,-4.6957635690471875,-108.06289190702493,796.45,0.7479881789135265,rehedge
2026-05-07 13:00:00,stock,ICICIBANK,long,ICICIBANK_spot_proxy,1h,13.031348778689619,349.0778862989631,1282.8,0.33433228426606093,rehedge
2026-05-07 13:00:00,stock,KOTAKBANK,short,KOTAKBANK_spot_proxy,1h,-9.260482466343106,32.57002856015478,380.15,0.7040744819160663,rehedge
2026-05-07 13:00:00,stock,RELIANCE,long,RELIANCE_spot_proxy,1h,3.4578636624374326,-451.46869976611157,1440.3,0.09960722066017269,rehedge
2026-05-07 13:00:00,stock,AXISBANK,long,AXISBANK_spot_proxy,1h,23.410092916259657,186.5121029677365,1285.5,0.6018734888770358,rehedge
2026-05-07 13:00:00,stock,INFY,long,INFY_spot_proxy,1h,2.0526314619689714,-68.74077463298305,1169.6,0.048015155158378175,rehedge
2026-05-07 13:00:00,stock,TCS,long,TCS_spot_proxy,1h,4.4373295618895625,53.39067647834691,2409.1,0.2137994129509629,rehedge
2026-05-07 13:00:00,index,NIFTY,short,spot_as_fut_proxy,1h,-17.988830969494444,150.92600636069866,24368.65,87.67270516095417,rehedge
2026-05-07 14:00:00,stock,HDFCBANK,long,HDFCBANK_spot_proxy,1h,-5.127272885378005,-113.19016479240294,796.85,0.8171334797426928,rehedge
2026-05-07 14:00:00,stock,ICICIBANK,long,ICICIBANK_spot_proxy,1h,14.493603951363184,363.5714902503263,1281.2,0.37138410764973023,rehedge
2026-05-07 14:00:00,stock,KOTAKBANK,short,KOTAKBANK_spot_proxy,1h,-3.797057727600837,28.772970832553945,379.9,0.2885004461431116,rehedge
2026-05-07 14:00:00,stock,RELIANCE,long,RELIANCE_spot_proxy,1h,6.056505150546627,-445.41219461556494,1436.1,0.17395494093400024,rehedge
2026-05-07 14:00:00,stock,AXISBANK,long,AXISBANK_spot_proxy,1h,-68.24315658673503,118.26894638100147,1296.3,17.69272077667692,rehedge
2026-05-07 14:00:00,stock,INFY,long,INFY_spot_proxy,1h,21.63199700377352,-47.10877762920953,1164.5,0.5038092102178853,rehedge
2026-05-07 14:00:00,stock,TCS,long,TCS_spot_proxy,1h,4.397677749746023,57.788354228092935,2402.2,0.21128202980879796,rehedge
2026-05-07 14:00:00,index,NIFTY,short,spot_as_fut_proxy,1h,-11.671110038296575,139.2548963224021,24352.65,56.84449157482463,rehedge
2026-05-07 14:00:00,index,NIFTY,short,spot_as_fut_proxy,1h,-139.2548963224021,0.0,24352.65,678.2451501851491,flatten
2026-05-07 15:00:00,stock,HDFCBANK,long,HDFCBANK_spot_proxy,1h,8.182517178078115,-105.00764761432482,796.05,0.13027385599218166,rehedge
2026-05-07 15:00:00,stock,ICICIBANK,long,ICICIBANK_spot_proxy,1h,21.541935265544566,385.11342551587086,1279.0,0.55104270409263,rehedge
2026-05-07 15:00:00,stock,KOTAKBANK,short,KOTAKBANK_spot_proxy,1h,-7.81907833972506,20.953892492828885,379.4,0.5933116644183375,rehedge
2026-05-07 15:00:00,stock,RELIANCE,long,RELIANCE_spot_proxy,1h,-4.03612928432284,-449.4483238998878,1436.2,1.1593377756288925,rehedge
2026-05-07 15:00:00,stock,AXISBANK,long,AXISBANK_spot_proxy,1h,25.979161363055695,144.24810774405717,1292.7,0.6716652378804421,rehedge
2026-05-07 15:00:00,stock,INFY,long,INFY_spot_proxy,1h,7.840755750894246,-39.26802187831528,1162.7,0.18232893423129481,rehedge
2026-05-07 15:00:00,stock,TCS,long,TCS_spot_proxy,1h,0.7182360651850672,58.506590293278,2401.4,0.034495441738708416,rehedge
2026-05-08 09:00:00,stock,HDFCBANK,long,HDFCBANK_spot_proxy,1h,114.66847108704083,9.660823472716007,785.2,1.8007536699508895,rehedge
2026-05-08 09:00:00,stock,ICICIBANK,long,ICICIBANK_spot_proxy,1h,45.949620747348774,431.06304626321963,1270.5,1.1675798631901324,rehedge
2026-05-08 09:00:00,stock,KOTAKBANK,short,KOTAKBANK_spot_proxy,1h,-47.49515245774889,-26.541259964920005,376.4,3.5754350770193364,rehedge
2026-05-08 09:00:00,stock,RELIANCE,long,RELIANCE_spot_proxy,1h,31.098853100214228,-418.34947079967355,1423.7,0.8855087431755001,rehedge
2026-05-08 09:00:00,stock,AXISBANK,long,AXISBANK_spot_proxy,1h,106.06192895091186,250.31003669496903,1275.4,2.7054276836798605,rehedge
2026-05-08 09:00:00,stock,INFY,long,INFY_spot_proxy,1h,-32.89778414781789,-72.16580602613317,1170.5,7.701371269004168,rehedge
2026-05-08 09:00:00,stock,TCS,long,TCS_spot_proxy,1h,9.36641409777274,67.87300439105074,2390.3,0.44777079235812367,rehedge
2026-05-08 10:00:00,stock,HDFCBANK,long,HDFCBANK_spot_proxy,1h,32.35166770947308,42.01249118218909,782.0,0.5059800829761589,rehedge
2026-05-08 10:00:00,stock,ICICIBANK,long,ICICIBANK_spot_proxy,1h,26.497543687691746,457.5605899509114,1264.7,0.670228870036475,rehedge
2026-05-08 10:00:00,stock,KOTAKBANK,short,KOTAKBANK_spot_proxy,1h,10.086960697769708,-16.454299267150297,377.05,0.07606577062188138,rehedge
2026-05-08 10:00:00,stock,RELIANCE,long,RELIANCE_spot_proxy,1h,-9.561179327776529,-427.9106501274501,1426.2,2.727230791454977,rehedge
2026-05-08 10:00:00,stock,AXISBANK,long,AXISBANK_spot_proxy,1h,21.523417892781822,271.83345458775085,1271.3,0.5472544233418706,rehedge
2026-05-08 10:00:00,stock,INFY,long,INFY_spot_proxy,1h,-11.824078973878258,-83.98988500001143,1173.0,2.7739289272718395,rehedge
2026-05-08 10:00:00,stock,TCS,long,TCS_spot_proxy,1h,10.184630718756523,78.05763510980726,2380.0,0.4847884222128105,rehedge
2026-05-08 10:00:00,index,NIFTY,short,spot_as_fut_proxy,1h,49.124972290215545,49.124972290215545,24195.95,23.77250746570882,entry
2026-05-08 11:00:00,stock,HDFCBANK,long,HDFCBANK_spot_proxy,1h,-6.146224424484096,35.86626675770499,782.7,0.9621299714087406,rehedge
2026-05-08 11:00:00,stock,ICICIBANK,long,ICICIBANK_spot_proxy,1h,6.017449282583414,463.5780392334948,1264.0,0.15212111786370872,rehedge
2026-05-08 11:00:00,stock,KOTAKBANK,short,KOTAKBANK_spot_proxy,1h,31.655042694204695,15.200743427054398,379.1,0.24000853370746003,rehedge
2026-05-08 11:00:00,stock,RELIANCE,long,RELIANCE_spot_proxy,1h,7.316072926865047,-420.59457720058504,1424.4,0.2084202855405315,rehedge
2026-05-08 11:00:00,stock,AXISBANK,long,AXISBANK_spot_proxy,1h,-21.13049705576435,250.7029575319865,1275.0,5.38827674921991,rehedge
2026-05-08 11:00:00,stock,INFY,long,INFY_spot_proxy,1h,11.829315470766645,-72.16056952924478,1170.2,0.2768532992778226,rehedge
2026-05-08 11:00:00,stock,TCS,long,TCS_spot_proxy,1h,0.39170633826823575,78.4493414480755,2378.2,0.018631120273390363,rehedge
2026-05-08 11:00:00,index,NIFTY,short,spot_as_fut_proxy,1h,9.073743615692514,58.19871590590806,24205.85,4.392753537998213,rehedge
2026-05-08 12:00:00,stock,HDFCBANK,long,HDFCBANK_spot_proxy,1h,30.1349739078436,66.0012406655486,779.45,0.469774108249374,rehedge
2026-05-08 12:00:00,stock,ICICIBANK,long,ICICIBANK_spot_proxy,1h,7.792825789489768,471.37086502298456,1262.1,0.19670650857830072,rehedge
2026-05-08 12:00:00,stock,KOTAKBANK,short,KOTAKBANK_spot_proxy,1h,-28.112017218648134,-12.911273791593736,377.25,2.1210516991470016,rehedge
2026-05-08 12:00:00,stock,RELIANCE,long,RELIANCE_spot_proxy,1h,6.145007057301939,-414.4495701432831,1422.1,0.17477629072378176,rehedge
2026-05-08 12:00:00,stock,AXISBANK,long,AXISBANK_spot_proxy,1h,36.59325744246155,287.29621497444805,1268.5,0.9283709413152496,rehedge
2026-05-08 12:00:00,stock,INFY,long,INFY_spot_proxy,1h,-12.186845872397456,-84.34741540164224,1173.0,2.8590340416644433,rehedge
2026-05-08 12:00:00,stock,TCS,long,TCS_spot_proxy,1h,-0.6592430209367279,77.79009842713877,2380.0,0.3137996779658825,rehedge
2026-05-08 12:00:00,index,NIFTY,short,spot_as_fut_proxy,1h,-37.35337929352996,20.845336612378098,24163.4,180.5169290442564,rehedge
2026-05-08 13:00:00,stock,HDFCBANK,long,HDFCBANK_spot_proxy,1h,3.6834514223720873,69.68469208792068,779.15,0.05739922351482424,rehedge
2026-05-08 13:00:00,stock,ICICIBANK,long,ICICIBANK_spot_proxy,1h,0.8200741361643509,472.1909391591489,1262.7,0.02071015223469452,rehedge
2026-05-08 13:00:00,stock,KOTAKBANK,short,KOTAKBANK_spot_proxy,1h,-1.666855969081226,-14.578129760674962,377.2,0.12574761430748768,rehedge
2026-05-08 13:00:00,stock,RELIANCE,long,RELIANCE_spot_proxy,1h,-11.6772705166386,-426.1268406599217,1424.9,3.327788551831669,rehedge
2026-05-08 13:00:00,stock,AXISBANK,long,AXISBANK_spot_proxy,1h,19.197552044278837,306.4937670187269,1265.7,0.4859668324488745,rehedge
2026-05-08 13:00:00,stock,INFY,long,INFY_spot_proxy,1h,-6.375148816719275,-90.72256421836151,1174.4,1.4973949540710234,rehedge
2026-05-08 13:00:00,stock,TCS,long,TCS_spot_proxy,1h,2.6452501068104084,80.43534853394918,2379.9,0.12590861458396183,rehedge
2026-05-08 13:00:00,index,NIFTY,short,spot_as_fut_proxy,1h,-23.270173001003517,-2.42483638862542,24137.2,112.33536395196442,rehedge
2026-05-08 14:00:00,stock,HDFCBANK,long,HDFCBANK_spot_proxy,1h,-10.86829666442376,58.81639542349692,780.4,1.6963237433832605,rehedge
2026-05-08 14:00:00,stock,ICICIBANK,long,ICICIBANK_spot_proxy,1h,-5.825004571178226,466.3659345879707,1265.4,1.4741921568737857,rehedge
2026-05-08 14:00:00,stock,KOTAKBANK,short,KOTAKBANK_spot_proxy,1h,43.02950717559757,28.451377414922607,379.95,0.326981225027366,rehedge
2026-05-08 14:00:00,stock,RELIANCE,long,RELIANCE_spot_proxy,1h,-35.78452578086001,-461.9113664407817,1438.5,10.295208067153425,rehedge
2026-05-08 14:00:00,stock,AXISBANK,long,AXISBANK_spot_proxy,1h,-20.824756900107843,285.66901011861904,1269.7,5.288238767213386,rehedge
2026-05-08 14:00:00,stock,INFY,long,INFY_spot_proxy,1h,-32.14062425268756,-122.86318847104907,1181.3,7.593543885939963,rehedge
2026-05-08 14:00:00,stock,TCS,long,TCS_spot_proxy,1h,-13.595203350802322,66.84014518314686,2398.2,6.520803335178826,rehedge
2026-05-08 14:00:00,index,NIFTY,short,spot_as_fut_proxy,1h,69.75194350611116,67.32710711748574,24213.65,33.77898293753498,rehedge
2026-05-08 15:00:00,stock,HDFCBANK,long,HDFCBANK_spot_proxy,1h,-2.0986496647144506,56.71774575878247,780.85,0.3277461181384558,rehedge
2026-05-08 15:00:00,stock,ICICIBANK,long,ICICIBANK_spot_proxy,1h,5.637574092239959,472.00350868021064,1264.8,0.142608074237302,rehedge
2026-05-08 15:00:00,stock,KOTAKBANK,short,KOTAKBANK_spot_proxy,1h,13.495897690629757,41.947275105552364,380.8,0.10278475681183624,rehedge
2026-05-08 15:00:00,stock,RELIANCE,long,RELIANCE_spot_proxy,1h,3.5719534358240708,-458.33941300495763,1435.2,0.10252935142189415,rehedge
2026-05-08 15:00:00,stock,AXISBANK,long,AXISBANK_spot_proxy,1h,15.416888246895553,301.0858983655146,1268.3,0.3910647872707526,rehedge
2026-05-08 15:00:00,stock,INFY,long,INFY_spot_proxy,1h,8.794617358936918,-114.06857111211215,1179.2,0.20741225579316833,rehedge
2026-05-08 15:00:00,stock,TCS,long,TCS_spot_proxy,1h,3.9471113564876816,70.78725653963454,2394.4,0.18901926863948212,rehedge
2026-05-08 15:00:00,index,NIFTY,short,spot_as_fut_proxy,1h,-33.9365563838497,33.39055073363604,24176.15,164.0910555238816,rehedge
2026-05-11 09:00:00,stock,HDFCBANK,long,HDFCBANK_spot_proxy,1h,110.30922313843654,167.026968897219,770.1,1.6989826547781997,rehedge
2026-05-11 09:00:00,stock,ICICIBANK,long,ICICIBANK_spot_proxy,1h,46.21625779496367,518.2197664751743,1257.0,1.1618767209653866,rehedge
2026-05-11 09:00:00,stock,KOTAKBANK,short,KOTAKBANK_spot_proxy,1h,-68.2625335066071,-26.31525840105473,376.65,5.142216649052712,rehedge
2026-05-11 09:00:00,stock,RELIANCE,long,RELIANCE_spot_proxy,1h,37.85699830195267,-420.48241470300496,1419.9,1.0750630377788521,rehedge
2026-05-11 09:00:00,stock,AXISBANK,long,AXISBANK_spot_proxy,1h,79.55920265476533,380.6451010202799,1253.0,1.9937536185284193,rehedge
2026-05-11 09:00:00,stock,INFY,long,INFY_spot_proxy,1h,8.678461007919651,-105.3901101041925,1178.0,0.204464541346587,rehedge
2026-05-11 09:00:00,stock,TCS,long,TCS_spot_proxy,1h,0.7492545930586374,71.53651113269318,2391.5,0.03583684718599463,rehedge
2026-05-11 09:00:00,index,NIFTY,short,spot_as_fut_proxy,1h,-224.98165533605177,-191.59110460241573,23874.25,1074.253656981347,rehedge
2026-05-11 10:00:00,stock,HDFCBANK,long,HDFCBANK_spot_proxy,1h,2.933148651288718,169.96011754850772,770.0,0.04517048922984627,rehedge
2026-05-11 10:00:00,stock,ICICIBANK,long,ICICIBANK_spot_proxy,1h,-29.133022851188343,489.08674362398597,1262.9,7.358418911753152,rehedge
2026-05-11 10:00:00,stock,KOTAKBANK,short,KOTAKBANK_spot_proxy,1h,15.653274566102393,-10.661983834952338,377.65,0.11822918279777138,rehedge
2026-05-11 10:00:00,stock,RELIANCE,long,RELIANCE_spot_proxy,1h,-0.11983307541140675,-420.60224777841637,1418.4,0.033994246832707874,rehedge
2026-05-11 10:00:00,stock,AXISBANK,long,AXISBANK_spot_proxy,1h,-86.0071789701455,294.6379220501344,1269.7,21.84066302767875,rehedge
2026-05-11 10:00:00,stock,INFY,long,INFY_spot_proxy,1h,-22.021463066463184,-127.41157317065569,1182.8,5.209397303002531,rehedge
2026-05-11 10:00:00,stock,TCS,long,TCS_spot_proxy,1h,-9.968969208584674,61.567541924108504,2404.6,4.794276671792542,rehedge
2026-05-11 10:00:00,index,NIFTY,short,spot_as_fut_proxy,1h,-0.8242272591774054,-192.41533186159313,23886.95,3.937655065721545,rehedge
2026-05-11 11:00:00,stock,HDFCBANK,long,HDFCBANK_spot_proxy,1h,8.951996625190333,178.91211417369806,769.0,0.13768170809542732,rehedge
2026-05-11 11:00:00,stock,ICICIBANK,long,ICICIBANK_spot_proxy,1h,-45.659492499737894,443.4272511242481,1272.1,11.616688081783314,rehedge
2026-05-11 11:00:00,stock,KOTAKBANK,short,KOTAKBANK_spot_proxy,1h,53.779105681477816,43.11712184652548,381.1,0.409904343504224,rehedge
2026-05-11 11:00:00,stock,RELIANCE,long,RELIANCE_spot_proxy,1h,23.393247251314733,-397.20900052710164,1412.3,0.6607656618606359,rehedge
2026-05-11 11:00:00,stock,AXISBANK,long,AXISBANK_spot_proxy,1h,-37.01269772120827,257.62522432892615,1276.4,9.448601474270047,rehedge
2026-05-11 11:00:00,stock,INFY,long,INFY_spot_proxy,1h,-16.657741929380165,-144.06931510003585,1186.3,3.952215850164738,rehedge
2026-05-11 11:00:00,stock,TCS,long,TCS_spot_proxy,1h,0.8491108933939202,62.416652817502424,2405.9,0.040857517968328656,rehedge
2026-05-11 11:00:00,index,NIFTY,short,spot_as_fut_proxy,1h,23.742604983801954,-168.67272687779118,23930.9,11.363638112137325,rehedge
2026-05-11 12:00:00,stock,HDFCBANK,long,HDFCBANK_spot_proxy,1h,-21.196984043460475,157.71513013023758,771.5,3.2706946379059514,rehedge
2026-05-11 12:00:00,stock,ICICIBANK,long,ICICIBANK_spot_proxy,1h,-12.229482661077498,431.1977684631706,1274.8,3.118028899268319,rehedge
2026-05-11 12:00:00,stock,KOTAKBANK,short,KOTAKBANK_spot_proxy,1h,46.625127809867294,89.74224965639277,384.1,0.3581742318354006,rehedge
2026-05-11 12:00:00,stock,RELIANCE,long,RELIANCE_spot_proxy,1h,35.436619592086004,-361.77238093501563,1403.0,0.9943515457539334,rehedge
2026-05-11 12:00:00,stock,AXISBANK,long,AXISBANK_spot_proxy,1h,-5.460221167336925,252.16500316158923,1277.9,1.3955233259479716,rehedge
2026-05-11 12:00:00,stock,INFY,long,INFY_spot_proxy,1h,12.99731134672345,-131.0720037533124,1182.9,0.3074903918407834,rehedge
2026-05-11 12:00:00,stock,TCS,long,TCS_spot_proxy,1h,1.781266998891951,64.19791981639437,2405.6,0.08570031785068954,rehedge
2026-05-11 12:00:00,index,NIFTY,short,spot_as_fut_proxy,1h,6.132543931449533,-162.54018294634164,23945.55,2.9369427467544273,rehedge
2026-05-11 13:00:00,stock,HDFCBANK,long,HDFCBANK_spot_proxy,1h,0.5391607490997217,158.2542908793373,771.45,0.008318711197859607,rehedge
2026-05-11 13:00:00,stock,ICICIBANK,long,ICICIBANK_spot_proxy,1h,8.583615869104108,439.7813843322747,1274.0,0.21871053234477267,rehedge
2026-05-11 13:00:00,stock,KOTAKBANK,short,KOTAKBANK_spot_proxy,1h,16.563597894739843,106.30584755113262,385.1,0.1275728309852863,rehedge
2026-05-11 13:00:00,stock,RELIANCE,long,RELIANCE_spot_proxy,1h,14.089639441876614,-347.682741493139,1399.7,0.39442536653589394,rehedge
2026-05-11 13:00:00,stock,AXISBANK,long,AXISBANK_spot_proxy,1h,-15.563157390754839,236.6018457708344,1281.0,3.98728092351139,rehedge
2026-05-11 13:00:00,stock,INFY,long,INFY_spot_proxy,1h,4.898086648725467,-126.17391710458693,1181.7,0.11576137985597772,rehedge
2026-05-11 13:00:00,stock,TCS,long,TCS_spot_proxy,1h,2.9234984394684886,67.12141825586286,2402.6,0.14047994701333982,rehedge
2026-05-11 13:00:00,index,NIFTY,short,spot_as_fut_proxy,1h,14.323888899224329,-148.21629404711732,23966.45,6.865855342176299,rehedge
2026-05-11 14:00:00,stock,HDFCBANK,long,HDFCBANK_spot_proxy,1h,36.82319046454103,195.07748134387833,767.7,0.565383266392563,rehedge
2026-05-11 14:00:00,stock,ICICIBANK,long,ICICIBANK_spot_proxy,1h,36.515375883152956,476.29676021542764,1268.4,0.9263220554038243,rehedge
2026-05-11 14:00:00,stock,KOTAKBANK,short,KOTAKBANK_spot_proxy,1h,-34.59910832798985,71.70673922314276,382.9,2.649599715757463,rehedge
2026-05-11 14:00:00,stock,RELIANCE,long,RELIANCE_spot_proxy,1h,20.279833433293277,-327.40290805984574,1394.5,0.5656045544545496,rehedge
2026-05-11 14:00:00,stock,AXISBANK,long,AXISBANK_spot_proxy,1h,23.862310790009616,260.464156560844,1277.2,0.6095388668200057,rehedge
2026-05-11 14:00:00,stock,INFY,long,INFY_spot_proxy,1h,11.690571375111062,-114.48334572947587,1178.6,0.275570148454118,rehedge
2026-05-11 14:00:00,stock,TCS,long,TCS_spot_proxy,1h,2.549459584727529,69.67087784059039,2398.6,0.12230267519854904,rehedge
2026-05-11 14:00:00,index,NIFTY,short,spot_as_fut_proxy,1h,-75.28445129903088,-223.5007453461482,23875.9,359.4968061541063,rehedge
2026-05-11 15:00:00,stock,HDFCBANK,long,HDFCBANK_spot_proxy,1h,36.55715512699109,231.63463647086942,763.65,0.558337430254535,rehedge
2026-05-11 15:00:00,stock,ICICIBANK,long,ICICIBANK_spot_proxy,1h,6.834114107316623,483.13087432274426,1266.4,0.17309444211011543,rehedge
2026-05-11 15:00:00,stock,KOTAKBANK,short,KOTAKBANK_spot_proxy,1h,-29.005340362453317,42.701398860689444,381.05,2.2104969890225674,rehedge
2026-05-11 15:00:00,stock,RELIANCE,long,RELIANCE_spot_proxy,1h,28.62464619217144,-298.7782618676743,1388.2,0.794734676879448,rehedge
2026-05-11 15:00:00,stock,AXISBANK,long,AXISBANK_spot_proxy,1h,28.31443682492619,288.7785933857702,1272.3,0.7204891594470719,rehedge
2026-05-11 15:00:00,stock,INFY,long,INFY_spot_proxy,1h,8.142438960429828,-106.34090676904604,1177.0,0.1916730131285182,rehedge
2026-05-11 15:00:00,stock,TCS,long,TCS_spot_proxy,1h,3.3548797302701274,73.02575757086052,2392.9,0.16055783413126778,rehedge
2026-05-11 15:00:00,index,NIFTY,short,spot_as_fut_proxy,1h,-49.76934371805723,-273.2700890642054,23815.85,237.05984491753864,rehedge
2026-05-12 09:00:00,stock,HDFCBANK,long,HDFCBANK_spot_proxy,1h,77.08265558984206,308.7172920607115,755.3,1.1644105953401542,rehedge
2026-05-12 09:00:00,stock,ICICIBANK,long,ICICIBANK_spot_proxy,1h,96.00262908681384,579.1335034095581,1246.7,2.3937295536506165,rehedge
2026-05-12 09:00:00,stock,KOTAKBANK,short,KOTAKBANK_spot_proxy,1h,-46.6462892456758,-3.944890384986355,378.2,3.5283253185429175,rehedge
2026-05-12 09:00:00,stock,RELIANCE,long,RELIANCE_spot_proxy,1h,22.124366071308714,-276.6538957963656,1383.5,0.6121812091931121,rehedge
2026-05-12 09:00:00,stock,AXISBANK,long,AXISBANK_spot_proxy,1h,36.6456492363576,325.4242426221278,1266.9,0.928527460350829,rehedge
2026-05-12 09:00:00,stock,INFY,long,INFY_spot_proxy,1h,203.86234556862402,97.52143879957798,1132.8,4.618705301202746,rehedge
2026-05-12 09:00:00,stock,TCS,long,TCS_spot_proxy,1h,61.16793292410506,134.19369049496558,2301.0,2.814948273167315,rehedge
2026-05-12 09:00:00,index,NIFTY,short,spot_as_fut_proxy,1h,-168.15777085716547,-441.4278599213709,23625.85,794.5740541211526,rehedge
2026-05-12 10:00:00,stock,HDFCBANK,long,HDFCBANK_spot_proxy,1h,5.649376152257332,314.3666682129688,755.3,0.08533947615599927,rehedge
2026-05-12 10:00:00,stock,ICICIBANK,long,ICICIBANK_spot_proxy,1h,10.515548265278085,589.6490516748362,1243.4,0.26150065426093544,rehedge
2026-05-12 10:00:00,stock,KOTAKBANK,short,KOTAKBANK_spot_proxy,1h,1.3702394847088684,-2.5746509002774864,378.3,0.010367231941307299,rehedge
2026-05-12 10:00:00,stock,RELIANCE,long,RELIANCE_spot_proxy,1h,-2.3815399086587377,-279.0354357050243,1383.9,0.6591626159185655,rehedge
2026-05-12 10:00:00,stock,AXISBANK,long,AXISBANK_spot_proxy,1h,0.5541335584087506,325.97837618053654,1267.5,0.014047285705661829,rehedge
2026-05-12 10:00:00,stock,INFY,long,INFY_spot_proxy,1h,1.157453814571241,98.67889261414922,1133.3,0.026234848161071748,rehedge
2026-05-12 10:00:00,stock,TCS,long,TCS_spot_proxy,1h,0.6282027544573907,134.82189324942297,2296.0,0.028847070484683383,rehedge
2026-05-12 10:00:00,index,NIFTY,short,spot_as_fut_proxy,1h,-17.31125752717054,-458.73911744854144,23614.7,81.76003062537484,rehedge
2026-05-12 11:00:00,stock,HDFCBANK,long,HDFCBANK_spot_proxy,1h,-16.9513489079431,297.4153193050257,757.25,2.5672817921079827,rehedge
2026-05-12 11:00:00,stock,ICICIBANK,long,ICICIBANK_spot_proxy,1h,-1.7054117914167364,587.9436398834195,1244.6,0.42451110311945395,rehedge
2026-05-12 11:00:00,stock,KOTAKBANK,short,KOTAKBANK_spot_proxy,1h,5.665992510816675,3.091341610539189,378.65,0.042908561284414684,rehedge
2026-05-12 11:00:00,stock,RELIANCE,long,RELIANCE_spot_proxy,1h,-22.833544439473826,-301.86898014449815,1389.1,6.343615316174619,rehedge
2026-05-12 11:00:00,stock,AXISBANK,long,AXISBANK_spot_proxy,1h,2.34370227137822,328.32207845191476,1267.4,0.059408165174895125,rehedge
2026-05-12 11:00:00,stock,INFY,long,INFY_spot_proxy,1h,5.829275022492453,104.50816763664167,1132.1,0.13198644505927412,rehedge
2026-05-12 11:00:00,stock,TCS,long,TCS_spot_proxy,1h,0.8325615668993578,135.65445481632233,2301.8,0.03832780429377884,rehedge
2026-05-12 11:00:00,index,NIFTY,short,spot_as_fut_proxy,1h,-7.5677680104132605,-466.3068854589547,23597.5,35.71608112514539,rehedge
2026-05-12 12:00:00,stock,HDFCBANK,long,HDFCBANK_spot_proxy,1h,31.4496542592496,328.8649735642753,753.3,0.4738204910698544,rehedge
2026-05-12 12:00:00,stock,ICICIBANK,long,ICICIBANK_spot_proxy,1h,-0.852422585942918,587.0912172974765,1245.1,0.21227027235150542,rehedge
2026-05-12 12:00:00,stock,KOTAKBANK,short,KOTAKBANK_spot_proxy,1h,-10.948458290941954,-7.857116680402765,377.95,0.8275939622123022,rehedge
2026-05-12 12:00:00,stock,RELIANCE,long,RELIANCE_spot_proxy,1h,42.50295770445467,-259.3660224400435,1379.9,1.1729966267275402,rehedge
2026-05-12 12:00:00,stock,AXISBANK,long,AXISBANK_spot_proxy,1h,16.60995600392596,344.9320344558407,1264.2,0.419966127603264,rehedge
2026-05-12 12:00:00,stock,INFY,long,INFY_spot_proxy,1h,0.6913021224907254,105.1994697591324,1132.0,0.015651080053190027,rehedge
2026-05-12 12:00:00,stock,TCS,long,TCS_spot_proxy,1h,0.014516853736552093,135.66897167005888,2298.3,0.0006672816988543537,rehedge
2026-05-12 12:00:00,index,NIFTY,short,spot_as_fut_proxy,1h,-24.861507806731368,-491.16839326568606,23524.55,116.97115669496847,rehedge
2026-05-12 13:00:00,stock,HDFCBANK,long,HDFCBANK_spot_proxy,1h,3.0923803840039454,331.95735394827926,753.6,0.04660835714770747,rehedge
2026-05-12 13:00:00,stock,ICICIBANK,long,ICICIBANK_spot_proxy,1h,3.929827907171102,591.0210452046476,1242.5,0.0976562234932019,rehedge
2026-05-12 13:00:00,stock,KOTAKBANK,short,KOTAKBANK_spot_proxy,1h,-21.626553800230397,-29.48367048063316,376.65,1.629128297771356,rehedge
2026-05-12 13:00:00,stock,RELIANCE,long,RELIANCE_spot_proxy,1h,42.358924924765915,-217.00709751527756,1372.2,1.162498335635276,rehedge
2026-05-12 13:00:00,stock,AXISBANK,long,AXISBANK_spot_proxy,1h,26.517891424080858,371.4499258799216,1261.5,0.6690464006295601,rehedge
2026-05-12 13:00:00,stock,INFY,long,INFY_spot_proxy,1h,-25.772588556958837,79.42688120217356,1138.1,5.86635660733497,rehedge
2026-05-12 13:00:00,stock,TCS,long,TCS_spot_proxy,1h,1.5727167909467141,137.2416884610056,2297.1,0.07225375480967394,rehedge
2026-05-12 13:00:00,index,NIFTY,short,spot_as_fut_proxy,1h,-25.76548566665315,-516.9338789323392,23491.5,121.05398130763649,rehedge
2026-05-12 14:00:00,stock,HDFCBANK,long,HDFCBANK_spot_proxy,1h,9.033788196025796,340.99114214430506,751.5,0.13577783658626771,rehedge
2026-05-12 14:00:00,stock,ICICIBANK,long,ICICIBANK_spot_proxy,1h,4.164338736017498,595.1853839406651,1242.0,0.10344217420267465,rehedge
2026-05-12 14:00:00,stock,KOTAKBANK,short,KOTAKBANK_spot_proxy,1h,-18.169465506583915,-47.65313598721708,375.5,1.3645268595444522,rehedge
2026-05-12 14:00:00,stock,RELIANCE,long,RELIANCE_spot_proxy,1h,25.334392678818972,-191.6727048364586,1366.9,0.6925916270535531,rehedge
2026-05-12 14:00:00,stock,AXISBANK,long,AXISBANK_spot_proxy,1h,-0.16932985119552768,371.28059602872605,1261.3,0.04271514826258382,rehedge
2026-05-12 14:00:00,stock,INFY,long,INFY_spot_proxy,1h,-9.996086944925935,69.43079425724763,1140.5,2.280107432137606,rehedge
2026-05-12 14:00:00,stock,TCS,long,TCS_spot_proxy,1h,-1.1411665273712686,136.10052193363433,2299.5,0.5248224859380465,rehedge
2026-05-12 14:00:00,index,NIFTY,short,spot_as_fut_proxy,1h,-40.58212730163632,-557.5160062339755,23421.25,190.09682981268992,rehedge
2026-05-12 15:00:00,stock,HDFCBANK,long,HDFCBANK_spot_proxy,1h,5.838626185676617,346.8297683299817,750.45,0.08763194042082036,rehedge
2026-05-12 15:00:00,stock,ICICIBANK,long,ICICIBANK_spot_proxy,1h,-7.980937878316354,587.2044460623488,1240.3,1.9797514500951547,rehedge
2026-05-12 15:00:00,stock,KOTAKBANK,short,KOTAKBANK_spot_proxy,1h,8.001685333276676,-39.6514506539404,376.0,0.06017267370624061,rehedge
2026-05-12 15:00:00,stock,RELIANCE,long,RELIANCE_spot_proxy,1h,18.93893318328722,-172.73377165317137,1364.0,0.5166540972400754,rehedge
2026-05-12 15:00:00,stock,AXISBANK,long,AXISBANK_spot_proxy,1h,6.496598023218155,377.7771940519442,1260.1,0.16372726338114393,rehedge
2026-05-12 15:00:00,stock,INFY,long,INFY_spot_proxy,1h,1.4746772242676656,70.90547148151529,1140.3,0.033631488776648386,rehedge
2026-05-12 15:00:00,stock,TCS,long,TCS_spot_proxy,1h,1.010303069894519,137.11082500352884,2300.3,0.04648000303356725,rehedge
2026-05-12 15:00:00,index,NIFTY,short,spot_as_fut_proxy,1h,-10.845647580083323,-568.3616538140589,23379.55,50.713271976187414,rehedge
2026-05-13 09:00:00,stock,HDFCBANK,long,HDFCBANK_spot_proxy,1h,3.6580685639113426,350.487836893893,750.95,0.054940531761384456,rehedge
2026-05-13 09:00:00,stock,ICICIBANK,long,ICICIBANK_spot_proxy,1h,31.23450935860012,618.4389554209489,1235.7,0.7719296642884436,rehedge
2026-05-13 09:00:00,stock,KOTAKBANK,short,KOTAKBANK_spot_proxy,1h,43.32362003794985,3.6721693840094494,378.75,0.32817642178747014,rehedge
2026-05-13 09:00:00,stock,RELIANCE,long,RELIANCE_spot_proxy,1h,45.091204715279375,-127.642566937892,1355.9,1.2227832894689463,rehedge
2026-05-13 09:00:00,stock,AXISBANK,long,AXISBANK_spot_proxy,1h,38.833320757017134,416.61051480896134,1252.4,0.9726970183217652,rehedge
2026-05-13 09:00:00,stock,INFY,long,INFY_spot_proxy,1h,30.958102471946788,101.86357395346208,1134.6,0.7025012612934165,rehedge
2026-05-13 09:00:00,stock,TCS,long,TCS_spot_proxy,1h,4.186862616158351,141.2976876196872,2293.6,0.19205976192841587,rehedge
2026-05-13 09:00:00,index,NIFTY,short,spot_as_fut_proxy,1h,-0.21729318697191502,-568.5789470010308,23372.45,1.015734829568347,rehedge
2026-05-13 10:00:00,stock,HDFCBANK,long,HDFCBANK_spot_proxy,1h,4.464171645354895,354.9520085392479,750.5,0.06700721639677698,rehedge
2026-05-13 10:00:00,stock,ICICIBANK,long,ICICIBANK_spot_proxy,1h,7.097204923321783,625.5361603442707,1235.1,0.1753151560158947,rehedge
2026-05-13 10:00:00,stock,KOTAKBANK,short,KOTAKBANK_spot_proxy,1h,26.904792104775453,30.576961488784903,380.4,0.20469165833313166,rehedge
2026-05-13 10:00:00,stock,RELIANCE,long,RELIANCE_spot_proxy,1h,10.68429651259406,-116.95827042529794,1354.2,0.28937348674709756,rehedge
2026-05-13 10:00:00,stock,AXISBANK,long,AXISBANK_spot_proxy,1h,-7.371036997896169,409.23947781106517,1255.1,1.8502777072118963,rehedge
2026-05-13 10:00:00,stock,INFY,long,INFY_spot_proxy,1h,19.344434580871365,121.20800853433344,1130.5,0.4373776658735016,rehedge
2026-05-13 10:00:00,stock,TCS,long,TCS_spot_proxy,1h,6.0132434004747495,147.31093102016195,2286.5,0.2749856207037103,rehedge
2026-05-13 10:00:00,index,NIFTY,short,spot_as_fut_proxy,1h,-5.698001054486667,-574.2769480555174,23374.8,26.637927009682993,rehedge
2026-05-13 11:00:00,stock,HDFCBANK,long,HDFCBANK_spot_proxy,1h,-21.761911125752476,333.19009741349544,754.05,3.2819138168747313,rehedge
2026-05-13 11:00:00,stock,ICICIBANK,long,ICICIBANK_spot_proxy,1h,-14.59760969309275,610.9385506511779,1239.8,3.619623299499278,rehedge
2026-05-13 11:00:00,stock,KOTAKBANK,short,KOTAKBANK_spot_proxy,1h,37.09572922391969,67.6726907127046,382.65,0.2838936157506574,rehedge
2026-05-13 11:00:00,stock,RELIANCE,long,RELIANCE_spot_proxy,1h,-28.952232937327068,-145.910503362625,1358.7,7.867479778389257,rehedge
2026-05-13 11:00:00,stock,AXISBANK,long,AXISBANK_spot_proxy,1h,-94.33049248704697,314.9089853240182,1272.2,24.001450508404233,rehedge
2026-05-13 11:00:00,stock,INFY,long,INFY_spot_proxy,1h,-0.5015207992371984,120.70648773509625,1131.2,0.11346406561942377,rehedge
2026-05-13 11:00:00,stock,TCS,long,TCS_spot_proxy,1h,0.8429949643914938,148.15392598455344,2281.5,0.03846586022518386,rehedge
2026-05-13 11:00:00,index,NIFTY,short,spot_as_fut_proxy,1h,26.215563730300687,-548.0613843252167,23466.1,12.30354080103218,rehedge
2026-05-13 12:00:00,stock,HDFCBANK,long,HDFCBANK_spot_proxy,1h,-40.46901178834884,292.7210856251466,759.8,6.14967103135749,rehedge
2026-05-13 12:00:00,stock,ICICIBANK,long,ICICIBANK_spot_proxy,1h,-19.423582356944735,591.5149682942332,1248.3,4.849291571234822,rehedge
2026-05-13 12:00:00,stock,KOTAKBANK,short,KOTAKBANK_spot_proxy,1h,9.62827870694349,77.30096941964808,383.25,0.07380075628872186,rehedge
2026-05-13 12:00:00,stock,RELIANCE,long,RELIANCE_spot_proxy,1h,-67.14337795590046,-213.05388131852547,1369.2,18.386542619443784,rehedge
2026-05-13 12:00:00,stock,AXISBANK,long,AXISBANK_spot_proxy,1h,-3.985706458462232,310.923278865556,1274.2,1.0157174338745154,rehedge
2026-05-13 12:00:00,stock,INFY,long,INFY_spot_proxy,1h,-10.560973215989918,110.14551451910633,1134.1,2.3954399448508332,rehedge
2026-05-13 12:00:00,stock,TCS,long,TCS_spot_proxy,1h,-0.4047794023183826,147.74914658223506,2284.5,0.184943708919269,rehedge
2026-05-13 12:00:00,index,NIFTY,short,spot_as_fut_proxy,1h,49.30629015971789,-498.75509416549886,23577.95,23.25082488142641,rehedge
2026-05-13 13:00:00,stock,HDFCBANK,long,HDFCBANK_spot_proxy,1h,43.011758645697,335.7328442708436,754.15,0.648746355653048,rehedge
2026-05-13 13:00:00,stock,ICICIBANK,long,ICICIBANK_spot_proxy,1h,11.026232697941623,602.5412009921748,1242.7,0.27404598747464115,rehedge
2026-05-13 13:00:00,stock,KOTAKBANK,short,KOTAKBANK_spot_proxy,1h,-42.68971856518471,34.61125085446337,380.65,3.2499682743675122,rehedge
2026-05-13 13:00:00,stock,RELIANCE,long,RELIANCE_spot_proxy,1h,30.244257402675032,-182.80962391585044,1364.7,0.8254867615486124,rehedge
2026-05-13 13:00:00,stock,AXISBANK,long,AXISBANK_spot_proxy,1h,47.04128294063804,357.964561806194,1266.0,1.1910852840569552,rehedge
2026-05-13 13:00:00,stock,INFY,long,INFY_spot_proxy,1h,26.54327150192772,136.68878602103405,1128.0,0.5988162050834894,rehedge
2026-05-13 13:00:00,stock,TCS,long,TCS_spot_proxy,1h,0.5757430795432867,148.32488966177834,2278.5,0.02623661213478758,rehedge
2026-05-13 13:00:00,index,NIFTY,short,spot_as_fut_proxy,1h,-40.16780411927783,-538.9228982847767,23499.8,188.78707264844107,rehedge
2026-05-13 14:00:00,stock,HDFCBANK,long,HDFCBANK_spot_proxy,1h,6.849710412967454,342.58255468381105,752.85,0.10313608968805096,rehedge
2026-05-13 14:00:00,stock,ICICIBANK,long,ICICIBANK_spot_proxy,1h,11.727548792169614,614.2687497843444,1240.0,0.29084321004580643,rehedge
2026-05-13 14:00:00,stock,KOTAKBANK,short,KOTAKBANK_spot_proxy,1h,-25.70534892430114,8.90590193016223,379.1,1.9489795554405127,rehedge
2026-05-13 14:00:00,stock,RELIANCE,long,RELIANCE_spot_proxy,1h,21.794199421387958,-161.01542449446248,1360.9,0.5931945198513375,rehedge
2026-05-13 14:00:00,stock,AXISBANK,long,AXISBANK_spot_proxy,1h,26.16638365482993,384.13094546102394,1259.9,0.6593405353344046,rehedge
2026-05-13 14:00:00,stock,INFY,long,INFY_spot_proxy,1h,18.505523231856188,155.19430925289024,1124.2,0.41607818434505456,rehedge
2026-05-13 14:00:00,stock,TCS,long,TCS_spot_proxy,1h,0.6354230196803599,148.9603126814587,2280.5,0.028981643927621214,rehedge
2026-05-13 14:00:00,index,NIFTY,short,spot_as_fut_proxy,1h,-16.446674267927392,-555.3695725527041,23479.2,77.23095089430417,rehedge
2026-05-13 15:00:00,stock,HDFCBANK,long,HDFCBANK_spot_proxy,1h,20.535468116299114,363.11802280011017,749.6,0.30786773799955636,rehedge
2026-05-13 15:00:00,stock,ICICIBANK,long,ICICIBANK_spot_proxy,1h,15.828796559404736,630.0975463437492,1235.6,0.3911612205760098,rehedge
2026-05-13 15:00:00,stock,KOTAKBANK,short,KOTAKBANK_spot_proxy,1h,-24.20911189811976,-15.303209967957532,377.65,1.8285142216649857,rehedge
2026-05-13 15:00:00,stock,RELIANCE,long,RELIANCE_spot_proxy,1h,10.637890587343435,-150.37753390711904,1358.8,0.2890953146016452,rehedge
2026-05-13 15:00:00,stock,AXISBANK,long,AXISBANK_spot_proxy,1h,23.24552718312708,407.376472644151,1255.7,0.5837881696770536,rehedge
2026-05-13 15:00:00,stock,INFY,long,INFY_spot_proxy,1h,4.04579025279196,159.2400995056822,1123.1,0.090876540658213,rehedge
2026-05-13 15:00:00,stock,TCS,long,TCS_spot_proxy,1h,1.8297988742891675,150.79011155574787,2272.8,0.08317533762968841,rehedge
2026-05-13 15:00:00,index,NIFTY,short,spot_as_fut_proxy,1h,-36.72198371547279,-592.0915562681769,23412.6,171.95142318737564,rehedge
2026-05-14 09:00:00,stock,HDFCBANK,long,HDFCBANK_spot_proxy,1h,-13.650377067967725,349.46764573214244,753.35,2.056702312830697,rehedge
2026-05-14 09:00:00,stock,ICICIBANK,long,ICICIBANK_spot_proxy,1h,-6.216353912101681,623.8811924316475,1240.0,1.541655770201217,rehedge
2026-05-14 09:00:00,stock,KOTAKBANK,short,KOTAKBANK_spot_proxy,1h,8.736381595350462,-6.56682837260707,378.25,0.06609072676882626,rehedge
2026-05-14 09:00:00,stock,RELIANCE,long,RELIANCE_spot_proxy,1h,-20.513102506952606,-170.89063641407165,1361.6,5.586128074693334,rehedge
2026-05-14 09:00:00,stock,AXISBANK,long,AXISBANK_spot_proxy,1h,28.598691291980685,435.9751639361317,1250.8,0.7154248613601889,rehedge
2026-05-14 09:00:00,stock,INFY,long,INFY_spot_proxy,1h,82.76869757908119,242.0087970847634,1103.1,1.826043005989689,rehedge
2026-05-14 09:00:00,stock,TCS,long,TCS_spot_proxy,1h,12.866141459729533,163.6562530154774,2231.2,0.5741386964989708,rehedge
2026-05-14 09:00:00,index,NIFTY,short,spot_as_fut_proxy,1h,-5.693502653071278,-597.7850589212482,23464.45,26.71898166557167,rehedge
2026-05-14 10:00:00,stock,HDFCBANK,long,HDFCBANK_spot_proxy,1h,32.17890805325629,381.64655378539874,748.3,0.4815895379250337,rehedge
2026-05-14 10:00:00,stock,ICICIBANK,long,ICICIBANK_spot_proxy,1h,10.180529073897446,634.0617215055449,1236.8,0.2518255671719272,rehedge
2026-05-14 10:00:00,stock,KOTAKBANK,short,KOTAKBANK_spot_proxy,1h,-30.39524313196418,-36.96207150457125,376.45,2.288457855405583,rehedge
2026-05-14 10:00:00,stock,RELIANCE,long,RELIANCE_spot_proxy,1h,-1.2892366069098387,-172.1798730209815,1361.4,0.35103334332941094,rehedge
2026-05-14 10:00:00,stock,AXISBANK,long,AXISBANK_spot_proxy,1h,53.79980976522762,489.77497370135933,1236.9,1.330899693972201,rehedge
2026-05-14 10:00:00,stock,INFY,long,INFY_spot_proxy,1h,21.395960785597538,263.4047578703609,1097.2,0.46951296347915245,rehedge
2026-05-14 10:00:00,stock,TCS,long,TCS_spot_proxy,1h,3.2431383928584694,166.89939140833587,2222.1,0.1441315564554161,rehedge
2026-05-14 10:00:00,index,NIFTY,short,spot_as_fut_proxy,1h,-21.1478970291206,-618.9329559503688,23430.45,99.10094878919176,rehedge
2026-05-14 11:00:00,stock,HDFCBANK,long,HDFCBANK_spot_proxy,1h,-203.51064245154734,178.1359113338514,772.0,31.42204319451891,rehedge
2026-05-14 11:00:00,stock,ICICIBANK,long,ICICIBANK_spot_proxy,1h,-39.70470883820303,594.3570126673419,1252.5,9.94602956396986,rehedge
2026-05-14 11:00:00,stock,KOTAKBANK,short,KOTAKBANK_spot_proxy,1h,115.96759598825278,79.00552448368153,383.2,0.8887756556539693,rehedge
2026-05-14 11:00:00,stock,RELIANCE,long,RELIANCE_spot_proxy,1h,-75.4685821886315,-247.648455209613,1373.0,20.723672668998212,rehedge
2026-05-14 11:00:00,stock,AXISBANK,long,AXISBANK_spot_proxy,1h,-114.69934720406252,375.0756264972968,1265.6,29.032698764292302,rehedge
2026-05-14 11:00:00,stock,INFY,long,INFY_spot_proxy,1h,9.765284825486617,273.17004269584754,1096.1,0.21407457394431761,rehedge
2026-05-14 11:00:00,stock,TCS,long,TCS_spot_proxy,1h,1.0972748215180843,167.99666622985396,2227.5,0.048883593298630665,rehedge
2026-05-14 11:00:00,index,NIFTY,short,spot_as_fut_proxy,1h,133.50328034130763,-485.4296756090611,23684.6,63.239435871434694,rehedge
2026-05-14 12:00:00,stock,HDFCBANK,long,HDFCBANK_spot_proxy,1h,11.505485968280738,189.64139730213213,771.0,0.17741459363088896,rehedge
2026-05-14 12:00:00,stock,ICICIBANK,long,ICICIBANK_spot_proxy,1h,11.418624926150073,605.775637593492,1249.9,0.2854427859038996,rehedge
2026-05-14 12:00:00,stock,KOTAKBANK,short,KOTAKBANK_spot_proxy,1h,13.402415347779439,92.40793983146096,383.9,0.10290374504025053,rehedge
2026-05-14 12:00:00,stock,RELIANCE,long,RELIANCE_spot_proxy,1h,28.669115175103627,-218.97934003450936,1368.4,0.7846163441122361,rehedge
2026-05-14 12:00:00,stock,AXISBANK,long,AXISBANK_spot_proxy,1h,8.320098570551693,383.3957250678485,1263.0,0.21016568989213577,rehedge
2026-05-14 12:00:00,stock,INFY,long,INFY_spot_proxy,1h,15.209039182476602,288.37908187832414,1090.0,0.33155705417799,rehedge
2026-05-14 12:00:00,stock,TCS,long,TCS_spot_proxy,1h,0.6108163948144067,168.60748262466836,2214.5,0.027053058126330076,rehedge
2026-05-14 12:00:00,index,NIFTY,short,spot_as_fut_proxy,1h,-8.466298095042532,-493.89597370410365,23689.0,40.11162711469251,rehedge
2026-05-14 13:00:00,stock,HDFCBANK,long,HDFCBANK_spot_proxy,1h,-72.47927156042344,117.16212574170869,777.65,11.272701105792658,rehedge
2026-05-14 13:00:00,stock,ICICIBANK,long,ICICIBANK_spot_proxy,1h,-14.456425286710783,591.3192123067812,1253.7,3.6248040763898617,rehedge
2026-05-14 13:00:00,stock,KOTAKBANK,short,KOTAKBANK_spot_proxy,1h,-11.049367054756857,81.35857277670411,383.25,0.8469339847471131,rehedge
2026-05-14 13:00:00,stock,RELIANCE,long,RELIANCE_spot_proxy,1h,4.835866681065056,-214.1434733534443,1368.0,0.13230931239393995,rehedge
2026-05-14 13:00:00,stock,AXISBANK,long,AXISBANK_spot_proxy,1h,30.234723746943587,413.6304488147921,1259.1,0.7613708133955334,rehedge
2026-05-14 13:00:00,stock,INFY,long,INFY_spot_proxy,1h,-17.80451595145712,270.574565926867,1097.5,3.908091251344838,rehedge
2026-05-14 13:00:00,stock,TCS,long,TCS_spot_proxy,1h,-5.770604029523696,162.83687859514467,2252.0,2.5990800548974726,rehedge
2026-05-14 13:00:00,index,NIFTY,short,spot_as_fut_proxy,1h,42.42401530457812,-451.47195839952553,23751.35,20.15255271808783,rehedge
2026-05-14 14:00:00,stock,HDFCBANK,long,HDFCBANK_spot_proxy,1h,69.08170672723891,186.2438324689476,772.15,1.0668287969887504,rehedge
2026-05-14 14:00:00,stock,ICICIBANK,long,ICICIBANK_spot_proxy,1h,14.627340402927643,605.9465527097088,1251.1,0.3660053115620555,rehedge
2026-05-14 14:00:00,stock,KOTAKBANK,short,KOTAKBANK_spot_proxy,1h,9.896615999095971,91.25518877580008,383.9,0.07598621764105887,rehedge
2026-05-14 14:00:00,stock,RELIANCE,long,RELIANCE_spot_proxy,1h,52.8311256107917,-161.3123477426526,1359.8,1.4367952921110911,rehedge
2026-05-14 14:00:00,stock,AXISBANK,long,AXISBANK_spot_proxy,1h,15.36749581511458,428.99794462990667,1256.6,0.3862159048254596,rehedge
2026-05-14 14:00:00,stock,INFY,long,INFY_spot_proxy,1h,7.064782105652853,277.6393480325199,1094.8,0.1546904689853749,rehedge
2026-05-14 14:00:00,stock,TCS,long,TCS_spot_proxy,1h,2.712610636596054,165.54948923174072,2248.9,0.12200780121281733,rehedge
2026-05-14 14:00:00,index,NIFTY,short,spot_as_fut_proxy,1h,-49.158393511585075,-500.6303519111106,23710.15,233.11057678374178,rehedge
2026-05-14 15:00:00,stock,HDFCBANK,long,HDFCBANK_spot_proxy,1h,28.4708085818784,214.714641050826,769.55,0.4381942148836905,rehedge
2026-05-14 15:00:00,stock,ICICIBANK,long,ICICIBANK_spot_proxy,1h,16.754949813152166,622.701502522861,1246.0,0.417533349343752,rehedge
2026-05-14 15:00:00,stock,KOTAKBANK,short,KOTAKBANK_spot_proxy,1h,-12.461559935942532,78.79362883985755,383.2,0.9550539534906357,rehedge
2026-05-14 15:00:00,stock,RELIANCE,long,RELIANCE_spot_proxy,1h,-13.442129347676826,-174.75447709032943,1361.8,3.66109834913326,rehedge
2026-05-14 15:00:00,stock,AXISBANK,long,AXISBANK_spot_proxy,1h,6.005110353900363,435.00305498380703,1254.6,0.15068022900006792,rehedge
2026-05-14 15:00:00,stock,INFY,long,INFY_spot_proxy,1h,0.8218817565122549,278.46122978903213,1095.0,0.017999210467618383,rehedge
2026-05-14 15:00:00,stock,TCS,long,TCS_spot_proxy,1h,0.46186628112374706,166.01135551286447,2246.0,0.020747033348078717,rehedge
2026-05-14 15:00:00,index,NIFTY,short,spot_as_fut_proxy,1h,-19.46827128607589,-520.0986231971865,23689.6,92.23911189172468,rehedge
2026-05-15 09:00:00,stock,HDFCBANK,long,HDFCBANK_spot_proxy,1h,-77.65745087309244,137.05719017773356,776.5,12.060202120591256,rehedge
2026-05-15 09:00:00,stock,ICICIBANK,long,ICICIBANK_spot_proxy,1h,-5.938052340929858,616.7634501819311,1249.0,1.4833254747642786,rehedge
2026-05-15 09:00:00,stock,KOTAKBANK,short,KOTAKBANK_spot_proxy,1h,106.87441248068049,185.66804132053804,390.0,0.8336204173493079,rehedge
2026-05-15 09:00:00,stock,RELIANCE,long,RELIANCE_spot_proxy,1h,99.25789991926004,-75.49657717106939,1347.1,2.674206339624704,rehedge
2026-05-15 09:00:00,stock,AXISBANK,long,AXISBANK_spot_proxy,1h,15.39936704596522,450.40242202977225,1252.3,0.38569254703324496,rehedge
2026-05-15 09:00:00,stock,INFY,long,INFY_spot_proxy,1h,-130.92487830941795,147.53635147961418,1128.5,29.54974503443563,rehedge
2026-05-15 09:00:00,stock,TCS,long,TCS_spot_proxy,1h,-12.40258710484818,153.6087684080163,2292.4,5.686338135830794,rehedge
2026-05-15 09:00:00,index,NIFTY,short,spot_as_fut_proxy,1h,97.39053086860736,-422.70809232857914,23817.95,46.39285589403893,rehedge
2026-05-15 10:00:00,stock,HDFCBANK,long,HDFCBANK_spot_proxy,1h,-46.214440686880195,90.84274949085336,780.3,7.212225613594523,rehedge
2026-05-15 10:00:00,stock,ICICIBANK,long,ICICIBANK_spot_proxy,1h,0.24434745851124262,617.0077976404424,1250.4,0.006110641242449156,rehedge
2026-05-15 10:00:00,stock,KOTAKBANK,short,KOTAKBANK_spot_proxy,1h,35.225141448252856,220.8931827687909,392.25,0.27634123466154364,rehedge
2026-05-15 10:00:00,stock,RELIANCE,long,RELIANCE_spot_proxy,1h,47.174565482264725,-28.32201168880466,1340.0,1.2642783549246948,rehedge
2026-05-15 10:00:00,stock,AXISBANK,long,AXISBANK_spot_proxy,1h,4.8938624176146845,455.29628444738694,1251.0,0.12244443768871942,rehedge
2026-05-15 10:00:00,stock,INFY,long,INFY_spot_proxy,1h,18.297014767055998,165.83336624667018,1124.8,0.4116096441996917,rehedge
2026-05-15 10:00:00,stock,TCS,long,TCS_spot_proxy,1h,-1.1324563350179346,152.47631207299835,2292.5,0.519231229605723,rehedge
2026-05-15 10:00:00,index,NIFTY,short,spot_as_fut_proxy,1h,-2.6899895951507347,-425.3980819237299,23829.55,12.820248311424837,rehedge
2026-05-15 10:00:00,index,NIFTY,short,spot_as_fut_proxy,1h,425.3980819237299,0.0,23829.55,202.74089726211236,flatten
2026-05-15 11:00:00,stock,HDFCBANK,long,HDFCBANK_spot_proxy,1h,67.90318810411851,158.74593759497188,774.4,1.0516845773565877,rehedge
2026-05-15 11:00:00,stock,ICICIBANK,long,ICICIBANK_spot_proxy,1h,10.299419664155039,627.3072173045974,1246.0,0.2566615380307436,rehedge
2026-05-15 11:00:00,stock,KOTAKBANK,short,KOTAKBANK_spot_proxy,1h,-29.48354124770134,191.40964152108955,390.25,2.3011903943830894,rehedge
2026-05-15 11:00:00,stock,RELIANCE,long,RELIANCE_spot_proxy,1h,30.316146358938646,1.9941346701339846,1335.4,0.8096836369545335,rehedge
2026-05-15 11:00:00,stock,AXISBANK,long,AXISBANK_spot_proxy,1h,-2.4286744764982586,452.8676099708887,1251.1,0.6077029275093943,rehedge
2026-05-15 11:00:00,stock,INFY,long,INFY_spot_proxy,1h,17.5891528027245,183.42251904939468,1121.0,0.3943488058370833,rehedge
2026-05-15 11:00:00,stock,TCS,long,TCS_spot_proxy,1h,4.226147162393744,156.7024592353921,2281.3,0.192822190431377,rehedge
2026-05-15 12:00:00,stock,HDFCBANK,long,HDFCBANK_spot_proxy,1h,-20.332030148820536,138.41390744615134,776.45,3.1573609618103413,rehedge
2026-05-15 12:00:00,stock,ICICIBANK,long,ICICIBANK_spot_proxy,1h,-9.616896700116513,617.6903206044809,1250.9,2.4059552164351494,rehedge
2026-05-15 12:00:00,stock,KOTAKBANK,short,KOTAKBANK_spot_proxy,1h,6.163605606751332,197.5732471278409,390.7,0.048162414211154914,rehedge
2026-05-15 12:00:00,stock,RELIANCE,long,RELIANCE_spot_proxy,1h,-2.832338813242435,-0.8382041431084508,1335.9,0.7567442841221139,rehedge
2026-05-15 12:00:00,stock,AXISBANK,long,AXISBANK_spot_proxy,1h,-23.632201616518614,429.23540835437007,1257.8,5.9449166386514225,rehedge
2026-05-15 12:00:00,stock,INFY,long,INFY_spot_proxy,1h,-12.469450614785046,170.95306843460963,1124.0,2.8031324982036785,rehedge
2026-05-15 12:00:00,stock,TCS,long,TCS_spot_proxy,1h,0.5194576436606155,157.2219168790527,2283.9,0.0237277862471296,rehedge
2026-05-15 13:00:00,stock,HDFCBANK,long,HDFCBANK_spot_proxy,1h,37.967982866698776,176.38189031285012,773.1,0.5870609510848965,rehedge
2026-05-15 13:00:00,stock,ICICIBANK,long,ICICIBANK_spot_proxy,1h,-0.6777426786305796,617.0125779258503,1250.9,0.1695576633397984,rehedge
2026-05-15 13:00:00,stock,KOTAKBANK,short,KOTAKBANK_spot_proxy,1h,-8.859734590549408,188.71351253729148,389.9,0.6908821033710428,rehedge
2026-05-15 13:00:00,stock,RELIANCE,long,RELIANCE_spot_proxy,1h,11.413139743489452,10.574935600381002,1334.1,0.3045253946357856,rehedge
2026-05-15 13:00:00,stock,AXISBANK,long,AXISBANK_spot_proxy,1h,9.861988769789832,439.0973971241599,1255.9,0.24771343391958103,rehedge
2026-05-15 13:00:00,stock,INFY,long,INFY_spot_proxy,1h,37.501534089060044,208.45460252366968,1115.7,0.836809231663286,rehedge
2026-05-15 13:00:00,stock,TCS,long,TCS_spot_proxy,1h,1.6893183484491772,158.9112352275019,2270.9,0.07672546074986474,rehedge
2026-05-15 14:00:00,stock,HDFCBANK,long,HDFCBANK_spot_proxy,1h,56.22547103476023,232.60736134761035,768.15,0.8637919115070215,rehedge
2026-05-15 14:00:00,stock,ICICIBANK,long,ICICIBANK_spot_proxy,1h,7.645873211229286,624.6584511370796,1248.6,0.19093274583081773,rehedge
2026-05-15 14:00:00,stock,KOTAKBANK,short,KOTAKBANK_spot_proxy,1h,-40.268525254625615,148.44498728266586,387.25,3.118797280970754,rehedge
2026-05-15 14:00:00,stock,RELIANCE,long,RELIANCE_spot_proxy,1h,19.11159170727342,29.68652730765442,1331.2,0.5088270176144476,rehedge
2026-05-15 14:00:00,stock,AXISBANK,long,AXISBANK_spot_proxy,1h,38.65711980408861,477.7545169282485,1246.2,0.9634900539971046,rehedge
2026-05-15 14:00:00,stock,INFY,long,INFY_spot_proxy,1h,-11.033780248361694,197.42082227530798,1118.6,2.468477317163478,rehedge
2026-05-15 14:00:00,stock,TCS,long,TCS_spot_proxy,1h,4.661229133219905,163.5724643607218,2265.1,0.21116300219312814,rehedge
2026-05-15 15:00:00,stock,HDFCBANK,long,HDFCBANK_spot_proxy,1h,10.12168941323506,242.7290507608454,767.5,0.1553679324931582,rehedge
2026-05-15 15:00:00,stock,ICICIBANK,long,ICICIBANK_spot_proxy,1h,9.146467541150173,633.8049186782298,1244.5,0.22765557709922782,rehedge
2026-05-15 15:00:00,stock,KOTAKBANK,short,KOTAKBANK_spot_proxy,1h,-2.032783352309309,146.41220393035655,387.05,0.15735775930226362,rehedge
2026-05-15 15:00:00,stock,RELIANCE,long,RELIANCE_spot_proxy,1h,-33.272667068196064,-3.586139760541646,1336.4,8.893118453987444,rehedge
2026-05-15 15:00:00,stock,AXISBANK,long,AXISBANK_spot_proxy,1h,5.793614214236186,483.5481311424847,1244.8,0.1442378194776241,rehedge
2026-05-15 15:00:00,stock,INFY,long,INFY_spot_proxy,1h,-0.9212399845306152,196.49958229077737,1119.0,0.20617350853795172,rehedge
2026-05-15 15:00:00,stock,TCS,long,TCS_spot_proxy,1h,1.006540819396605,164.5790051801184,2264.0,0.04557616830227828,rehedge
2026-05-18 09:00:00,stock,HDFCBANK,long,HDFCBANK_spot_proxy,1h,118.93421490917135,361.66326567001676,755.6,1.7973338557073977,rehedge
2026-05-18 09:00:00,stock,ICICIBANK,long,ICICIBANK_spot_proxy,1h,31.073907732162183,664.878826410392,1235.4,0.7677741122462634,rehedge
2026-05-18 09:00:00,stock,KOTAKBANK,short,KOTAKBANK_spot_proxy,1h,-88.82559856713864,57.58660536321791,382.05,6.787163986515064,rehedge
2026-05-18 09:00:00,stock,RELIANCE,long,RELIANCE_spot_proxy,1h,114.99020525192202,111.40406549138038,1320.1,3.0359713990612454,rehedge
2026-05-18 09:00:00,stock,AXISBANK,long,AXISBANK_spot_proxy,1h,58.64910240324758,542.1972335457323,1232.0,1.4451138832160206,rehedge
2026-05-18 09:00:00,stock,INFY,long,INFY_spot_proxy,1h,-43.39042211266917,153.1091601781082,1130.0,9.806235397463233,rehedge
2026-05-18 09:00:00,stock,TCS,long,TCS_spot_proxy,1h,1.5980507631617797,166.17705594328018,2260.6,0.07225107110407039,rehedge
2026-05-18 10:00:00,stock,HDFCBANK,long,HDFCBANK_spot_proxy,1h,-41.7699203750974,319.89334529491936,761.35,6.360305775516082,rehedge
2026-05-18 10:00:00,stock,ICICIBANK,long,ICICIBANK_spot_proxy,1h,1.8999734054465307,666.7787998158385,1237.3,0.047016741891179846,rehedge
2026-05-18 10:00:00,stock,KOTAKBANK,short,KOTAKBANK_spot_proxy,1h,6.748074284040499,64.33467964725841,382.4,0.051609272124341736,rehedge
2026-05-18 10:00:00,stock,RELIANCE,long,RELIANCE_spot_proxy,1h,-109.6857002268816,1.7183652644987835,1336.5,29.318987670645452,rehedge
2026-05-18 10:00:00,stock,AXISBANK,long,AXISBANK_spot_proxy,1h,-0.9401942282219125,541.2570393175104,1236.3,0.23247242487015007,rehedge
2026-05-18 10:00:00,stock,INFY,long,INFY_spot_proxy,1h,-10.880859536240905,142.2283006418673,1132.5,2.4645146849585653,rehedge
2026-05-18 10:00:00,stock,TCS,long,TCS_spot_proxy,1h,-3.7419013390228884,162.4351546042573,2277.0,1.7040618697910235,rehedge
2026-05-18 10:00:00,index,NIFTY,short,spot_as_fut_proxy,1h,9.135762545506951,9.135762545506951,23465.1,4.2874316341315035,entry
2026-05-18 10:00:00,stock,BAJFINANCE,short,BAJFINANCE_spot_proxy,1h,11.67446831601135,11.67446831601135,898.7,0.20983689351198803,entry
2026-05-18 11:00:00,stock,HDFCBANK,long,HDFCBANK_spot_proxy,1h,-33.62399293332959,286.26935236158977,764.5,5.141108519506094,rehedge
2026-05-18 11:00:00,stock,ICICIBANK,long,ICICIBANK_spot_proxy,1h,1.3649180161540926,668.1437178319926,1235.7,0.03373258385123225,rehedge
2026-05-18 11:00:00,stock,KOTAKBANK,short,KOTAKBANK_spot_proxy,1h,18.952208339182164,83.28688798644058,383.25,0.1452686769198313,rehedge
2026-05-18 11:00:00,stock,RELIANCE,long,RELIANCE_spot_proxy,1h,-5.189920524834412,-3.471555260335629,1337.3,1.388096143572212,rehedge
2026-05-18 11:00:00,stock,AXISBANK,long,AXISBANK_spot_proxy,1h,19.314921759433446,560.5719610769438,1227.1,0.47402680982001566,rehedge
2026-05-18 11:00:00,stock,INFY,long,INFY_spot_proxy,1h,1.3091702192327546,143.53747086110005,1132.7,0.029657942146498823,rehedge
2026-05-18 11:00:00,stock,TCS,long,TCS_spot_proxy,1h,3.5334977910536622,165.96865239531095,2265.5,0.16010278491264146,rehedge
2026-05-18 11:00:00,index,NIFTY,short,spot_as_fut_proxy,1h,5.579205256063323,14.714967801570275,23474.7,2.6194033924901943,rehedge
2026-05-18 11:00:00,stock,BAJFINANCE,short,BAJFINANCE_spot_proxy,1h,3.959852197078284,15.634320513089634,902.6,0.07148325186165719,rehedge
2026-05-18 12:00:00,stock,HDFCBANK,long,HDFCBANK_spot_proxy,1h,-94.71657472317776,191.552777638412,772.7,14.63749945771989,rehedge
2026-05-18 12:00:00,stock,ICICIBANK,long,ICICIBANK_spot_proxy,1h,-17.394782249177638,650.748935582815,1245.6,4.333388153915133,rehedge
2026-05-18 12:00:00,stock,KOTAKBANK,short,KOTAKBANK_spot_proxy,1h,112.63661081454543,195.923498800986,389.85,0.8782276545210109,rehedge
2026-05-18 12:00:00,stock,RELIANCE,long,RELIANCE_spot_proxy,1h,-0.7920253322920292,-4.263580592627658,1337.4,0.21185093588147197,rehedge
2026-05-18 12:00:00,stock,AXISBANK,long,AXISBANK_spot_proxy,1h,-15.413795450519842,545.158165626424,1234.3,3.8050495449153288,rehedge
2026-05-18 12:00:00,stock,INFY,long,INFY_spot_proxy,1h,-29.501756571632498,114.03571428946755,1138.5,6.717549971360721,rehedge
2026-05-18 12:00:00,stock,TCS,long,TCS_spot_proxy,1h,-3.7085972065758313,162.26005518873512,2284.0,1.69408720396384,rehedge
2026-05-18 12:00:00,index,NIFTY,short,spot_as_fut_proxy,1h,88.1406419512659,102.85560975283619,23636.9,41.66743079475755,rehedge
2026-05-18 12:00:00,stock,BAJFINANCE,short,BAJFINANCE_spot_proxy,1h,15.623269414264563,31.257589927354196,918.15,0.2868900962541402,rehedge
2026-05-18 13:00:00,stock,HDFCBANK,long,HDFCBANK_spot_proxy,1h,-8.091941172692657,183.46083646571935,773.3,1.2514996217686463,rehedge
2026-05-18 13:00:00,stock,ICICIBANK,long,ICICIBANK_spot_proxy,1h,-10.759958692237774,639.9889768905772,1248.7,2.687192083799462,rehedge
2026-05-18 13:00:00,stock,KOTAKBANK,short,KOTAKBANK_spot_proxy,1h,38.9137834907892,234.8372822917752,392.25,0.3052786314852413,rehedge
2026-05-18 13:00:00,stock,RELIANCE,long,RELIANCE_spot_proxy,1h,19.627944625797895,15.364364033170236,1334.7,0.5239483538410491,rehedge
2026-05-18 13:00:00,stock,AXISBANK,long,AXISBANK_spot_proxy,1h,-5.815639177957337,539.3425264484666,1238.5,1.4405338243800323,rehedge
2026-05-18 13:00:00,stock,INFY,long,INFY_spot_proxy,1h,3.2587172526806825,117.29443154214823,1137.9,0.07416188723650699,rehedge
2026-05-18 13:00:00,stock,TCS,long,TCS_spot_proxy,1h,1.337532166731279,163.5975873554664,2282.3,0.061052993282615965,rehedge
2026-05-18 13:00:00,index,NIFTY,short,spot_as_fut_proxy,1h,2.8940744430861116,105.7496841959223,23640.9,1.3683704900310893,rehedge
2026-05-18 13:00:00,stock,BAJFINANCE,short,BAJFINANCE_spot_proxy,1h,-0.3494304820768619,30.908159445277334,917.6,0.0641274820707457,rehedge
2026-05-18 14:00:00,stock,HDFCBANK,long,HDFCBANK_spot_proxy,1h,69.96413313786661,253.42496960358596,767.7,1.0742293001988041,rehedge
2026-05-18 14:00:00,stock,ICICIBANK,long,ICICIBANK_spot_proxy,1h,6.944228795331242,646.9332056859084,1248.2,0.17335572764664917,rehedge
2026-05-18 14:00:00,stock,KOTAKBANK,short,KOTAKBANK_spot_proxy,1h,-21.773270181863495,213.06401210991172,390.65,1.701145599308995,rehedge
2026-05-18 14:00:00,stock,RELIANCE,long,RELIANCE_spot_proxy,1h,16.074403480080793,31.43876751325103,1332.5,0.42838285274415316,rehedge
2026-05-18 14:00:00,stock,AXISBANK,long,AXISBANK_spot_proxy,1h,8.681185223117268,548.0237116715839,1235.9,0.21458153634501267,rehedge
2026-05-18 14:00:00,stock,INFY,long,INFY_spot_proxy,1h,-10.787867444183817,106.50656409796441,1140.1,2.4598495346227938,rehedge
2026-05-18 14:00:00,stock,TCS,long,TCS_spot_proxy,1h,0.4092873072026748,164.00687466266908,2279.6,0.01866022690998435,rehedge
2026-05-18 14:00:00,index,NIFTY,short,spot_as_fut_proxy,1h,-22.30409578015589,83.44558841576641,23591.5,105.23741511950955,rehedge
2026-05-18 14:00:00,stock,BAJFINANCE,short,BAJFINANCE_spot_proxy,1h,-1.6850802979770592,29.223079147300275,915.55,0.3085550533625793,rehedge
2026-05-18 15:00:00,stock,HDFCBANK,long,HDFCBANK_spot_proxy,1h,-6.044076893459646,247.38089271012632,768.65,0.9291559408315514,rehedge
2026-05-18 15:00:00,stock,ICICIBANK,long,ICICIBANK_spot_proxy,1h,-7.712526033163272,639.2206796527452,1251.1,1.9298282640181137,rehedge
2026-05-18 15:00:00,stock,KOTAKBANK,short,KOTAKBANK_spot_proxy,1h,17.903351093300643,230.96736320321236,391.8,0.14029065916710384,rehedge
2026-05-18 15:00:00,stock,RELIANCE,long,RELIANCE_spot_proxy,1h,-24.269688708698194,7.169078804552837,1335.9,6.484375429189984,rehedge
2026-05-18 15:00:00,stock,AXISBANK,long,AXISBANK_spot_proxy,1h,-4.618359912207552,543.4053517593763,1237.9,1.1434135470643458,rehedge
2026-05-18 15:00:00,stock,INFY,long,INFY_spot_proxy,1h,-14.320129999090028,92.18643409887439,1142.5,3.2721497047920716,rehedge
2026-05-18 15:00:00,stock,TCS,long,TCS_spot_proxy,1h,0.6653113573806593,164.67218602004974,2283.2,0.030380777823430422,rehedge
2026-05-18 15:00:00,index,NIFTY,short,spot_as_fut_proxy,1h,42.65092956836587,126.09651798413228,23649.95,20.17384703490749,rehedge
2026-05-18 15:00:00,stock,BAJFINANCE,short,BAJFINANCE_spot_proxy,1h,6.0435842585830315,35.26666340588331,921.1,0.11133490921161662,rehedge
2026-05-19 09:00:00,stock,HDFCBANK,long,HDFCBANK_spot_proxy,1h,86.41278942541794,333.79368213554426,765.4,1.322806980524298,rehedge
2026-05-19 09:00:00,stock,ICICIBANK,long,ICICIBANK_spot_proxy,1h,44.61426361958661,683.8349432723318,1236.8,1.1035784248940945,rehedge
2026-05-19 09:00:00,stock,KOTAKBANK,short,KOTAKBANK_spot_proxy,1h,-24.538257923376705,206.42910527983565,388.8,1.9080949361217725,rehedge
2026-05-19 09:00:00,stock,RELIANCE,long,RELIANCE_spot_proxy,1h,-18.228012431006775,-11.058933626453937,1338.6,4.880003488029134,rehedge
2026-05-19 09:00:00,stock,AXISBANK,long,AXISBANK_spot_proxy,1h,37.313080240685736,580.7184320000621,1234.8,0.921483829623975,rehedge
2026-05-19 09:00:00,stock,INFY,long,INFY_spot_proxy,1h,-291.83695095663626,-199.6505168577619,1189.4,69.42217389356465,rehedge
2026-05-19 09:00:00,stock,TCS,long,TCS_spot_proxy,1h,-19.488307727704438,145.1838782923453,2348.1,9.152099075084559,rehedge
2026-05-19 09:00:00,index,NIFTY,short,spot_as_fut_proxy,1h,39.69428531307983,165.7908032972121,23678.15,18.797744835718028,rehedge
2026-05-19 09:00:00,stock,BAJFINANCE,short,BAJFINANCE_spot_proxy,1h,3.1180628881773345,38.38472629406064,923.0,0.0575594409157536,rehedge
2026-05-19 10:00:00,stock,HDFCBANK,long,HDFCBANK_spot_proxy,1h,-42.053597461578875,291.7400846739654,768.35,6.462376321920826,rehedge
2026-05-19 10:00:00,stock,HDFCBANK,long,HDFCBANK_spot_proxy,1h,-291.7400846739654,0.0,768.35,44.83169881184826,flatten
2026-05-19 10:00:00,stock,ICICIBANK,long,ICICIBANK_spot_proxy,1h,-5.5468390134587935,678.288104258873,1242.2,1.3780566845037028,rehedge
2026-05-19 10:00:00,stock,ICICIBANK,long,ICICIBANK_spot_proxy,1h,-678.288104258873,0.0,1242.2,168.51389662207444,flatten
2026-05-19 10:00:00,stock,KOTAKBANK,short,KOTAKBANK_spot_proxy,1h,17.594709917588517,224.02381519742417,388.5,0.13671089605966277,rehedge
2026-05-19 10:00:00,stock,KOTAKBANK,short,KOTAKBANK_spot_proxy,1h,-224.02381519742417,0.0,388.5,17.406650440839858,flatten
2026-05-19 10:00:00,stock,RELIANCE,long,RELIANCE_spot_proxy,1h,-14.842382099772317,-25.901315726226255,1340.4,3.978945793306963,rehedge
2026-05-19 10:00:00,stock,RELIANCE,long,RELIANCE_spot_proxy,1h,25.901315726226255,0.0,1340.4,0.6943624719886735,flatten
2026-05-19 10:00:00,stock,AXISBANK,long,AXISBANK_spot_proxy,1h,-35.21193234665475,545.5064996534073,1248.5,8.792419506959693,rehedge
2026-05-19 10:00:00,stock,AXISBANK,long,AXISBANK_spot_proxy,1h,-545.5064996534073,0.0,1248.5,136.21297296345583,flatten
2026-05-19 10:00:00,stock,INFY,long,INFY_spot_proxy,1h,-7.758764151805366,-207.40928100956725,1190.9,1.8479824456770022,rehedge
2026-05-19 10:00:00,stock,INFY,long,INFY_spot_proxy,1h,207.40928100956725,0.0,1190.9,4.940074255085873,flatten
2026-05-19 10:00:00,stock,TCS,long,TCS_spot_proxy,1h,-1.8463876092434646,143.33749068310183,2351.1,0.8682083816184619,rehedge
2026-05-19 10:00:00,stock,TCS,long,TCS_spot_proxy,1h,-143.33749068310183,0.0,2351.1,67.40015486900815,flatten
2026-05-19 10:00:00,index,NIFTY,short,spot_as_fut_proxy,1h,78.18421721302141,243.97502051023352,23771.95,37.17182604754169,rehedge
2026-05-19 10:00:00,stock,BAJFINANCE,short,BAJFINANCE_spot_proxy,1h,3.8024266353446663,42.18715292940531,926.45,0.07045516312630133,rehedge
2026-05-19 10:00:00,stock,BHARTIARTL,long,BHARTIARTL_spot_proxy,1h,-9.232588873718129,-9.232588873718129,1923.6,3.551961591496838,entry
2026-05-19 10:00:00,stock,ICICIBANK,short,ICICIBANK_spot_proxy,1h,34.52437508123199,34.52437508123199,1242.2,0.8577235745181276,entry
2026-05-19 10:00:00,stock,ITC,short,ITC_spot_proxy,1h,327.0822815904558,327.0822815904558,312.7,2.0455725890667105,entry
2026-05-19 11:00:00,index,NIFTY,short,spot_as_fut_proxy,1h,-10.075855845311253,233.89916466492227,23754.65,47.869685811164594,rehedge
2026-05-19 11:00:00,stock,BAJFINANCE,short,BAJFINANCE_spot_proxy,1h,-1.223242624725927,40.96391030467938,926.3,0.2266179286567252,rehedge
2026-05-19 11:00:00,stock,BHARTIARTL,long,BHARTIARTL_spot_proxy,1h,14.60404690122158,5.371458027503451,1918.8,0.5604449038812793,rehedge
2026-05-19 11:00:00,stock,ICICIBANK,short,ICICIBANK_spot_proxy,1h,0.5642214312458833,35.08859651247787,1242.3,0.014018645680735218,rehedge
2026-05-19 11:00:00,stock,ITC,short,ITC_spot_proxy,1h,69.62532165511612,396.70760324557193,314.05,0.43731664531578446,rehedge
2026-05-19 12:00:00,index,NIFTY,short,spot_as_fut_proxy,1h,-21.567164056545295,212.33200060837697,23723.9,102.33144867221499,rehedge
2026-05-19 12:00:00,stock,BAJFINANCE,short,BAJFINANCE_spot_proxy,1h,2.663940173413124,43.627850478092505,929.35,0.04951465600322974,rehedge
2026-05-19 12:00:00,stock,BHARTIARTL,long,BHARTIARTL_spot_proxy,1h,13.090370302224748,18.4618283297282,1914.6,0.5012564596127901,rehedge
2026-05-19 12:00:00,stock,ICICIBANK,short,ICICIBANK_spot_proxy,1h,32.57599920594297,67.66459571842084,1247.8,0.8129666361835128,rehedge
2026-05-19 12:00:00,stock,ITC,short,ITC_spot_proxy,1h,-108.9648195584403,287.74278368713163,311.95,6.798315092251091,rehedge
2026-05-19 13:00:00,index,NIFTY,short,spot_as_fut_proxy,1h,-24.952981448504772,187.3790191598722,23689.1,118.22273456635487,rehedge
2026-05-19 13:00:00,stock,BAJFINANCE,short,BAJFINANCE_spot_proxy,1h,-4.686022988083295,38.94182749000921,923.15,0.8651804242898187,rehedge
2026-05-19 13:00:00,stock,BHARTIARTL,long,BHARTIARTL_spot_proxy,1h,3.9015533309669195,22.36338166069512,1913.3,0.14929683976278016,rehedge
2026-05-19 13:00:00,stock,ICICIBANK,short,ICICIBANK_spot_proxy,1h,-6.845882493983851,60.81871322443699,1246.6,1.7068154234000537,rehedge
2026-05-19 13:00:00,stock,ITC,short,ITC_spot_proxy,1h,-34.426217671082185,253.31656601604945,311.3,2.143376312201577,rehedge
2026-05-19 14:00:00,index,NIFTY,short,spot_as_fut_proxy,1h,-26.563168769304582,160.81585039056762,23655.15,125.67114834264308,rehedge
2026-05-19 14:00:00,stock,BAJFINANCE,short,BAJFINANCE_spot_proxy,1h,0.9547103711816973,39.89653786119091,923.75,0.01763827410758186,rehedge
2026-05-19 14:00:00,stock,BHARTIARTL,long,BHARTIARTL_spot_proxy,1h,-7.3181637633196885,15.04521789737543,1915.8,2.804027627553572,rehedge
2026-05-19 14:00:00,stock,ICICIBANK,short,ICICIBANK_spot_proxy,1h,-20.47726275919461,40.34145046524238,1243.2,5.0914666124461485,rehedge
2026-05-19 14:00:00,stock,ITC,short,ITC_spot_proxy,1h,-2.712965649357699,250.60360036669175,311.25,0.16888211167251677,rehedge
2026-05-19 15:00:00,index,NIFTY,short,spot_as_fut_proxy,1h,-30.10178233993466,130.71406805063296,23618.0,142.18877906091535,rehedge
2026-05-19 15:00:00,stock,BAJFINANCE,short,BAJFINANCE_spot_proxy,1h,-0.6519118285211221,39.244626032669785,923.55,0.12041463384613645,rehedge
2026-05-19 15:00:00,stock,BHARTIARTL,long,BHARTIARTL_spot_proxy,1h,9.21874559480689,24.26396349218232,1913.5,0.3528013939132597,rehedge
2026-05-19 15:00:00,stock,ICICIBANK,short,ICICIBANK_spot_proxy,1h,-14.097926690283078,26.243523774959304,1240.8,3.498541487460648,rehedge
2026-05-19 15:00:00,stock,ITC,short,ITC_spot_proxy,1h,-46.031113968126306,204.57248639856545,310.3,2.8566909328619188,rehedge
2026-05-20 09:00:00,index,NIFTY,short,spot_as_fut_proxy,1h,-67.67464762049109,63.039420430141874,23541.9,318.63795736336783,rehedge
2026-05-20 09:00:00,stock,BAJFINANCE,short,BAJFINANCE_spot_proxy,1h,-5.74486423092479,33.499761801744995,917.9,1.054642175513173,rehedge
2026-05-20 09:00:00,stock,BHARTIARTL,long,BHARTIARTL_spot_proxy,1h,18.533359848051006,42.797323340233326,1907.3,0.7069735447637536,rehedge
2026-05-20 09:00:00,stock,ICICIBANK,short,ICICIBANK_spot_proxy,1h,-53.651278654005296,-27.40775487904599,1231.9,13.218602034773827,rehedge
2026-05-20 09:00:00,stock,ITC,short,ITC_spot_proxy,1h,-41.68024999657911,162.89223640198634,309.65,2.581257882288144,rehedge
2026-05-20 10:00:00,index,NIFTY,short,spot_as_fut_proxy,1h,5.710638974185201,68.75005940432708,23546.4,2.6892997908350886,rehedge
2026-05-20 10:00:00,stock,BAJFINANCE,short,BAJFINANCE_spot_proxy,1h,-1.618693510847148,31.881068290897847,916.6,0.2967388944084992,rehedge
2026-05-20 10:00:00,stock,BHARTIARTL,long,BHARTIARTL_spot_proxy,1h,18.753340419298155,61.55066375953148,1902.0,0.7133770695501019,rehedge
2026-05-20 10:00:00,stock,ICICIBANK,short,ICICIBANK_spot_proxy,1h,-6.189567709887541,-33.59732258893353,1230.7,1.5235001961117194,rehedge
2026-05-20 10:00:00,stock,ITC,short,ITC_spot_proxy,1h,-74.20547343281108,88.68676296917526,308.3,4.575509491867131,rehedge
2026-05-20 10:00:00,stock,AXISBANK,short,AXISBANK_spot_proxy,1h,66.62849319771857,66.62849319771857,1239.7,1.6519868603442343,entry
2026-05-20 10:00:00,stock,KOTAKBANK,short,KOTAKBANK_spot_proxy,1h,40.322374172699504,40.322374172699504,379.75,0.3062484318416528,entry
2026-05-20 11:00:00,index,NIFTY,short,spot_as_fut_proxy,1h,50.74888923063372,119.4989486349608,23608.15,23.961747785803716,rehedge
2026-05-20 11:00:00,stock,BAJFINANCE,short,BAJFINANCE_spot_proxy,1h,3.2587119865959657,35.13978027749381,919.45,0.059924454721513226,rehedge
2026-05-20 11:00:00,stock,BHARTIARTL,long,BHARTIARTL_spot_proxy,1h,-4.891586878286546,56.659076881244935,1903.7,1.8624227880388198,rehedge
2026-05-20 11:00:00,stock,ICICIBANK,short,ICICIBANK_spot_proxy,1h,9.066227637334993,-24.531094951598536,1232.4,0.22346437880503295,rehedge
2026-05-20 11:00:00,stock,ITC,short,ITC_spot_proxy,1h,-20.035697374033035,68.65106559514223,307.95,1.2339986012666948,rehedge
2026-05-20 11:00:00,stock,AXISBANK,short,AXISBANK_spot_proxy,1h,41.865788914690896,108.49428211240946,1248.6,1.045472480777661,rehedge
2026-05-20 11:00:00,stock,KOTAKBANK,short,KOTAKBANK_spot_proxy,1h,20.79190157866551,61.114275751365014,382.15,0.15891250376574048,rehedge
2026-05-20 12:00:00,index,NIFTY,short,spot_as_fut_proxy,1h,5.213362859447898,124.7123114944087,23612.75,2.462036677188567,rehedge
2026-05-20 12:00:00,stock,BAJFINANCE,short,BAJFINANCE_spot_proxy,1h,-1.6763644571368417,33.46341582035697,918.3,0.30788109619775234,rehedge
2026-05-20 12:00:00,stock,BHARTIARTL,long,BHARTIARTL_spot_proxy,1h,-5.403552862681764,51.25552401856317,1905.6,2.0594020670252737,rehedge
2026-05-20 12:00:00,stock,ICICIBANK,short,ICICIBANK_spot_proxy,1h,-9.116805072645274,-33.64790002424381,1230.8,2.244192736682361,rehedge
2026-05-20 12:00:00,stock,ITC,short,ITC_spot_proxy,1h,-19.078492920999324,49.572572674142904,307.6,1.1737088844998786,rehedge
2026-05-20 12:00:00,stock,AXISBANK,short,AXISBANK_spot_proxy,1h,-28.776208164437676,79.71807394797179,1242.4,7.150312204699475,rehedge
2026-05-20 12:00:00,stock,KOTAKBANK,short,KOTAKBANK_spot_proxy,1h,8.06365548743537,69.17793123880038,383.05,0.06177566468924237,rehedge
2026-05-20 13:00:00,index,NIFTY,short,spot_as_fut_proxy,1h,16.061145194773715,140.7734566891824,23628.15,7.589902956677853,rehedge
2026-05-20 13:00:00,stock,BAJFINANCE,short,BAJFINANCE_spot_proxy,1h,0.08101516822870991,33.54443098858568,918.35,0.001488005594856715,rehedge
2026-05-20 13:00:00,stock,BHARTIARTL,long,BHARTIARTL_spot_proxy,1h,0.5251707222113637,51.780694740774535,1905.5,0.020014256223475073,rehedge
2026-05-20 13:00:00,stock,ICICIBANK,short,ICICIBANK_spot_proxy,1h,0.5593585360568412,-33.08854148818697,1231.1,0.013772525874791544,rehedge
2026-05-20 13:00:00,stock,ITC,short,ITC_spot_proxy,1h,-36.14903032262511,13.423542351517792,306.95,2.2191889715059556,rehedge
2026-05-20 13:00:00,stock,AXISBANK,short,AXISBANK_spot_proxy,1h,24.878256973649982,104.59633092162177,1247.8,0.6208617810344089,rehedge
2026-05-20 13:00:00,stock,KOTAKBANK,short,KOTAKBANK_spot_proxy,1h,-10.362539225099532,58.81539201370085,381.9,0.7914907460131022,rehedge
2026-05-20 14:00:00,index,NIFTY,short,spot_as_fut_proxy,1h,47.51131558730344,188.28477227648585,23679.15,22.500551369781927,rehedge
2026-05-20 14:00:00,stock,BAJFINANCE,short,BAJFINANCE_spot_proxy,1h,4.7797310485184425,38.324162037104124,922.3,0.08816691892097119,rehedge
2026-05-20 14:00:00,stock,BHARTIARTL,long,BHARTIARTL_spot_proxy,1h,3.8404841150831004,55.621178855857636,1904.8,0.14630708284820582,rehedge
2026-05-20 14:00:00,stock,ICICIBANK,short,ICICIBANK_spot_proxy,1h,41.75174301137371,8.663201523186743,1238.2,1.0339401639336587,rehedge
2026-05-20 14:00:00,stock,ITC,short,ITC_spot_proxy,1h,40.73852553853827,54.162067890056065,307.7,0.25070488616416453,rehedge
2026-05-20 14:00:00,stock,AXISBANK,short,AXISBANK_spot_proxy,1h,23.718671278995245,128.31500220061702,1252.7,0.5942475902239469,rehedge
2026-05-20 14:00:00,stock,KOTAKBANK,short,KOTAKBANK_spot_proxy,1h,17.200851522668465,76.01624353636932,383.4,0.1318961294758218,rehedge
2026-05-20 15:00:00,index,NIFTY,short,spot_as_fut_proxy,1h,-14.342526427237573,173.94224584924828,23659.0,67.86596654840275,rehedge
2026-05-20 15:00:00,stock,BAJFINANCE,short,BAJFINANCE_spot_proxy,1h,0.8302504293984043,39.15441246650253,923.1,0.015328083427553341,rehedge
2026-05-20 15:00:00,stock,BHARTIARTL,long,BHARTIARTL_spot_proxy,1h,0.8410361985029127,56.46221505436055,1904.9,0.03204179709056397,rehedge
2026-05-20 15:00:00,stock,ICICIBANK,short,ICICIBANK_spot_proxy,1h,-4.767460849491029,3.8957406736957134,1237.3,1.17975586181505,rehedge
2026-05-20 15:00:00,stock,ITC,short,ITC_spot_proxy,1h,-7.895507876156941,46.266560013899124,307.55,0.4856526894624135,rehedge
2026-05-20 15:00:00,stock,AXISBANK,short,AXISBANK_spot_proxy,1h,-14.729378247467238,113.58562395314978,1249.8,3.681755386736911,rehedge
2026-05-20 15:00:00,stock,KOTAKBANK,short,KOTAKBANK_spot_proxy,1h,-1.9877876058994701,74.02845593046985,383.2,0.1523440421161354,rehedge
2026-05-21 09:00:00,index,NIFTY,short,spot_as_fut_proxy,1h,116.189664955491,290.1319108047393,23768.35,55.23273246089689,rehedge
2026-05-21 09:00:00,stock,BAJFINANCE,short,BAJFINANCE_spot_proxy,1h,-3.7847996992735062,35.36961276722902,919.35,0.6959111207054196,rehedge
2026-05-21 09:00:00,stock,BHARTIARTL,long,BHARTIARTL_spot_proxy,1h,-13.59032210309666,42.87189295126389,1909.0,5.188784978962305,rehedge
2026-05-21 09:00:00,stock,ICICIBANK,short,ICICIBANK_spot_proxy,1h,38.09313647472325,41.988877148418965,1243.9,0.9476810492181652,rehedge
2026-05-21 09:00:00,stock,ITC,short,ITC_spot_proxy,1h,108.6542562382503,154.92081625214942,309.55,0.6726785003710077,rehedge
2026-05-21 09:00:00,stock,AXISBANK,short,AXISBANK_spot_proxy,1h,48.25526082437055,161.84088477752033,1259.3,1.2153569991225968,rehedge
2026-05-21 09:00:00,stock,KOTAKBANK,short,KOTAKBANK_spot_proxy,1h,5.159432096887883,79.18788802735773,383.75,0.03959864134361451,rehedge
2026-05-21 10:00:00,index,NIFTY,short,spot_as_fut_proxy,1h,-35.536409933685576,254.5955008710537,23723.75,168.61138103285467,rehedge
2026-05-21 10:00:00,stock,BAJFINANCE,short,BAJFINANCE_spot_proxy,1h,-10.300443852134325,25.069168915094696,911.1,1.876946878735917,rehedge
2026-05-21 10:00:00,stock,BHARTIARTL,long,BHARTIARTL_spot_proxy,1h,0.44433566541351865,43.31622861667741,1908.9,0.016963847034157317,rehedge
2026-05-21 10:00:00,stock,ICICIBANK,short,ICICIBANK_spot_proxy,1h,-1.9274210104589926,40.06145613795997,1243.6,0.4793881537213606,rehedge
2026-05-21 10:00:00,stock,ITC,short,ITC_spot_proxy,1h,-44.51562467165458,110.40519158049484,308.75,2.7488398234746705,rehedge
2026-05-21 10:00:00,stock,AXISBANK,short,AXISBANK_spot_proxy,1h,-8.010641024829852,153.83024375269048,1257.3,2.0143557921037143,rehedge
2026-05-21 10:00:00,stock,KOTAKBANK,short,KOTAKBANK_spot_proxy,1h,-5.05025030294253,74.1376377244152,383.25,0.38710168572054493,rehedge
2026-05-21 11:00:00,index,NIFTY,short,spot_as_fut_proxy,1h,-3.3263494124115027,251.2691514586422,23716.75,15.778039485362102,rehedge
2026-05-21 11:00:00,index,NIFTY,short,spot_as_fut_proxy,1h,-251.2691514586422,0.0,23716.75,1191.8575295713506,flatten
2026-05-21 11:00:00,stock,BAJFINANCE,short,BAJFINANCE_spot_proxy,1h,-0.44149363376173056,24.627675281332966,910.05,0.08035625628097258,rehedge
2026-05-21 11:00:00,stock,BHARTIARTL,long,BHARTIARTL_spot_proxy,1h,11.724514574210566,55.04074319088797,1905.1,0.44672745430657096,rehedge
2026-05-21 11:00:00,stock,ICICIBANK,short,ICICIBANK_spot_proxy,1h,10.633734746285484,50.695190884245456,1245.3,0.26484379759098625,rehedge
2026-05-21 11:00:00,stock,ITC,short,ITC_spot_proxy,1h,-76.1667804045838,34.23841117591104,307.4,4.682733659273812,rehedge
2026-05-21 11:00:00,stock,AXISBANK,short,AXISBANK_spot_proxy,1h,5.852710973709009,159.6829547263995,1258.8,0.147347851474098,rehedge
2026-05-21 11:00:00,stock,KOTAKBANK,short,KOTAKBANK_spot_proxy,1h,-6.897317646074981,67.24032007834022,382.55,0.5277137731011968,rehedge
2026-05-21 12:00:00,stock,BAJFINANCE,short,BAJFINANCE_spot_proxy,1h,-6.308677621992818,18.31899765934015,904.7,1.1414921289233806,rehedge
2026-05-21 12:00:00,stock,BHARTIARTL,long,BHARTIARTL_spot_proxy,1h,30.36614129600914,85.40688448689711,1896.0,1.1514840779446667,rehedge
2026-05-21 12:00:00,stock,ICICIBANK,short,ICICIBANK_spot_proxy,1h,-58.05187109232487,-7.356680208079419,1236.0,14.350422534022709,rehedge
2026-05-21 12:00:00,stock,ITC,short,ITC_spot_proxy,1h,-8.081505102208283,26.156906073702757,307.25,0.49660848853069905,rehedge
2026-05-21 12:00:00,stock,AXISBANK,short,AXISBANK_spot_proxy,1h,-53.57844473040299,106.1045099959965,1247.8,13.37103666691937,rehedge
2026-05-21 12:00:00,stock,KOTAKBANK,short,KOTAKBANK_spot_proxy,1h,-35.75410466412456,31.486215414215657,378.9,2.709446051447359,rehedge
2026-05-21 13:00:00,stock,BAJFINANCE,short,BAJFINANCE_spot_proxy,1h,11.374824564126577,29.693822223466725,914.05,0.20794316785679798,rehedge
2026-05-21 13:00:00,stock,BHARTIARTL,long,BHARTIARTL_spot_proxy,1h,24.330767620977767,109.73765210787488,1888.7,0.9190704161148142,rehedge
2026-05-21 13:00:00,stock,ICICIBANK,short,ICICIBANK_spot_proxy,1h,23.480319750980208,16.12363954290079,1239.8,0.5822180085453053,rehedge
2026-05-21 13:00:00,stock,ITC,short,ITC_spot_proxy,1h,-0.1733741431586111,25.983531930544146,307.25,0.010653841097096653,rehedge
2026-05-21 13:00:00,stock,AXISBANK,short,AXISBANK_spot_proxy,1h,16.16075537492101,122.2652653709175,1251.1,0.4043744209912735,rehedge
2026-05-21 13:00:00,stock,KOTAKBANK,short,KOTAKBANK_spot_proxy,1h,1.9435067608656098,33.42972217508127,379.1,0.014735668260883055,rehedge
2026-05-21 14:00:00,stock,BAJFINANCE,short,BAJFINANCE_spot_proxy,1h,-4.587230083455072,25.106592140011653,910.45,0.8352887258963342,rehedge
2026-05-21 14:00:00,stock,BHARTIARTL,long,BHARTIARTL_spot_proxy,1h,-2.734798912124745,107.00285319575013,1888.1,1.0327147651965463,rehedge
2026-05-21 14:00:00,stock,ICICIBANK,short,ICICIBANK_spot_proxy,1h,29.378104593491365,45.501744136392155,1244.5,0.7312210233320001,rehedge
2026-05-21 14:00:00,stock,ITC,short,ITC_spot_proxy,1h,16.714412258087123,42.69794418863127,307.55,0.1028103497994939,rehedge
2026-05-21 14:00:00,stock,AXISBANK,short,AXISBANK_spot_proxy,1h,16.604525422674,138.8697907935915,1254.4,0.4165743338040454,rehedge
2026-05-21 14:00:00,stock,KOTAKBANK,short,KOTAKBANK_spot_proxy,1h,18.347736514290872,51.77745868937214,381.0,0.13980975223889647,rehedge
2026-05-21 15:00:00,stock,BAJFINANCE,short,BAJFINANCE_spot_proxy,1h,-3.4140869868284085,21.692505153183244,907.65,0.619759210718961,rehedge
2026-05-21 15:00:00,stock,BHARTIARTL,long,BHARTIARTL_spot_proxy,1h,7.745415444839381,114.74826864058952,1885.3,0.2920486347631137,rehedge
2026-05-21 15:00:00,stock,ICICIBANK,short,ICICIBANK_spot_proxy,1h,-10.818827526822261,34.682916609569894,1242.8,2.6891277700669414,rehedge
2026-05-21 15:00:00,stock,ITC,short,ITC_spot_proxy,1h,27.383577907400536,70.0815220960318,308.05,0.1687102234874947,rehedge
2026-05-21 15:00:00,stock,AXISBANK,short,AXISBANK_spot_proxy,1h,-4.106287522315625,134.76350327127588,1253.3,1.0292820303436347,rehedge
2026-05-21 15:00:00,stock,KOTAKBANK,short,KOTAKBANK_spot_proxy,1h,-0.650501101003023,51.126957588369116,380.85,0.04954866886340027,rehedge
2026-05-22 09:00:00,stock,BAJFINANCE,short,BAJFINANCE_spot_proxy,1h,10.573915361054592,32.266420514237836,916.3,0.19377757290668646,rehedge
2026-05-22 09:00:00,stock,BHARTIARTL,long,BHARTIARTL_spot_proxy,1h,-13.46001391709359,101.28825472349592,1889.9,5.087616060383036,rehedge
2026-05-22 09:00:00,stock,ICICIBANK,short,ICICIBANK_spot_proxy,1h,137.07774694161085,171.76066355118076,1264.9,3.467792842128872,rehedge
2026-05-22 09:00:00,stock,ITC,short,ITC_spot_proxy,1h,-195.818557035658,-125.7370349396262,304.65,11.931224680182641,rehedge
2026-05-22 09:00:00,stock,AXISBANK,short,AXISBANK_spot_proxy,1h,86.8505175804614,221.61402085173728,1271.0,2.207740156895329,rehedge
2026-05-22 09:00:00,stock,KOTAKBANK,short,KOTAKBANK_spot_proxy,1h,40.10487504722176,91.23183263559088,384.75,0.3086070134883715,rehedge
2026-05-22 10:00:00,stock,BAJFINANCE,short,BAJFINANCE_spot_proxy,1h,0.5899764707239257,32.85639698496176,916.9,0.01081898852013535,rehedge
2026-05-22 10:00:00,stock,BHARTIARTL,long,BHARTIARTL_spot_proxy,1h,46.72334584955095,148.01160057304688,1875.2,1.752312362741559,rehedge
2026-05-22 10:00:00,stock,ICICIBANK,short,ICICIBANK_spot_proxy,1h,-11.012518762768622,160.74814478841213,1263.0,2.7817622394753543,rehedge
2026-05-22 10:00:00,stock,ITC,short,ITC_spot_proxy,1h,-54.433571841477516,-180.17060678110371,303.7,3.3062951536513445,rehedge
2026-05-22 10:00:00,stock,AXISBANK,short,AXISBANK_spot_proxy,1h,33.47143983049955,255.08546068223683,1277.7,0.8553291734285856,rehedge
2026-05-22 10:00:00,stock,KOTAKBANK,short,KOTAKBANK_spot_proxy,1h,-2.714629944688994,88.51720269090188,384.5,0.20875504274658366,rehedge
2026-05-22 10:00:00,index,NIFTY,short,spot_as_fut_proxy,1h,-10.16361582182242,-10.16361582182242,23780.75,48.339681390960706,entry
2026-05-22 10:00:00,stock,LT,short,LT_spot_proxy,1h,-5.479430696043987,-5.479430696043987,3946.4,4.324805059773598,entry
2026-05-22 11:00:00,stock,BAJFINANCE,short,BAJFINANCE_spot_proxy,1h,5.092289704940747,37.94868668990251,921.0,0.09379997636500856,rehedge
2026-05-22 11:00:00,stock,BHARTIARTL,long,BHARTIARTL_spot_proxy,1h,-19.656384289306885,128.35521628374,1880.1,7.391193620465176,rehedge
2026-05-22 11:00:00,stock,ICICIBANK,short,ICICIBANK_spot_proxy,1h,15.9127677464636,176.66091253487573,1265.1,0.402624849521022,rehedge
2026-05-22 11:00:00,stock,ITC,short,ITC_spot_proxy,1h,28.23363237716771,-151.936974403936,304.2,0.17177341938268834,rehedge
2026-05-22 11:00:00,stock,AXISBANK,short,AXISBANK_spot_proxy,1h,-6.25519149051857,248.83026919171826,1276.2,1.59657507603996,rehedge
2026-05-22 11:00:00,stock,KOTAKBANK,short,KOTAKBANK_spot_proxy,1h,-2.4598162028056834,86.0573864880962,384.25,0.18903687518561677,rehedge
2026-05-22 11:00:00,index,NIFTY,short,spot_as_fut_proxy,1h,24.18748884221066,14.023873020388239,23804.85,11.515590875309968,rehedge
2026-05-22 11:00:00,stock,LT,short,LT_spot_proxy,1h,1.5087049103474763,-3.9707257856965104,3950.2,0.11919372273709203,rehedge
2026-05-22 12:00:00,stock,BAJFINANCE,short,BAJFINANCE_spot_proxy,1h,0.8360768303841084,38.78476352028662,921.75,0.01541307636813104,rehedge
2026-05-22 12:00:00,stock,BHARTIARTL,long,BHARTIARTL_spot_proxy,1h,5.460180460854843,133.81539674459484,1879.2,0.20521542244076846,rehedge
2026-05-22 12:00:00,stock,ICICIBANK,short,ICICIBANK_spot_proxy,1h,26.31286382204425,202.97377635691998,1269.1,0.6678731095311272,rehedge
2026-05-22 12:00:00,stock,ITC,short,ITC_spot_proxy,1h,-25.94749370459226,-177.88446810852827,303.75,1.57631024255398,rehedge
2026-05-22 12:00:00,stock,AXISBANK,short,AXISBANK_spot_proxy,1h,34.92478947179629,283.75505866351455,1284.1,0.8969384432146722,rehedge
2026-05-22 12:00:00,stock,KOTAKBANK,short,KOTAKBANK_spot_proxy,1h,12.546419180776525,98.60380566887272,385.45,0.09672034546460623,rehedge
2026-05-22 12:00:00,index,NIFTY,short,spot_as_fut_proxy,1h,23.24165400687452,37.265527027262756,23827.45,11.075786975322046,rehedge
2026-05-22 12:00:00,stock,LT,short,LT_spot_proxy,1h,1.9674205864814054,-2.003305199215105,3954.6,0.1556072290259873,rehedge
2026-05-22 13:00:00,stock,BAJFINANCE,short,BAJFINANCE_spot_proxy,1h,1.9004158143608763,40.68517933464749,923.2,0.03508927759635922,rehedge
2026-05-22 13:00:00,stock,BHARTIARTL,long,BHARTIARTL_spot_proxy,1h,11.69598282993104,145.51137957452588,1875.9,0.43880988381335284,rehedge
2026-05-22 13:00:00,stock,ICICIBANK,short,ICICIBANK_spot_proxy,1h,-3.90018437738712,199.07359197953286,1268.1,0.9891647617929213,rehedge
2026-05-22 13:00:00,stock,ITC,short,ITC_spot_proxy,1h,19.6985803507946,-158.18588775773367,304.1,0.11980676569353277,rehedge
2026-05-22 13:00:00,stock,AXISBANK,short,AXISBANK_spot_proxy,1h,4.630330163363681,288.3853888268782,1284.9,0.11899022453811989,rehedge
2026-05-22 13:00:00,stock,KOTAKBANK,short,KOTAKBANK_spot_proxy,1h,-1.5095201364552224,97.0942855324175,385.25,0.11630852651387488,rehedge
2026-05-22 13:00:00,index,NIFTY,short,spot_as_fut_proxy,1h,-37.25507922813257,0.010447799130185453,23792.15,177.2756866515229,rehedge
2026-05-22 13:00:00,stock,LT,short,LT_spot_proxy,1h,-4.767885375728276,-6.771190574943381,3944.1,3.7610033420819784,rehedge
2026-05-22 14:00:00,stock,BAJFINANCE,short,BAJFINANCE_spot_proxy,1h,-4.868286561397376,35.81689277325012,919.05,0.8948397528504517,rehedge
2026-05-22 14:00:00,stock,BHARTIARTL,long,BHARTIARTL_spot_proxy,1h,4.993899249955888,150.50527882448176,1873.9,0.1871613560898468,rehedge
2026-05-22 14:00:00,stock,ICICIBANK,short,ICICIBANK_spot_proxy,1h,-30.7896809459273,168.28391103360556,1263.5,7.780552375035829,rehedge
2026-05-22 14:00:00,stock,ITC,short,ITC_spot_proxy,1h,-132.17550139171317,-290.36138914944684,302.7,8.001904854254315,rehedge
2026-05-22 14:00:00,stock,AXISBANK,short,AXISBANK_spot_proxy,1h,-3.1920174280229503,285.1933713988553,1284.3,0.819901596561975,rehedge
2026-05-22 14:00:00,stock,KOTAKBANK,short,KOTAKBANK_spot_proxy,1h,-18.9957517537174,78.0985337787001,383.2,1.4558344144049016,rehedge
2026-05-22 14:00:00,index,NIFTY,short,spot_as_fut_proxy,1h,-72.07634690821868,-72.06589910908849,23724.45,341.9943376813378,rehedge
2026-05-22 14:00:00,stock,LT,short,LT_spot_proxy,1h,-8.42167870601313,-15.192869280956511,3925.0,6.611017784220308,rehedge
2026-05-22 15:00:00,stock,BAJFINANCE,short,BAJFINANCE_spot_proxy,1h,-2.803317720504211,33.01357505274591,916.55,0.5138761713456269,rehedge
2026-05-22 15:00:00,stock,BHARTIARTL,long,BHARTIARTL_spot_proxy,1h,8.874802235593336,159.3800810600751,1871.4,0.3321660980737874,rehedge
2026-05-22 15:00:00,stock,ICICIBANK,short,ICICIBANK_spot_proxy,1h,5.028130256088559,173.31204128969412,1264.3,0.1271413016554553,rehedge
2026-05-22 15:00:00,stock,ITC,short,ITC_spot_proxy,1h,-4.922649924526581,-295.2840390739734,301.7,0.29703269644593394,rehedge
2026-05-22 15:00:00,stock,AXISBANK,short,AXISBANK_spot_proxy,1h,5.231360790824965,290.42473218968024,1285.4,0.1344878232105282,rehedge
2026-05-22 15:00:00,stock,KOTAKBANK,short,KOTAKBANK_spot_proxy,1h,8.290237035599901,86.3887708143,384.15,0.06369389114451404,rehedge
2026-05-22 15:00:00,index,NIFTY,short,spot_as_fut_proxy,1h,-4.407450680787761,-76.47334978987625,23719.3,20.90832898656183,rehedge
2026-05-22 15:00:00,stock,LT,short,LT_spot_proxy,1h,0.6906712460293001,-14.502198034927211,3926.6,0.054239794293172994,rehedge
2026-05-25 09:00:00,stock,BAJFINANCE,short,BAJFINANCE_spot_proxy,1h,13.56003276837503,46.57360782112094,927.75,0.25160640801719875,rehedge
2026-05-25 09:00:00,stock,BHARTIARTL,long,BHARTIARTL_spot_proxy,1h,-10.608628349076866,148.77145271099823,1877.3,3.9831155999444006,rehedge
2026-05-25 09:00:00,stock,ICICIBANK,short,ICICIBANK_spot_proxy,1h,76.56071141368363,249.87275270337776,1275.1,1.95245126247176,rehedge
2026-05-25 09:00:00,stock,ITC,short,ITC_spot_proxy,1h,147.43008524972973,-147.8539538242437,304.6,0.8981440793413538,rehedge
2026-05-25 09:00:00,stock,AXISBANK,short,AXISBANK_spot_proxy,1h,74.17282620846424,364.5975583981445,1300.2,1.9287901727249044,rehedge
2026-05-25 09:00:00,stock,KOTAKBANK,short,KOTAKBANK_spot_proxy,1h,72.71098525141134,159.09975606571135,391.25,0.5689634595922939,rehedge
2026-05-25 09:00:00,index,NIFTY,short,spot_as_fut_proxy,1h,199.74481798601352,123.27146819613728,23937.15,95.62643339707807,rehedge
2026-05-25 09:00:00,stock,LT,short,LT_spot_proxy,1h,43.05045179074166,28.548253755814454,4021.5,3.462547837529352,rehedge
2026-05-25 10:00:00,stock,BAJFINANCE,short,BAJFINANCE_spot_proxy,1h,8.835136897419687,55.408744718540625,934.35,0.16510220320208172,rehedge
2026-05-25 10:00:00,stock,BHARTIARTL,long,BHARTIARTL_spot_proxy,1h,11.303633336257036,160.07508604725527,1874.9,0.4238636428429664,rehedge
2026-05-25 10:00:00,stock,ICICIBANK,short,ICICIBANK_spot_proxy,1h,23.703535438573653,273.5762881419514,1278.0,0.6058623658099426,rehedge
2026-05-25 10:00:00,stock,ITC,short,ITC_spot_proxy,1h,2.684814109182099,-145.1691397150616,304.65,0.01635857236724653,rehedge
2026-05-25 10:00:00,stock,AXISBANK,short,AXISBANK_spot_proxy,1h,13.920353424604627,378.5179118227491,1303.5,0.36290361377944264,rehedge
2026-05-25 10:00:00,stock,KOTAKBANK,short,KOTAKBANK_spot_proxy,1h,10.21182022145888,169.31157628717023,392.0,0.08006067053623762,rehedge
2026-05-25 10:00:00,index,NIFTY,short,spot_as_fut_proxy,1h,46.33036124030153,169.6018294364388,23978.15,22.218327027482722,rehedge
2026-05-25 10:00:00,stock,LT,short,LT_spot_proxy,1h,0.07294244693634155,28.621196202750795,4022.0,0.005867490431559315,rehedge
2026-05-25 10:00:00,stock,INFY,long,INFY_spot_proxy,1h,-33.40923850390249,-33.40923850390249,1178.1,7.871884776289505,entry
2026-05-25 10:00:00,stock,TCS,short,TCS_spot_proxy,1h,10.5419753478396,10.5419753478396,2310.5,0.4871446808236679,entry
2026-05-25 11:00:00,stock,BAJFINANCE,short,BAJFINANCE_spot_proxy,1h,1.7814842793831858,57.19022899792381,936.05,0.03335116719433262,rehedge
2026-05-25 11:00:00,stock,BHARTIARTL,long,BHARTIARTL_spot_proxy,1h,-16.52770346683863,143.54738258041664,1880.2,6.215077611669999,rehedge
2026-05-25 11:00:00,stock,ICICIBANK,short,ICICIBANK_spot_proxy,1h,11.59648514604055,285.17277328799196,1279.8,0.29682363379805393,rehedge
2026-05-25 11:00:00,stock,ITC,short,ITC_spot_proxy,1h,-137.39718896475165,-282.56632867981324,303.3,8.334513482601837,rehedge
2026-05-25 11:00:00,stock,AXISBANK,short,AXISBANK_spot_proxy,1h,-2.2146166161877545,376.30329520656136,1303.0,0.5771290901785289,rehedge
2026-05-25 11:00:00,stock,KOTAKBANK,short,KOTAKBANK_spot_proxy,1h,19.800471078540994,189.11204736571122,394.25,0.15612671445429577,rehedge
2026-05-25 11:00:00,index,NIFTY,short,spot_as_fut_proxy,1h,8.384369645440614,177.98619908187942,23986.6,4.022250418746516,rehedge
2026-05-25 11:00:00,stock,LT,short,LT_spot_proxy,1h,1.4468217547049953,30.06801795745579,4025.4,0.11648072582778976,rehedge
2026-05-25 11:00:00,stock,INFY,long,INFY_spot_proxy,1h,7.514734821179925,-25.89450368272257,1175.7,0.17670147458522475,rehedge
2026-05-25 11:00:00,stock,TCS,short,TCS_spot_proxy,1h,-2.4624856892348888,8.079489658604711,2307.3,1.1363386461543319,rehedge
2026-05-25 12:00:00,stock,BAJFINANCE,short,BAJFINANCE_spot_proxy,1h,6.337756378799405,63.527985376723215,942.4,0.1194540322276112,rehedge
2026-05-25 12:00:00,stock,BHARTIARTL,long,BHARTIARTL_spot_proxy,1h,17.22531518154608,160.77269776196272,1874.5,0.6457770661561626,rehedge
2026-05-25 12:00:00,stock,ICICIBANK,short,ICICIBANK_spot_proxy,1h,-8.084407144390411,277.08836614360155,1278.6,2.067344594963516,rehedge
2026-05-25 12:00:00,stock,ITC,short,ITC_spot_proxy,1h,-49.75552627122869,-332.3218549510419,302.65,3.0117020051974723,rehedge
2026-05-25 12:00:00,stock,AXISBANK,short,AXISBANK_spot_proxy,1h,10.778543286580032,387.0818384931414,1305.0,0.2813199797797388,rehedge
2026-05-25 12:00:00,stock,KOTAKBANK,short,KOTAKBANK_spot_proxy,1h,-23.677632171584207,165.434415194127,391.65,1.854668928000191,rehedge
2026-05-25 12:00:00,index,NIFTY,short,spot_as_fut_proxy,1h,-28.042076382100248,149.94412269977917,23954.4,134.34622289747645,rehedge
2026-05-25 12:00:00,stock,LT,short,LT_spot_proxy,1h,-7.803138772420873,22.264879185034918,4008.2,6.255308165523468,rehedge
2026-05-25 12:00:00,stock,INFY,long,INFY_spot_proxy,1h,11.7085160969004,-14.185987585822168,1172.0,0.2744476173113454,rehedge
2026-05-25 12:00:00,stock,TCS,short,TCS_spot_proxy,1h,4.509333004443505,12.588822663048216,2313.3,0.20862880078358323,rehedge
2026-05-25 13:00:00,stock,BAJFINANCE,short,BAJFINANCE_spot_proxy,1h,-2.2204943864690136,61.3074909902542,940.25,0.417563969375498,rehedge
2026-05-25 13:00:00,stock,BHARTIARTL,long,BHARTIARTL_spot_proxy,1h,19.8632508234914,180.63594858545412,1866.5,0.741495153240934,rehedge
2026-05-25 13:00:00,stock,ICICIBANK,short,ICICIBANK_spot_proxy,1h,31.871945679901273,308.9603118235028,1283.0,0.8178341261462667,rehedge
2026-05-25 13:00:00,stock,ITC,short,ITC_spot_proxy,1h,23.074128584024663,-309.24772636701726,303.0,0.13982921921918948,rehedge
2026-05-25 13:00:00,stock,AXISBANK,short,AXISBANK_spot_proxy,1h,-1.4014755209842633,385.6803629721571,1305.0,0.3657851109768927,rehedge
2026-05-25 13:00:00,stock,KOTAKBANK,short,KOTAKBANK_spot_proxy,1h,6.467074687136716,171.90148988126373,392.0,0.05070186554715185,rehedge
2026-05-25 13:00:00,index,NIFTY,short,spot_as_fut_proxy,1h,18.67486421854082,168.61898691832,23965.35,8.950993143996143,rehedge
2026-05-25 13:00:00,stock,LT,short,LT_spot_proxy,1h,6.76651304380896,29.031392228843877,4022.0,0.5442983092439927,rehedge
2026-05-25 13:00:00,stock,INFY,long,INFY_spot_proxy,1h,0.7310187920377622,-13.454968793784406,1171.7,0.01713069437261292,rehedge
2026-05-25 13:00:00,stock,TCS,short,TCS_spot_proxy,1h,-0.9715689391297584,11.617253723918457,2312.0,0.44925347745360034,rehedge
2026-05-25 14:00:00,stock,BAJFINANCE,short,BAJFINANCE_spot_proxy,1h,1.1639273574855906,62.47141834773979,941.4,0.0219144242867387,rehedge
2026-05-25 14:00:00,stock,BHARTIARTL,long,BHARTIARTL_spot_proxy,1h,-26.482304703653597,154.15364388180052,1877.2,9.942516477939707,rehedge
2026-05-25 14:00:00,stock,ICICIBANK,short,ICICIBANK_spot_proxy,1h,51.55667508786826,360.5169869113711,1290.7,1.3308840107182311,rehedge
2026-05-25 14:00:00,stock,ITC,short,ITC_spot_proxy,1h,103.61456730127401,-205.63315906574326,303.65,0.6292512672206371,rehedge
2026-05-25 14:00:00,stock,AXISBANK,short,AXISBANK_spot_proxy,1h,32.92275269877854,418.60311567093567,1311.5,0.8635638032889611,rehedge
2026-05-25 14:00:00,stock,KOTAKBANK,short,KOTAKBANK_spot_proxy,1h,4.467019062576753,176.36850894384048,391.95,0.03501696243153917,rehedge
2026-05-25 14:00:00,index,NIFTY,short,spot_as_fut_proxy,1h,66.6282279489817,235.2472148673017,24035.0,32.02818917507551,rehedge
2026-05-25 14:00:00,stock,LT,short,LT_spot_proxy,1h,5.883753743271768,34.915145972115646,4033.9,0.4746894844996798,rehedge
2026-05-25 14:00:00,stock,INFY,long,INFY_spot_proxy,1h,0.3155736271398766,-13.13939516664453,1171.7,0.007395152378395869,rehedge
2026-05-25 14:00:00,stock,TCS,short,TCS_spot_proxy,1h,1.3207274248045522,12.93798114872301,2313.8,0.06111798231025547,rehedge
2026-05-25 15:00:00,stock,BAJFINANCE,short,BAJFINANCE_spot_proxy,1h,1.6634851322406163,64.13490347998041,941.9,0.03133673292114873,rehedge
2026-05-25 15:00:00,stock,BHARTIARTL,long,BHARTIARTL_spot_proxy,1h,9.337247950578671,163.4908918323792,1874.8,0.3501094491548979,rehedge
2026-05-25 15:00:00,stock,ICICIBANK,short,ICICIBANK_spot_proxy,1h,10.411262615471799,370.9282495268429,1291.8,0.2689853809333294,rehedge
2026-05-25 15:00:00,stock,ITC,short,ITC_spot_proxy,1h,17.48016070804576,-188.1529983576975,303.95,0.10626189694421018,rehedge
2026-05-25 15:00:00,stock,AXISBANK,short,AXISBANK_spot_proxy,1h,-0.2330082999828278,418.37010737095284,1311.2,0.06110409658749676,rehedge
2026-05-25 15:00:00,stock,KOTAKBANK,short,KOTAKBANK_spot_proxy,1h,11.55713955648838,187.92564850032886,392.85,0.0908044454953292,rehedge
2026-05-25 15:00:00,index,NIFTY,short,spot_as_fut_proxy,1h,-9.97779997714224,225.26941489015945,24031.7,47.956699142137836,rehedge
2026-05-25 15:00:00,stock,LT,short,LT_spot_proxy,1h,0.054637446991627314,34.96978341910727,4033.4,0.004407493573920593,rehedge
2026-05-25 15:00:00,stock,INFY,long,INFY_spot_proxy,1h,10.513409157595976,-2.625986009048553,1168.5,0.245698372013018,rehedge
2026-05-25 15:00:00,stock,TCS,short,TCS_spot_proxy,1h,-4.231475578278593,8.706505570444417,2308.2,1.9534183859565297,rehedge
2026-05-26 09:00:00,stock,BAJFINANCE,short,BAJFINANCE_spot_proxy,1h,-8.442615861673772,55.692287618306636,935.35,1.5793601492433127,rehedge
2026-05-26 09:00:00,stock,BHARTIARTL,long,BHARTIARTL_spot_proxy,1h,29.20133249237196,192.69222432475115,1864.8,1.0890928966355047,rehedge
2026-05-26 09:00:00,stock,ICICIBANK,short,ICICIBANK_spot_proxy,1h,24.315349114697256,395.24359864154013,1295.0,0.629767542070659,rehedge
2026-05-26 09:00:00,stock,ITC,short,ITC_spot_proxy,1h,-162.06156294297213,-350.21456130066963,302.7,9.811207020567533,rehedge
2026-05-26 09:00:00,stock,AXISBANK,short,AXISBANK_spot_proxy,1h,-17.296191744860266,401.07391562609257,1306.9,4.520878598271577,rehedge
2026-05-26 09:00:00,stock,KOTAKBANK,short,KOTAKBANK_spot_proxy,1h,-39.4256408815458,148.50000761878306,389.2,3.0688918862195256,rehedge
2026-05-26 09:00:00,index,NIFTY,short,spot_as_fut_proxy,1h,47.41401211232079,272.68342700248024,24028.75,22.785988870878565,rehedge
2026-05-26 09:00:00,stock,LT,short,LT_spot_proxy,1h,-6.027183726930904,28.94259969217637,4020.3,4.846217347476063,rehedge
2026-05-26 09:00:00,stock,INFY,long,INFY_spot_proxy,1h,-25.759822143860056,-28.38580815290861,1176.7,6.062316543336026,rehedge
2026-05-26 09:00:00,stock,TCS,short,TCS_spot_proxy,1h,-6.891401224208334,1.8151043462360836,2299.8,3.1697689070868655,rehedge
2026-05-26 10:00:00,stock,BAJFINANCE,short,BAJFINANCE_spot_proxy,1h,12.042957186168408,67.73524480447504,945.9,0.22782866404793395,rehedge
2026-05-26 10:00:00,stock,BHARTIARTL,long,BHARTIARTL_spot_proxy,1h,3.3247630822859264,196.01698740703708,1865.0,0.12401366296926507,rehedge
2026-05-26 10:00:00,stock,ICICIBANK,short,ICICIBANK_spot_proxy,1h,13.820137680347216,409.06373632188735,1296.5,0.35835617005140336,rehedge
2026-05-26 10:00:00,stock,ITC,short,ITC_spot_proxy,1h,24.458773180022263,-325.75578812064737,303.1,0.14826908301729497,rehedge
2026-05-26 10:00:00,stock,AXISBANK,short,AXISBANK_spot_proxy,1h,8.056199924995497,409.13011555108807,1308.6,0.2108468644369821,rehedge
2026-05-26 10:00:00,stock,KOTAKBANK,short,KOTAKBANK_spot_proxy,1h,25.932321423133942,174.432329041917,391.4,0.20299821210029248,rehedge
2026-05-26 10:00:00,index,NIFTY,short,spot_as_fut_proxy,1h,53.535271123272366,326.2186981257526,24071.85,25.773860323774876,rehedge
2026-05-26 10:00:00,stock,LT,short,LT_spot_proxy,1h,2.6894712487639616,31.63207094094033,4025.4,0.21652395129548904,rehedge
2026-05-26 10:00:00,stock,INFY,long,INFY_spot_proxy,1h,-5.620785811084538,-34.00659396399315,1178.4,1.3247067999564042,rehedge
2026-05-26 10:00:00,stock,TCS,short,TCS_spot_proxy,1h,-5.449691706152479,-3.6345873599163956,2292.9,2.499119622607404,rehedge
2026-05-26 10:00:00,stock,RELIANCE,long,RELIANCE_spot_proxy,1h,-24.405461619647767,-24.405461619647767,1363.3,6.654393165213159,entry
2026-05-26 11:00:00,stock,BAJFINANCE,short,BAJFINANCE_spot_proxy,1h,-5.890213827253774,61.84503097722127,940.2,1.1075958080767998,rehedge
2026-05-26 11:00:00,stock,BHARTIARTL,long,BHARTIARTL_spot_proxy,1h,10.974554964119648,206.99154237115673,1861.4,0.40856073220424627,rehedge
2026-05-26 11:00:00,stock,ICICIBANK,short,ICICIBANK_spot_proxy,1h,-26.750741651557064,382.3129946703303,1291.8,6.911321613096283,rehedge
2026-05-26 11:00:00,stock,ITC,short,ITC_spot_proxy,1h,26.94572346299867,-298.8100646576487,302.2,0.16285995261036398,rehedge
2026-05-26 11:00:00,stock,AXISBANK,short,AXISBANK_spot_proxy,1h,-24.2139614054679,384.91615414562017,1301.5,6.302894153843295,rehedge
2026-05-26 11:00:00,stock,KOTAKBANK,short,KOTAKBANK_spot_proxy,1h,-18.28484133786492,156.14748770405208,389.6,1.4247548370464345,rehedge
2026-05-26 11:00:00,index,NIFTY,short,spot_as_fut_proxy,1h,-31.651841559052002,294.5668565667006,24039.95,152.18173769750643,rehedge
2026-05-26 11:00:00,stock,LT,short,LT_spot_proxy,1h,10.198077988012628,41.83014892895296,4044.9,0.8250041130742456,rehedge
2026-05-26 11:00:00,stock,INFY,long,INFY_spot_proxy,1h,9.482157213184372,-24.524436750808775,1175.5,0.22292551608196462,rehedge
2026-05-26 11:00:00,stock,TCS,short,TCS_spot_proxy,1h,-0.38484182183803073,-4.019429181754426,2292.7,0.1764653689856106,rehedge
2026-05-26 11:00:00,stock,RELIANCE,long,RELIANCE_spot_proxy,1h,5.216609020426699,-19.188852599221068,1362.1,0.14211086293446412,rehedge
2026-05-26 12:00:00,stock,BAJFINANCE,short,BAJFINANCE_spot_proxy,1h,-1.1658549202520163,60.679176056969254,939.55,0.21907579806455638,rehedge
2026-05-26 12:00:00,stock,BHARTIARTL,long,BHARTIARTL_spot_proxy,1h,8.629445758769975,215.6209881299267,1860.3,0.32106715890079573,rehedge
2026-05-26 12:00:00,stock,ICICIBANK,short,ICICIBANK_spot_proxy,1h,-15.173912751815692,367.1390819185146,1289.8,3.9142625334583765,rehedge
2026-05-26 12:00:00,stock,ITC,short,ITC_spot_proxy,1h,-30.00838481925814,-328.81844947690684,301.7,1.8107059399940362,rehedge
2026-05-26 12:00:00,stock,AXISBANK,short,AXISBANK_spot_proxy,1h,-27.36557554343392,357.55057860218625,1296.9,7.098082984455891,rehedge
2026-05-26 12:00:00,stock,KOTAKBANK,short,KOTAKBANK_spot_proxy,1h,-17.85655995909056,138.29092774496152,388.0,1.3856690528254276,rehedge
2026-05-26 12:00:00,index,NIFTY,short,spot_as_fut_proxy,1h,-55.52789394564397,239.03896262105664,23998.55,266.5177878498468,rehedge
2026-05-26 12:00:00,stock,LT,short,LT_spot_proxy,1h,-2.1124963955320126,39.717652533420946,4040.9,1.707277336941062,rehedge
2026-05-26 12:00:00,stock,INFY,long,INFY_spot_proxy,1h,0.0313787544669033,-24.49305799634187,1175.5,0.0007377145175168967,rehedge
2026-05-26 12:00:00,stock,TCS,short,TCS_spot_proxy,1h,4.9654173671003194,0.9459881853458931,2299.0,0.2283098905392727,rehedge
2026-05-26 12:00:00,stock,RELIANCE,long,RELIANCE_spot_proxy,1h,6.265990285081985,-12.922862314139083,1360.7,0.17052265961822116,rehedge
2026-05-26 13:00:00,stock,BAJFINANCE,short,BAJFINANCE_spot_proxy,1h,-3.8599563117135958,56.81921974525566,935.75,0.7223908237371995,rehedge
2026-05-26 13:00:00,stock,BHARTIARTL,long,BHARTIARTL_spot_proxy,1h,9.057181810242213,224.6781699401689,1857.1,0.33640184679601626,rehedge
2026-05-26 13:00:00,stock,ICICIBANK,short,ICICIBANK_spot_proxy,1h,-47.163738942623866,319.9753429758907,1282.7,12.099385588340729,rehedge
2026-05-26 13:00:00,stock,ITC,short,ITC_spot_proxy,1h,-15.16177648204257,-343.9802259589494,301.45,0.9141035041023464,rehedge
2026-05-26 13:00:00,stock,AXISBANK,short,AXISBANK_spot_proxy,1h,15.887879233066599,373.43845783525285,1298.6,0.41263999944120566,rehedge
2026-05-26 13:00:00,stock,KOTAKBANK,short,KOTAKBANK_spot_proxy,1h,-5.288481727054005,133.00244601790752,387.6,0.40996310348122655,rehedge
2026-05-26 13:00:00,index,NIFTY,short,spot_as_fut_proxy,1h,-78.01690021275132,161.02206240830532,23937.2,373.5012287545342,rehedge
2026-05-26 13:00:00,stock,LT,short,LT_spot_proxy,1h,-1.2070541692352421,38.510598364185704,4038.0,0.9748169470743815,rehedge
2026-05-26 13:00:00,stock,INFY,long,INFY_spot_proxy,1h,22.96737351415432,-1.5256844821875504,1168.7,0.5368393885198431,rehedge
2026-05-26 13:00:00,stock,TCS,short,TCS_spot_proxy,1h,-13.786628954223875,-12.840640768877982,2281.3,6.290287326654186,rehedge
2026-05-26 13:00:00,stock,RELIANCE,long,RELIANCE_spot_proxy,1h,12.392672759431761,-0.5301895547073221,1358.0,0.33658499214616666,rehedge
2026-05-26 14:00:00,stock,BAJFINANCE,short,BAJFINANCE_spot_proxy,1h,-5.196180189561076,51.62303955569458,930.95,0.9674767894943769,rehedge
2026-05-26 14:00:00,stock,BHARTIARTL,long,BHARTIARTL_spot_proxy,1h,15.364106514858122,240.04227645502704,1849.2,0.5682261153455128,rehedge
2026-05-26 14:00:00,stock,ICICIBANK,short,ICICIBANK_spot_proxy,1h,-20.94925609360098,299.02608688228975,1279.4,5.36049564923062,rehedge
2026-05-26 14:00:00,stock,ITC,short,ITC_spot_proxy,1h,-3.344779755961838,-347.32500571491124,301.4,0.20162332368937957,rehedge
2026-05-26 14:00:00,stock,AXISBANK,short,AXISBANK_spot_proxy,1h,-5.130694774389099,368.30776306086375,1297.6,1.3315179078494588,rehedge
2026-05-26 14:00:00,stock,KOTAKBANK,short,KOTAKBANK_spot_proxy,1h,3.2952355246087564,136.29768154251627,387.95,0.02556773243543934,rehedge
2026-05-26 14:00:00,index,NIFTY,short,spot_as_fut_proxy,1h,-29.052280306413053,131.96978210189226,23913.05,138.94572631625414,rehedge
2026-05-26 14:00:00,stock,LT,short,LT_spot_proxy,1h,-0.8106307386443206,37.69996762554138,4036.5,0.6544221953075601,rehedge
2026-05-26 14:00:00,stock,INFY,long,INFY_spot_proxy,1h,0.7648171287177208,-0.7608673534698296,1168.4,0.017872246663875702,rehedge
2026-05-26 14:00:00,stock,TCS,short,TCS_spot_proxy,1h,-4.556072440906664,-17.396713209784647,2276.0,2.073924175100714,rehedge
2026-05-26 14:00:00,stock,RELIANCE,long,RELIANCE_spot_proxy,1h,12.423901912607782,11.89371235790046,1355.3,0.33676228524314655,rehedge
2026-05-26 15:00:00,stock,BAJFINANCE,short,BAJFINANCE_spot_proxy,1h,-0.187913710731344,51.43512584496324,930.2,0.03495946674445924,rehedge
2026-05-26 15:00:00,stock,BHARTIARTL,long,BHARTIARTL_spot_proxy,1h,3.6180938499197453,243.66037030494678,1846.9,0.13364515062833557,rehedge
2026-05-26 15:00:00,stock,ICICIBANK,short,ICICIBANK_spot_proxy,1h,-5.7701928397020765,293.25589404258767,1279.1,1.4761307322525852,rehedge
2026-05-26 15:00:00,stock,ITC,short,ITC_spot_proxy,1h,14.391843306794613,-332.93316240811663,301.65,0.0868259906698919,rehedge
2026-05-26 15:00:00,stock,AXISBANK,short,AXISBANK_spot_proxy,1h,15.571595282811586,383.87935834367534,1299.3,0.4046434750191419,rehedge
2026-05-26 15:00:00,stock,KOTAKBANK,short,KOTAKBANK_spot_proxy,1h,9.892781634409175,146.19046317692545,388.65,0.07689659164426252,rehedge
2026-05-26 15:00:00,index,NIFTY,short,spot_as_fut_proxy,1h,2.8893428931258143,134.85912499501808,23913.7,1.3818975828668558,rehedge
2026-05-26 15:00:00,stock,LT,short,LT_spot_proxy,1h,0.976594887777054,38.67656251331844,4037.8,0.07886589675732379,rehedge
2026-05-26 15:00:00,stock,INFY,long,INFY_spot_proxy,1h,2.4182287771121747,1.657361423642345,1167.7,0.05647531486067773,rehedge
2026-05-26 15:00:00,stock,TCS,short,TCS_spot_proxy,1h,0.33221443824032093,-17.064498771544326,2276.2,0.015123730086452371,rehedge
2026-05-26 15:00:00,stock,RELIANCE,long,RELIANCE_spot_proxy,1h,-4.973110881965476,6.920601475934984,1356.3,1.349006057841955,rehedge
2026-05-27 09:00:00,stock,BAJFINANCE,short,BAJFINANCE_spot_proxy,1h,-6.323400387012626,45.11172545795061,924.4,1.1690702635508943,rehedge
2026-05-27 09:00:00,stock,BHARTIARTL,long,BHARTIARTL_spot_proxy,1h,10.123538751939634,253.78390905688642,1848.1,0.3741862393491928,rehedge
2026-05-27 09:00:00,stock,ICICIBANK,short,ICICIBANK_spot_proxy,1h,24.43964458125896,317.69553862384663,1282.2,0.6267302456418048,rehedge
2026-05-27 09:00:00,stock,ITC,short,ITC_spot_proxy,1h,-464.06900322379425,-797.0021656319109,292.85,27.18052151881763,rehedge
2026-05-27 09:00:00,stock,AXISBANK,short,AXISBANK_spot_proxy,1h,-14.071687075006594,369.80767126866874,1295.8,3.646818422358709,rehedge
2026-05-27 09:00:00,stock,KOTAKBANK,short,KOTAKBANK_spot_proxy,1h,-13.176253705271733,133.01420947165371,387.2,1.020369086936243,rehedge
2026-05-27 09:00:00,index,NIFTY,short,spot_as_fut_proxy,1h,-48.21061022533185,86.64851476968623,23874.75,230.20325329544835,rehedge
2026-05-27 09:00:00,stock,LT,short,LT_spot_proxy,1h,8.238419910993692,46.91498242431213,4051.0,0.6674767811887089,rehedge
2026-05-27 09:00:00,stock,INFY,long,INFY_spot_proxy,1h,33.88636589333634,35.54372731697868,1157.2,0.7842660522353764,rehedge
2026-05-27 09:00:00,stock,TCS,short,TCS_spot_proxy,1h,-9.087776330209099,-26.152275101753425,2266.1,4.118761988377368,rehedge
2026-05-27 09:00:00,stock,RELIANCE,long,RELIANCE_spot_proxy,1h,5.248030998258435,12.16863247419342,1355.5,0.1422741203627862,rehedge
2026-05-27 10:00:00,stock,BAJFINANCE,short,BAJFINANCE_spot_proxy,1h,6.839715760329575,51.95144121828019,929.55,0.12715715570028713,rehedge
2026-05-27 10:00:00,stock,BHARTIARTL,long,BHARTIARTL_spot_proxy,1h,-27.142399124232497,226.64150993265392,1858.0,10.086115514564797,rehedge
2026-05-27 10:00:00,stock,ICICIBANK,short,ICICIBANK_spot_proxy,1h,61.764004029662885,379.4595426535095,1290.7,1.594376000021718,rehedge
2026-05-27 10:00:00,stock,ITC,short,ITC_spot_proxy,1h,-135.45203198621925,-932.4541976181301,294.0,7.964579480789692,rehedge
2026-05-27 10:00:00,stock,AXISBANK,short,AXISBANK_spot_proxy,1h,69.97528857475999,439.7829598434287,1313.0,1.8375510779731972,rehedge
2026-05-27 10:00:00,stock,KOTAKBANK,short,KOTAKBANK_spot_proxy,1h,25.007928610870408,158.02213808252412,389.1,0.19461170044979356,rehedge
2026-05-27 10:00:00,index,NIFTY,short,spot_as_fut_proxy,1h,142.6823006039633,229.33081537364953,23966.95,68.39319128920319,rehedge
2026-05-27 10:00:00,stock,LT,short,LT_spot_proxy,1h,5.725161078235402,52.64014350254753,4061.5,0.46505483438506173,rehedge
2026-05-27 10:00:00,stock,INFY,long,INFY_spot_proxy,1h,-14.467174158739574,21.076553158239108,1162.5,3.363617991906951,rehedge
2026-05-27 10:00:00,stock,TCS,short,TCS_spot_proxy,1h,5.367746593375976,-20.78452850837745,2273.1,0.24402849562805864,rehedge
2026-05-27 10:00:00,stock,RELIANCE,long,RELIANCE_spot_proxy,1h,-11.906209230568843,0.2624232436245766,1358.2,3.2342026753917206,rehedge
2026-05-27 11:00:00,stock,BAJFINANCE,short,BAJFINANCE_spot_proxy,1h,-0.5049265721332219,51.446514646146966,929.05,0.09382040636807396,rehedge
2026-05-27 11:00:00,stock,BHARTIARTL,long,BHARTIARTL_spot_proxy,1h,-7.172129975977214,219.4693799566767,1862.0,2.6709012030539143,rehedge
2026-05-27 11:00:00,stock,ICICIBANK,short,ICICIBANK_spot_proxy,1h,-24.36229878042957,355.09724387307995,1286.2,6.266957738277703,rehedge
2026-05-27 11:00:00,stock,ITC,short,ITC_spot_proxy,1h,135.24085535897655,-797.2133422591536,292.85,0.7921056898375258,rehedge
2026-05-27 11:00:00,stock,AXISBANK,short,AXISBANK_spot_proxy,1h,-0.06002914550180094,439.7229306979269,1312.3,0.015755249528402675,rehedge
2026-05-27 11:00:00,stock,KOTAKBANK,short,KOTAKBANK_spot_proxy,1h,4.770219802580243,162.79235788510437,389.3,0.03714093138288978,rehedge
2026-05-27 11:00:00,index,NIFTY,short,spot_as_fut_proxy,1h,-46.188443714124986,183.14237165952454,23933.5,221.09022352640207,rehedge
2026-05-27 11:00:00,stock,LT,short,LT_spot_proxy,1h,-0.2080744242681547,52.432069078279376,4060.7,0.16898556292513917,rehedge
2026-05-27 11:00:00,stock,INFY,long,INFY_spot_proxy,1h,2.002895142159101,23.07944830039821,1162.2,0.046555294684346146,rehedge
2026-05-27 11:00:00,stock,TCS,short,TCS_spot_proxy,1h,-0.3438352247510039,-21.128363733128452,2273.6,0.1563487533987765,rehedge
2026-05-27 11:00:00,stock,RELIANCE,long,RELIANCE_spot_proxy,1h,10.30692316514037,10.569346408764947,1356.1,0.27954437008493715,rehedge
2026-05-27 12:00:00,stock,BAJFINANCE,short,BAJFINANCE_spot_proxy,1h,-0.26891440761930596,51.17760023852766,929.4,0.04998581008827659,rehedge
2026-05-27 12:00:00,stock,BHARTIARTL,long,BHARTIARTL_spot_proxy,1h,-4.454197645996231,215.01518231068047,1864.0,1.660524882427395,rehedge
2026-05-27 12:00:00,stock,ICICIBANK,short,ICICIBANK_spot_proxy,1h,-40.45022200525159,314.64702186782836,1281.3,10.365773891065773,rehedge
2026-05-27 12:00:00,stock,ITC,short,ITC_spot_proxy,1h,-261.8645777904345,-1059.077920049588,292.0,15.292891342961376,rehedge
2026-05-27 12:00:00,stock,AXISBANK,short,AXISBANK_spot_proxy,1h,-7.571153057457764,432.15177764046916,1310.2,1.9839449471762325,rehedge
2026-05-27 12:00:00,stock,KOTAKBANK,short,KOTAKBANK_spot_proxy,1h,-15.374769080693994,147.41758880441037,388.25,1.1938508191158888,rehedge
2026-05-27 12:00:00,index,NIFTY,short,spot_as_fut_proxy,1h,-42.68649320539734,140.4558784541272,23905.6,204.08924639418933,rehedge
2026-05-27 12:00:00,stock,LT,short,LT_spot_proxy,1h,-4.270818348827724,48.16125072945165,4053.2,3.462096186293706,rehedge
2026-05-27 12:00:00,stock,INFY,long,INFY_spot_proxy,1h,5.840351623446871,28.91979992384508,1160.5,0.13555456118020187,rehedge
2026-05-27 12:00:00,stock,TCS,short,TCS_spot_proxy,1h,-1.923407261269837,-23.05177099439829,2270.8,0.8735346417783092,rehedge
2026-05-27 12:00:00,stock,RELIANCE,long,RELIANCE_spot_proxy,1h,12.355180471980113,22.92452688074506,1353.3,0.3344053146546137,rehedge
2026-05-27 13:00:00,stock,BAJFINANCE,short,BAJFINANCE_spot_proxy,1h,1.0220531153020431,52.1996533538297,929.85,0.0190071217852721,rehedge
2026-05-27 13:00:00,stock,BHARTIARTL,long,BHARTIARTL_spot_proxy,1h,4.470952875624107,219.48613518630458,1862.7,0.16656087842850048,rehedge
2026-05-27 13:00:00,stock,ICICIBANK,short,ICICIBANK_spot_proxy,1h,-34.71456929177242,279.93245257605594,1276.3,8.861240957417829,rehedge
2026-05-27 13:00:00,stock,ITC,short,ITC_spot_proxy,1h,5.263480228258231,-1053.8144398213299,292.2,0.030759778453941105,rehedge
2026-05-27 13:00:00,stock,AXISBANK,short,AXISBANK_spot_proxy,1h,-35.06135846025245,397.0904191802167,1302.0,9.129977743049738,rehedge
2026-05-27 13:00:00,stock,KOTAKBANK,short,KOTAKBANK_spot_proxy,1h,8.03504517098537,155.45263397539574,388.95,0.0625046163850952,rehedge
2026-05-27 13:00:00,index,NIFTY,short,spot_as_fut_proxy,1h,12.547163184627578,153.00304163875478,23912.3,6.000630604395401,rehedge
2026-05-27 13:00:00,stock,LT,short,LT_spot_proxy,1h,-10.48786852928717,37.67338220016448,4034.1,8.461822086799474,rehedge
2026-05-27 13:00:00,stock,INFY,long,INFY_spot_proxy,1h,-0.41482016109615216,28.504979762748928,1160.5,0.09627975939041693,rehedge
2026-05-27 13:00:00,stock,TCS,short,TCS_spot_proxy,1h,1.6055781923710484,-21.44619280202724,2272.9,0.07298637346880313,rehedge
2026-05-27 13:00:00,stock,RELIANCE,long,RELIANCE_spot_proxy,1h,-18.394452216763472,4.530074663981587,1357.4,4.993725887806948,rehedge
2026-05-27 14:00:00,stock,BAJFINANCE,short,BAJFINANCE_spot_proxy,1h,3.1821433878387566,55.38179674166846,932.2,0.05932788132286578,rehedge
2026-05-27 14:00:00,stock,BHARTIARTL,long,BHARTIARTL_spot_proxy,1h,30.901263655817814,250.3873988421224,1852.4,1.1448300159207385,rehedge
2026-05-27 14:00:00,stock,ICICIBANK,short,ICICIBANK_spot_proxy,1h,-40.73306400197495,239.19938857408098,1270.5,10.350271562901835,rehedge
2026-05-27 14:00:00,stock,ITC,short,ITC_spot_proxy,1h,-18.555381944189094,-1072.369821765519,291.85,1.0830776440823175,rehedge
2026-05-27 14:00:00,stock,AXISBANK,short,AXISBANK_spot_proxy,1h,14.190236889490166,411.2806560697069,1304.3,0.3701665194992405,rehedge
2026-05-27 14:00:00,stock,KOTAKBANK,short,KOTAKBANK_spot_proxy,1h,-0.2677338225574033,155.18490015283834,388.85,0.020821659380289258,rehedge
2026-05-27 14:00:00,index,NIFTY,short,spot_as_fut_proxy,1h,-27.659234407765965,125.34380723098882,23896.75,132.19316196675626,rehedge
2026-05-27 14:00:00,stock,LT,short,LT_spot_proxy,1h,7.9579242823745275,45.63130648253901,4049.0,0.6444327083866893,rehedge
2026-05-27 14:00:00,stock,INFY,long,INFY_spot_proxy,1h,9.556654903839298,38.061634666588226,1157.7,0.22127478764349512,rehedge
2026-05-27 14:00:00,stock,TCS,short,TCS_spot_proxy,1h,0.8443137326694945,-20.601879069357746,2273.9,0.03839769993434328,rehedge
2026-05-27 14:00:00,stock,RELIANCE,long,RELIANCE_spot_proxy,1h,30.36358232291081,34.893656986892395,1350.5,0.820120358541821,rehedge
2026-05-27 15:00:00,stock,BAJFINANCE,short,BAJFINANCE_spot_proxy,1h,-1.244733686519396,54.13706305514906,931.15,0.23180675444050713,rehedge
2026-05-27 15:00:00,stock,BHARTIARTL,long,BHARTIARTL_spot_proxy,1h,2.6298487359965463,253.01724757811894,1852.2,0.09742011657625607,rehedge
2026-05-27 15:00:00,stock,ICICIBANK,short,ICICIBANK_spot_proxy,1h,14.230256132912245,253.42964470699323,1272.7,0.36221693960714835,rehedge
2026-05-27 15:00:00,stock,ITC,short,ITC_spot_proxy,1h,10.798466531178065,-1061.571355234341,291.95,0.06305224607554873,rehedge
2026-05-27 15:00:00,stock,AXISBANK,short,AXISBANK_spot_proxy,1h,-1.1852416170984839,410.0954144526084,1304.1,0.30913471857162655,rehedge
2026-05-27 15:00:00,stock,KOTAKBANK,short,KOTAKBANK_spot_proxy,1h,-3.8248940864257293,151.3600060664126,388.7,0.2973472662787362,rehedge
2026-05-27 15:00:00,index,NIFTY,short,spot_as_fut_proxy,1h,13.91576728264782,139.25957451363664,23907.15,6.653726715827077,rehedge
2026-05-27 15:00:00,stock,LT,short,LT_spot_proxy,1h,-0.18294451722113791,45.44836196531787,4047.5,0.14809358669051115,rehedge
2026-05-27 15:00:00,stock,INFY,long,INFY_spot_proxy,1h,-7.064948128664604,30.996686537923622,1159.9,1.638926666887615,rehedge
2026-05-27 15:00:00,stock,TCS,short,TCS_spot_proxy,1h,8.046836584174635,-12.555042485183112,2284.2,0.367611682511434,rehedge
2026-05-27 15:00:00,stock,RELIANCE,long,RELIANCE_spot_proxy,1h,1.3847566367283548,36.27841362362075,1350.5,0.037402276758032864,rehedge
2026-05-29 09:00:00,stock,BAJFINANCE,short,BAJFINANCE_spot_proxy,1h,1.8182778761780014,55.955340931327065,932.35,0.033905427557091194,rehedge
2026-05-29 09:00:00,stock,BHARTIARTL,long,BHARTIARTL_spot_proxy,1h,58.03486469662636,311.0521122747453,1829.5,2.1234956992495584,rehedge
2026-05-29 09:00:00,stock,ICICIBANK,short,ICICIBANK_spot_proxy,1h,23.747569211026956,277.1772139180202,1275.4,0.6057529954348757,rehedge
2026-05-29 09:00:00,stock,ITC,short,ITC_spot_proxy,1h,-131.787038720106,-1193.358393954447,289.25,7.623880189958133,rehedge
2026-05-29 09:00:00,stock,AXISBANK,short,AXISBANK_spot_proxy,1h,-21.81005850267843,388.28535594992996,1298.3,5.663199790805481,rehedge
2026-05-29 09:00:00,stock,KOTAKBANK,short,KOTAKBANK_spot_proxy,1h,-16.1759116417104,135.1840944247022,387.25,1.2528243566504706,rehedge
2026-05-29 09:00:00,index,NIFTY,short,spot_as_fut_proxy,1h,1.0342513878469788,140.29382590148361,23907.45,0.4945262668476451,rehedge
2026-05-29 09:00:00,stock,LT,short,LT_spot_proxy,1h,27.44558172141629,72.89394368673416,4097.7,2.249275204396951,rehedge
2026-05-29 09:00:00,stock,INFY,long,INFY_spot_proxy,1h,-148.88008599324814,-117.88339945532451,1205.5,35.89498873297213,rehedge
2026-05-29 09:00:00,stock,TCS,short,TCS_spot_proxy,1h,32.73763480898866,20.182592323805547,2323.5,1.5213178895737032,rehedge
2026-05-29 09:00:00,stock,RELIANCE,long,RELIANCE_spot_proxy,1h,2.802302088008993,39.08071571162974,1350.4,0.0756845747929469,rehedge
2026-05-29 10:00:00,stock,BAJFINANCE,short,BAJFINANCE_spot_proxy,1h,0.7808167599463971,56.73615769127346,933.05,0.014570821557359717,rehedge
2026-05-29 10:00:00,stock,BHARTIARTL,long,BHARTIARTL_spot_proxy,1h,-0.8695196691321598,310.18259260561314,1831.7,0.3185398355898754,rehedge
2026-05-29 10:00:00,stock,ICICIBANK,short,ICICIBANK_spot_proxy,1h,35.13821516807053,312.3154290860907,1279.7,0.8993274790115973,rehedge
2026-05-29 10:00:00,stock,ITC,short,ITC_spot_proxy,1h,-15.991915963795236,-1209.3503099182421,288.9,0.9240129043880887,rehedge
2026-05-29 10:00:00,stock,AXISBANK,short,AXISBANK_spot_proxy,1h,42.624534363110854,430.9098903130408,1307.6,1.1147168226640751,rehedge
2026-05-29 10:00:00,stock,KOTAKBANK,short,KOTAKBANK_spot_proxy,1h,39.10416138959965,174.28825581430186,390.5,0.3054035004527733,rehedge
2026-05-29 10:00:00,index,NIFTY,short,spot_as_fut_proxy,1h,-3.316382984001706,136.9774429174819,23903.1,15.854366820978234,rehedge
2026-05-29 10:00:00,index,NIFTY,short,spot_as_fut_proxy,1h,-136.9774429174819,0.0,23903.1,654.8371031601723,flatten
2026-05-29 10:00:00,stock,LT,short,LT_spot_proxy,1h,5.664384868948744,78.5583285556829,4108.3,0.4654198471420426,rehedge
2026-05-29 10:00:00,stock,INFY,long,INFY_spot_proxy,1h,5.142717518496454,-112.74068193682805,1201.8,0.12361035827458076,rehedge
2026-05-29 10:00:00,stock,TCS,short,TCS_spot_proxy,1h,-10.64834658714782,9.534245736657727,2311.1,4.921878759511466,rehedge
2026-05-29 10:00:00,stock,RELIANCE,long,RELIANCE_spot_proxy,1h,34.611007593599474,73.69172330522922,1342.2,0.9290978878425844,rehedge
2026-05-29 10:00:00,index,NIFTY,long,spot_as_fut_proxy,1h,-59.69167616089892,-59.69167616089892,23903.1,285.3632208883166,entry
2026-05-29 10:00:00,stock,SBIN,long,SBIN_spot_proxy,1h,-48.908635401018195,-48.908635401018195,967.1,9.45990825926494,entry
2026-05-29 11:00:00,stock,BAJFINANCE,short,BAJFINANCE_spot_proxy,1h,-7.355081840630014,49.38107585064345,926.95,1.3635586224343983,rehedge
2026-05-29 11:00:00,stock,BHARTIARTL,long,BHARTIARTL_spot_proxy,1h,-0.20189564291723627,309.9806969626959,1833.0,0.07401494269345882,rehedge
2026-05-29 11:00:00,stock,ICICIBANK,short,ICICIBANK_spot_proxy,1h,35.512629940029626,347.82805902612034,1284.2,0.912106387379721,rehedge
2026-05-29 11:00:00,stock,ITC,short,ITC_spot_proxy,1h,-2.86193763983988,-1212.212247558082,288.65,0.16521965994795626,rehedge
2026-05-29 11:00:00,stock,AXISBANK,short,AXISBANK_spot_proxy,1h,7.280794089936194,438.190684402977,1308.7,0.19056750450998997,rehedge
2026-05-29 11:00:00,stock,KOTAKBANK,short,KOTAKBANK_spot_proxy,1h,19.648204950256627,193.9364607645585,392.15,0.15410087142486273,rehedge
2026-05-29 11:00:00,stock,LT,short,LT_spot_proxy,1h,-1.0952634794040108,77.4630650762789,4109.4,0.9001751484525683,rehedge
2026-05-29 11:00:00,stock,INFY,long,INFY_spot_proxy,1h,-1.5644381831896652,-114.30512012001772,1204.3,0.3768105808030628,rehedge
2026-05-29 11:00:00,stock,TCS,short,TCS_spot_proxy,1h,-11.243883423240797,-1.709637686583071,2298.1,5.167913698989936,rehedge
2026-05-29 11:00:00,stock,RELIANCE,long,RELIANCE_spot_proxy,1h,22.598232729289208,96.28995603451843,1336.8,0.6041863502502762,rehedge
2026-05-29 11:00:00,index,NIFTY,long,spot_as_fut_proxy,1h,69.00252638475482,9.310850223855889,23890.8,32.970511147058005,rehedge
2026-05-29 11:00:00,stock,SBIN,long,SBIN_spot_proxy,1h,-15.539790348167166,-64.44842574918536,968.7,3.010678982053907,rehedge
2026-05-29 12:00:00,stock,BAJFINANCE,short,BAJFINANCE_spot_proxy,1h,-7.310375716832773,42.070700133810675,922.3,1.3484719047269733,rehedge
2026-05-29 12:00:00,stock,BHARTIARTL,long,BHARTIARTL_spot_proxy,1h,-13.935204705977753,296.04549225671815,1837.4,5.120909025352705,rehedge
2026-05-29 12:00:00,stock,ICICIBANK,short,ICICIBANK_spot_proxy,1h,-38.360652004076144,309.4674070220442,1278.9,9.811887569602597,rehedge
2026-05-29 12:00:00,stock,ITC,short,ITC_spot_proxy,1h,16.344788824653506,-1195.8674587334285,289.1,0.09450556898414658,rehedge
2026-05-29 12:00:00,stock,AXISBANK,short,AXISBANK_spot_proxy,1h,-38.96011796378605,399.23056643919097,1300.5,10.133526682380753,rehedge
2026-05-29 12:00:00,stock,KOTAKBANK,short,KOTAKBANK_spot_proxy,1h,-29.288626001002342,164.64783476355615,389.8,2.2833412830381428,rehedge
2026-05-29 12:00:00,stock,LT,short,LT_spot_proxy,1h,1.9743641484047174,79.43742922468361,4114.7,0.16247832322881783,rehedge
2026-05-29 12:00:00,stock,INFY,long,INFY_spot_proxy,1h,4.924445386944427,-109.38067473307329,1201.0,0.11828517819440515,rehedge
2026-05-29 12:00:00,stock,TCS,short,TCS_spot_proxy,1h,-6.350533227093435,-8.060170913676506,2290.6,2.9093062819960447,rehedge
2026-05-29 12:00:00,stock,RELIANCE,long,RELIANCE_spot_proxy,1h,3.8395498809282174,100.12950591544664,1335.7,0.10256973551911641,rehedge
2026-05-29 12:00:00,index,NIFTY,long,spot_as_fut_proxy,1h,285.80982164909636,295.12067187295224,23837.55,136.26011828102835,rehedge
2026-05-29 12:00:00,stock,SBIN,long,SBIN_spot_proxy,1h,16.708385655421715,-47.740040093763646,967.0,0.323140178575856,rehedge
2026-05-29 13:00:00,stock,BAJFINANCE,short,BAJFINANCE_spot_proxy,1h,-2.6918295101248972,39.37887062368578,920.0,0.4952966298629811,rehedge
2026-05-29 13:00:00,stock,BHARTIARTL,long,BHARTIARTL_spot_proxy,1h,16.683653725593956,312.7291459823121,1831.8,0.6112223378908602,rehedge
2026-05-29 13:00:00,stock,ICICIBANK,short,ICICIBANK_spot_proxy,1h,-81.84232307724241,227.6250839448018,1268.6,20.765034211157943,rehedge
2026-05-29 13:00:00,stock,ITC,short,ITC_spot_proxy,1h,-17.91600484569267,-1213.7834635791212,288.5,1.0337534795964671,rehedge
2026-05-29 13:00:00,stock,AXISBANK,short,AXISBANK_spot_proxy,1h,-18.691646454250133,380.53891998494083,1296.2,4.845622426799805,rehedge
2026-05-29 13:00:00,stock,KOTAKBANK,short,KOTAKBANK_spot_proxy,1h,-38.54576813599763,126.10206662755851,386.65,2.980744249956697,rehedge
2026-05-29 13:00:00,stock,LT,short,LT_spot_proxy,1h,-6.215219268342977,73.22220995634063,4099.7,5.096106886885141,rehedge
2026-05-29 13:00:00,stock,INFY,long,INFY_spot_proxy,1h,33.95077998953144,-75.42989474354185,1191.0,0.8087075793506389,rehedge
2026-05-29 13:00:00,stock,TCS,short,TCS_spot_proxy,1h,-5.7653968751429705,-13.825567788819477,2283.8,2.6334026766903036,rehedge
2026-05-29 13:00:00,stock,RELIANCE,long,RELIANCE_spot_proxy,1h,24.156300542552273,124.28580645799892,1330.0,0.6425575944318905,rehedge
2026-05-29 13:00:00,index,NIFTY,long,spot_as_fut_proxy,1h,373.5529119350474,668.6735838079996,23757.65,177.4947867646736,rehedge
2026-05-29 13:00:00,stock,SBIN,long,SBIN_spot_proxy,1h,44.01228699690861,-3.727753096855038,962.4,0.8471485001164969,rehedge
2026-05-29 14:00:00,stock,BAJFINANCE,short,BAJFINANCE_spot_proxy,1h,4.59078558649945,43.96965621018523,923.0,0.08474590192677985,rehedge
2026-05-29 14:00:00,stock,BHARTIARTL,long,BHARTIARTL_spot_proxy,1h,-3.5753584589299408,309.15378752338216,1830.0,1.3085811959683582,rehedge
2026-05-29 14:00:00,stock,ICICIBANK,short,ICICIBANK_spot_proxy,1h,15.624688179340097,243.24977212414188,1270.7,0.39708582538974924,rehedge
2026-05-29 14:00:00,stock,ITC,short,ITC_spot_proxy,1h,3.1218540785464484,-1210.6616095005747,288.5,0.018013098033213007,rehedge
2026-05-29 14:00:00,stock,AXISBANK,short,AXISBANK_spot_proxy,1h,12.139777107286932,392.67869709222776,1298.1,0.31517289325938336,rehedge
2026-05-29 14:00:00,stock,KOTAKBANK,short,KOTAKBANK_spot_proxy,1h,5.320801265409187,131.4228678929677,387.1,0.04119364339679794,rehedge
2026-05-29 14:00:00,stock,LT,short,LT_spot_proxy,1h,2.253033075935079,75.47524303227571,4103.6,0.18491093060814384,rehedge
2026-05-29 14:00:00,stock,INFY,long,INFY_spot_proxy,1h,-4.949020900661225,-80.37891564420308,1192.4,1.1802425043896891,rehedge
2026-05-29 14:00:00,stock,TCS,short,TCS_spot_proxy,1h,11.768086295428422,-2.0574814933910544,2297.5,0.540743565274936,rehedge
2026-05-29 14:00:00,stock,RELIANCE,long,RELIANCE_spot_proxy,1h,8.754233301756074,133.040039759755,1327.5,0.23242489416162376,rehedge
2026-05-29 14:00:00,index,NIFTY,long,spot_as_fut_proxy,1h,-77.14750872591048,591.5260750820892,23773.35,366.8109453138248,rehedge
2026-05-29 14:00:00,stock,SBIN,long,SBIN_spot_proxy,1h,-22.601887554706877,-26.329640651561917,964.8,4.361260222556239,rehedge
2026-05-29 15:00:00,stock,BAJFINANCE,short,BAJFINANCE_spot_proxy,1h,-19.29138588164947,24.678270328535756,908.25,3.5042802454016266,rehedge
2026-05-29 15:00:00,stock,BHARTIARTL,long,BHARTIARTL_spot_proxy,1h,6.963617868710287,316.11740539209245,1829.0,0.25472914163742233,rehedge
2026-05-29 15:00:00,stock,ICICIBANK,short,ICICIBANK_spot_proxy,1h,-117.43082842788999,125.81894369625189,1256.4,29.5080185673602,rehedge
2026-05-29 15:00:00,stock,ITC,short,ITC_spot_proxy,1h,-45.473744465864,-1256.1353539664387,286.9,2.6092834574512764,rehedge
2026-05-29 15:00:00,stock,AXISBANK,short,AXISBANK_spot_proxy,1h,-69.87970113866123,322.79899595356653,1286.6,17.98144469700031,rehedge
2026-05-29 15:00:00,stock,KOTAKBANK,short,KOTAKBANK_spot_proxy,1h,-35.250206976553585,96.17266091641412,384.2,2.7086259040783776,rehedge
2026-05-29 15:00:00,stock,LT,short,LT_spot_proxy,1h,-15.29589647057206,60.17934656170365,4076.5,12.470744392457402,rehedge
2026-05-29 15:00:00,stock,INFY,long,INFY_spot_proxy,1h,106.95555018563911,26.57663454143604,1160.9,2.4832939642101692,rehedge
2026-05-29 15:00:00,stock,TCS,short,TCS_spot_proxy,1h,-32.25570623661372,-34.31318773000477,2258.9,14.572482963577347,rehedge
2026-05-29 15:00:00,stock,RELIANCE,long,RELIANCE_spot_proxy,1h,18.599122358133428,151.63916211788842,1321.2,0.49146320919131775,rehedge
2026-05-29 15:00:00,index,NIFTY,long,spot_as_fut_proxy,1h,887.7816291490492,1479.3077042311384,23547.75,418.1051971558905,rehedge
2026-05-29 15:00:00,stock,SBIN,long,SBIN_spot_proxy,1h,3.815850734167377,-22.51378991739454,964.4,0.07360012896062036,rehedge
2026-06-01 09:00:00,stock,BAJFINANCE,short,BAJFINANCE_spot_proxy,1h,-10.670643752463626,14.00762657607213,902.0,1.9249841329444382,rehedge
2026-06-01 09:00:00,stock,BHARTIARTL,long,BHARTIARTL_spot_proxy,1h,10.659758201945124,326.7771635940376,1829.3,0.3899979135763643,rehedge
2026-06-01 09:00:00,stock,ICICIBANK,short,ICICIBANK_spot_proxy,1h,-18.030122310183273,107.78882138606862,1254.3,4.523036482732576,rehedge
2026-06-01 09:00:00,stock,ITC,short,ITC_spot_proxy,1h,-73.17478907119312,-1329.3101430376319,285.45,4.177548708074415,rehedge
2026-06-01 09:00:00,stock,AXISBANK,short,AXISBANK_spot_proxy,1h,-1.1080262571988442,321.6909696963677,1284.7,0.28469626652467106,rehedge
2026-06-01 09:00:00,stock,KOTAKBANK,short,KOTAKBANK_spot_proxy,1h,-29.75155601444321,66.4211049019709,382.2,2.274208941744039,rehedge
2026-06-01 09:00:00,stock,LT,short,LT_spot_proxy,1h,-18.530828758719657,41.648517802983996,4041.0,14.976615802797228,rehedge
2026-06-01 09:00:00,stock,INFY,long,INFY_spot_proxy,1h,-154.0923622449868,-127.51572770355075,1207.6,37.21638732940921,rehedge
2026-06-01 09:00:00,stock,TCS,short,TCS_spot_proxy,1h,33.402161235992445,-0.9110264940123236,2300.2,1.5366330255005964,rehedge
2026-06-01 09:00:00,stock,RELIANCE,long,RELIANCE_spot_proxy,1h,-13.124039969253829,138.5151221486346,1327.5,3.484432611836892,rehedge
2026-06-01 09:00:00,index,NIFTY,long,spot_as_fut_proxy,1h,-40.587085076770336,1438.720619154368,23561.8,191.26095623236947,rehedge
2026-06-01 09:00:00,stock,SBIN,long,SBIN_spot_proxy,1h,13.797623305152799,-8.716166612241741,963.55,0.2658939987135996,rehedge
2026-06-01 10:00:00,stock,BAJFINANCE,short,BAJFINANCE_spot_proxy,1h,-7.8327505034709874,6.174876072601143,896.6,1.4045688202824176,rehedge
2026-06-01 10:00:00,stock,BHARTIARTL,long,BHARTIARTL_spot_proxy,1h,22.32629352207192,349.1034571161095,1819.0,0.8122305583329765,rehedge
2026-06-01 10:00:00,stock,ICICIBANK,short,ICICIBANK_spot_proxy,1h,-13.334582544917808,94.45423884115081,1252.4,3.340046235851013,rehedge
2026-06-01 10:00:00,stock,ITC,short,ITC_spot_proxy,1h,-32.78148303110538,-1362.0916260687372,284.4,1.864610754809274,rehedge
2026-06-01 10:00:00,stock,AXISBANK,short,AXISBANK_spot_proxy,1h,-12.76011096060472,308.93085873576297,1281.8,3.271182045860626,rehedge
2026-06-01 10:00:00,stock,KOTAKBANK,short,KOTAKBANK_spot_proxy,1h,-24.667731513674184,41.75337338829672,380.25,1.8759809816149218,rehedge
2026-06-01 10:00:00,stock,LT,short,LT_spot_proxy,1h,12.10309727189314,53.75161507487714,4061.7,0.9831830037849674,rehedge
2026-06-01 10:00:00,stock,INFY,long,INFY_spot_proxy,1h,-12.680390420318574,-140.19611812386933,1211.0,3.0711905598011584,rehedge
2026-06-01 10:00:00,stock,TCS,short,TCS_spot_proxy,1h,10.93771389117799,10.026687397165666,2313.0,0.5059786446058939,rehedge
2026-06-01 10:00:00,stock,RELIANCE,long,RELIANCE_spot_proxy,1h,15.879599950422886,154.39472209905747,1323.4,0.420301251487793,rehedge
2026-06-01 10:00:00,index,NIFTY,long,spot_as_fut_proxy,1h,-31.935249683559732,1406.7853694708083,23569.75,150.5411702458164,rehedge
2026-06-01 10:00:00,stock,SBIN,long,SBIN_spot_proxy,1h,11.322089961399996,2.605923349158254,962.45,0.21793890966698856,rehedge
2026-06-01 11:00:00,stock,BAJFINANCE,short,BAJFINANCE_spot_proxy,1h,-7.189935720944007,-1.0150596483428642,891.7,1.2822531364731544,rehedge
2026-06-01 11:00:00,stock,BHARTIARTL,long,BHARTIARTL_spot_proxy,1h,11.12368452090385,360.22714163701335,1809.2,0.402499400704385,rehedge
2026-06-01 11:00:00,stock,ICICIBANK,short,ICICIBANK_spot_proxy,1h,-30.632522556536436,63.821716284614375,1248.7,7.65016618326941,rehedge
2026-06-01 11:00:00,stock,ITC,short,ITC_spot_proxy,1h,-23.642537915740377,-1385.7341639844776,284.2,1.343841855130683,rehedge
2026-06-01 11:00:00,stock,AXISBANK,short,AXISBANK_spot_proxy,1h,-30.507596818341312,278.42326191742166,1275.8,7.784318404167969,rehedge
2026-06-01 11:00:00,stock,KOTAKBANK,short,KOTAKBANK_spot_proxy,1h,-27.921196944707273,13.83217644358945,378.15,2.1116801249282107,rehedge
2026-06-01 11:00:00,stock,LT,short,LT_spot_proxy,1h,-9.984397819094248,43.76721725578289,4046.6,8.080572842949357,rehedge
2026-06-01 11:00:00,stock,INFY,long,INFY_spot_proxy,1h,4.591590209288995,-135.60452791458033,1209.7,0.11108893352353795,rehedge
2026-06-01 11:00:00,stock,TCS,short,TCS_spot_proxy,1h,9.59275726760617,19.619444664771837,2323.9,0.44585217228379964,rehedge
2026-06-01 11:00:00,stock,RELIANCE,long,RELIANCE_spot_proxy,1h,-12.651564388093135,141.74315771096434,1326.7,3.3569660947366327,rehedge
2026-06-01 11:00:00,index,NIFTY,long,spot_as_fut_proxy,1h,279.80909401806116,1686.5944634888695,23493.75,131.4752980517365,rehedge
2026-06-01 11:00:00,stock,SBIN,long,SBIN_spot_proxy,1h,22.6371115912799,25.243034940438154,960.15,0.43470045388734796,rehedge
2026-06-01 12:00:00,stock,BAJFINANCE,short,BAJFINANCE_spot_proxy,1h,4.568201843975661,3.553142195632797,894.85,0.08175710840163242,rehedge
2026-06-01 12:00:00,stock,BHARTIARTL,long,BHARTIARTL_spot_proxy,1h,-11.279110758056731,348.9480308789566,1814.7,4.09364045852911,rehedge
2026-06-01 12:00:00,stock,ICICIBANK,short,ICICIBANK_spot_proxy,1h,-45.020978748005604,18.800737536608775,1243.5,11.196717414628994,rehedge
2026-06-01 12:00:00,stock,ITC,short,ITC_spot_proxy,1h,-8.579497237894202,-1394.3136612223718,283.4,0.4862859034438433,rehedge
2026-06-01 12:00:00,stock,AXISBANK,short,AXISBANK_spot_proxy,1h,-28.97912353139978,249.44413838602188,1271.5,7.369391114034964,rehedge
2026-06-01 12:00:00,stock,KOTAKBANK,short,KOTAKBANK_spot_proxy,1h,15.760386470899856,29.592562914489307,379.35,0.11957405215471723,rehedge
2026-06-01 12:00:00,stock,LT,short,LT_spot_proxy,1h,-0.08427986735511439,43.682937388427774,4045.6,0.06819252627437015,rehedge
2026-06-01 12:00:00,stock,INFY,long,INFY_spot_proxy,1h,-9.408826632666347,-145.01335454724668,1213.5,2.2835222237481227,rehedge
2026-06-01 12:00:00,stock,TCS,short,TCS_spot_proxy,1h,6.163628599043772,25.78307326381561,2331.1,0.28736069254461877,rehedge
2026-06-01 12:00:00,stock,RELIANCE,long,RELIANCE_spot_proxy,1h,-5.68491730694501,136.05824040401933,1328.3,1.5102551317630115,rehedge
2026-06-01 12:00:00,index,NIFTY,long,spot_as_fut_proxy,1h,-53.58135809748023,1633.0131053913892,23513.45,251.97651691143932,rehedge
2026-06-01 12:00:00,stock,SBIN,long,SBIN_spot_proxy,1h,35.991990723882,61.235025664320155,956.55,0.6885627745385866,rehedge
2026-06-01 13:00:00,stock,BAJFINANCE,short,BAJFINANCE_spot_proxy,1h,-4.002716184003281,-0.4495739883704844,892.15,0.7142046487117055,rehedge
2026-06-01 13:00:00,stock,BHARTIARTL,long,BHARTIARTL_spot_proxy,1h,13.10852366341038,362.056554542367,1812.7,0.47523641689328,rehedge
2026-06-01 13:00:00,stock,ICICIBANK,short,ICICIBANK_spot_proxy,1h,-4.575580255293982,14.225157281314793,1243.0,1.1374892514660842,rehedge
2026-06-01 13:00:00,stock,ITC,short,ITC_spot_proxy,1h,-32.27265650473214,-1426.586317727104,281.75,1.8185641940416561,rehedge
2026-06-01 13:00:00,stock,AXISBANK,short,AXISBANK_spot_proxy,1h,11.154106862675661,260.59824524869754,1272.7,0.2839166360825463,rehedge
2026-06-01 13:00:00,stock,KOTAKBANK,short,KOTAKBANK_spot_proxy,1h,-27.852764754794812,1.7397981596944945,377.25,2.1014911007492687,rehedge
2026-06-01 13:00:00,stock,LT,short,LT_spot_proxy,1h,-10.964645720238693,32.71829166818908,4026.3,8.829390612679411,rehedge
2026-06-01 13:00:00,stock,INFY,long,INFY_spot_proxy,1h,2.0761665962615723,-142.9371879509851,1212.8,0.0503594969589207,rehedge
2026-06-01 13:00:00,stock,TCS,short,TCS_spot_proxy,1h,-12.675975797603732,13.107097466211878,2316.5,5.872779587029809,rehedge
2026-06-01 13:00:00,stock,RELIANCE,long,RELIANCE_spot_proxy,1h,19.565174271412474,155.6234146754318,1323.4,0.5178510326157454,rehedge
2026-06-01 13:00:00,index,NIFTY,long,spot_as_fut_proxy,1h,240.7478162878158,1873.760921679205,23456.1,112.94009707257271,rehedge
2026-06-01 13:00:00,stock,SBIN,long,SBIN_spot_proxy,1h,20.763991039379754,81.99901670369991,954.55,0.3964053529327989,rehedge
2026-06-01 14:00:00,stock,BAJFINANCE,short,BAJFINANCE_spot_proxy,1h,-2.6968393762232115,-3.146413364593696,890.3,0.480199219330305,rehedge
2026-06-01 14:00:00,stock,BHARTIARTL,long,BHARTIARTL_spot_proxy,1h,7.719277994493041,369.77583253686004,1806.4,0.2788820753850446,rehedge
2026-06-01 14:00:00,stock,ICICIBANK,short,ICICIBANK_spot_proxy,1h,-42.8088629806831,-28.583705699368306,1237.9,10.598618296757524,rehedge
2026-06-01 14:00:00,stock,ITC,short,ITC_spot_proxy,1h,-52.57411919411334,-1479.1604369212173,280.3,2.947305122021994,rehedge
2026-06-01 14:00:00,stock,AXISBANK,short,AXISBANK_spot_proxy,1h,4.883070642515008,265.48131589121255,1273.5,0.12437180926485726,rehedge
2026-06-01 14:00:00,stock,KOTAKBANK,short,KOTAKBANK_spot_proxy,1h,-14.818972307372391,-13.079174147677897,376.1,1.1146830969605515,rehedge
2026-06-01 14:00:00,stock,LT,short,LT_spot_proxy,1h,-12.430265711178155,20.288025957010927,4004.5,9.955399808082584,rehedge
2026-06-01 14:00:00,stock,INFY,long,INFY_spot_proxy,1h,20.43098008838976,-122.50620786259535,1206.2,0.49287696365231465,rehedge
2026-06-01 14:00:00,stock,TCS,short,TCS_spot_proxy,1h,-12.04051343380931,1.0665840324025677,2303.0,5.5458604876125674,rehedge
2026-06-01 14:00:00,stock,RELIANCE,long,RELIANCE_spot_proxy,1h,10.825713452794616,166.44912812822642,1320.8,0.2859720465690226,rehedge
2026-06-01 14:00:00,index,NIFTY,long,spot_as_fut_proxy,1h,330.7277360824521,2204.488657761657,23373.7,154.60661769740824,rehedge
2026-06-01 14:00:00,stock,SBIN,long,SBIN_spot_proxy,1h,31.532740919058156,113.53175762275806,951.3,0.5999419287260005,rehedge
2026-06-01 15:00:00,stock,BAJFINANCE,short,BAJFINANCE_spot_proxy,1h,-2.0331316618522197,-5.179545026445916,889.05,0.36151114079394314,rehedge
2026-06-01 15:00:00,stock,BHARTIARTL,long,BHARTIARTL_spot_proxy,1h,-3.2474519532282784,366.52838058363176,1810.6,1.175967301303024,rehedge
2026-06-01 15:00:00,stock,ICICIBANK,short,ICICIBANK_spot_proxy,1h,15.09979920793763,-13.483906491430675,1239.7,0.3743844215616057,rehedge
2026-06-01 15:00:00,stock,ITC,short,ITC_spot_proxy,1h,-13.555561100406521,-1492.7159980216238,279.65,0.7581625323457367,rehedge
2026-06-01 15:00:00,stock,AXISBANK,short,AXISBANK_spot_proxy,1h,17.86852323380367,283.3498391250162,1275.9,0.4559689758802022,rehedge
2026-06-01 15:00:00,stock,KOTAKBANK,short,KOTAKBANK_spot_proxy,1h,16.804479834677565,3.7253056869996692,377.4,0.12684021379214627,rehedge
2026-06-01 15:00:00,stock,LT,short,LT_spot_proxy,1h,3.892217889375459,24.180243846386386,4010.8,0.31221815021414184,rehedge
2026-06-01 15:00:00,stock,INFY,long,INFY_spot_proxy,1h,8.154404782711765,-114.35180307988358,1202.5,0.19611343502421796,rehedge
2026-06-01 15:00:00,stock,TCS,short,TCS_spot_proxy,1h,-5.000365006987706,-3.9337809745851384,2297.4,2.2975677134107113,rehedge
2026-06-01 15:00:00,stock,RELIANCE,long,RELIANCE_spot_proxy,1h,3.7841832713722283,170.23331139959865,1320.0,0.09990243836422684,rehedge
2026-06-01 15:00:00,index,NIFTY,long,spot_as_fut_proxy,1h,137.15687842014358,2341.6455361818007,23382.6,64.14168850693699,rehedge
2026-06-01 15:00:00,stock,SBIN,long,SBIN_spot_proxy,1h,-26.54531696891553,86.98644065384254,954.1,5.065377384008461,rehedge
2026-06-02 09:00:00,stock,BAJFINANCE,short,BAJFINANCE_spot_proxy,1h,-34.05277223755908,-39.232317264005,864.65,5.888745903041093,rehedge
2026-06-02 09:00:00,stock,BHARTIARTL,long,BHARTIARTL_spot_proxy,1h,28.135818606016073,394.66419918964783,1789.2,1.0068121329976791,rehedge
2026-06-02 09:00:00,stock,ICICIBANK,short,ICICIBANK_spot_proxy,1h,-96.87480567291091,-110.35871216434158,1228.4,23.800202257720755,rehedge
2026-06-02 09:00:00,stock,ITC,short,ITC_spot_proxy,1h,0.2812119932946189,-1492.4347860283292,279.1,0.0015697253465705627,rehedge
2026-06-02 09:00:00,stock,AXISBANK,short,AXISBANK_spot_proxy,1h,-12.784087153206258,270.56575197180996,1274.3,3.2581524518661467,rehedge
2026-06-02 09:00:00,stock,KOTAKBANK,short,KOTAKBANK_spot_proxy,1h,-23.95994973896125,-20.23464405196158,375.65,1.8001110238881586,rehedge
2026-06-02 09:00:00,stock,LT,short,LT_spot_proxy,1h,-22.564480344204135,1.6157635021822492,3974.3,17.9356028463941,rehedge
2026-06-02 09:00:00,stock,INFY,long,INFY_spot_proxy,1h,-161.538232830831,-275.8900359107146,1259.5,40.69148085008633,rehedge
2026-06-02 09:00:00,stock,TCS,short,TCS_spot_proxy,1h,79.97322116117138,76.03944018658625,2393.8,3.8287979363122417,rehedge
2026-06-02 09:00:00,stock,TCS,short,TCS_spot_proxy,1h,-76.03944018658625,0.0,2393.8,36.404642383730035,flatten
2026-06-02 09:00:00,stock,RELIANCE,long,RELIANCE_spot_proxy,1h,13.242754828154062,183.4760662277527,1317.2,0.34886713319289064,rehedge
2026-06-02 09:00:00,index,NIFTY,long,spot_as_fut_proxy,1h,520.6590035335844,2862.304539715385,23316.2,242.79578916379523,rehedge
2026-06-02 09:00:00,stock,SBIN,long,SBIN_spot_proxy,1h,33.172643684038036,120.15908433788057,951.2,0.6310763734451397,rehedge
2026-06-02 10:00:00,stock,BAJFINANCE,short,BAJFINANCE_spot_proxy,1h,3.1340510925776925,-36.098266171427305,867.55,0.05437892050731555,rehedge
2026-06-02 10:00:00,stock,BHARTIARTL,long,BHARTIARTL_spot_proxy,1h,15.336236052002846,410.0004352416507,1780.2,0.5460313483955094,rehedge
2026-06-02 10:00:00,stock,ICICIBANK,short,ICICIBANK_spot_proxy,1h,-7.153164266955514,-117.5118764312971,1227.6,1.7562448908229178,rehedge
2026-06-02 10:00:00,stock,ITC,short,ITC_spot_proxy,1h,9.38593170253398,-1483.0488543257952,280.05,0.05257060346589283,rehedge
2026-06-02 10:00:00,stock,AXISBANK,short,AXISBANK_spot_proxy,1h,-125.12293033576594,145.44282163604402,1253.8,31.37582601099667,rehedge
2026-06-02 10:00:00,stock,KOTAKBANK,short,KOTAKBANK_spot_proxy,1h,38.9815310901045,18.746887038142912,378.6,0.2951681534142713,rehedge
2026-06-02 10:00:00,stock,LT,short,LT_spot_proxy,1h,-27.369312838171414,-25.753549335989163,3927.9,21.5007847794107,rehedge
2026-06-02 10:00:00,stock,INFY,long,INFY_spot_proxy,1h,-4.160448826669722,-280.0504847373843,1266.7,1.0540081057485073,rehedge
2026-06-02 10:00:00,stock,RELIANCE,long,RELIANCE_spot_proxy,1h,38.293507586932236,221.76957381468495,1307.7,1.0015283974286258,rehedge
2026-06-02 10:00:00,index,NIFTY,long,spot_as_fut_proxy,1h,83.39381279254394,2945.698352507929,23301.15,38.86343481901971,rehedge
2026-06-02 10:00:00,stock,SBIN,long,SBIN_spot_proxy,1h,63.97331923630422,184.1324035741848,944.55,1.208519973693023,rehedge
2026-06-02 11:00:00,stock,BAJFINANCE,short,BAJFINANCE_spot_proxy,1h,2.675828408559056,-33.42243776286825,870.0,0.04655941430892758,rehedge
2026-06-02 11:00:00,stock,BHARTIARTL,long,BHARTIARTL_spot_proxy,1h,-0.30746776019350364,409.6929674814572,1782.4,0.10960610715378019,rehedge
2026-06-02 11:00:00,stock,ICICIBANK,short,ICICIBANK_spot_proxy,1h,-29.494181599182056,-147.00605803047915,1223.4,7.216636353687867,rehedge
2026-06-02 11:00:00,stock,ITC,short,ITC_spot_proxy,1h,-3.322628011633924,-1486.3714823374291,279.8,0.1859342635310344,rehedge
2026-06-02 11:00:00,stock,AXISBANK,short,AXISBANK_spot_proxy,1h,-18.12222004984808,127.32060158619593,1250.6,4.532729678868002,rehedge
2026-06-02 11:00:00,stock,KOTAKBANK,short,KOTAKBANK_spot_proxy,1h,-28.81219594661628,-10.06530890847337,376.45,2.1692702328207396,rehedge
2026-06-02 11:00:00,stock,LT,short,LT_spot_proxy,1h,0.7246450019212531,-25.02890433406791,3928.2,0.05693100993094133,rehedge
2026-06-02 11:00:00,stock,INFY,long,INFY_spot_proxy,1h,-18.280931445027818,-298.3314161824121,1276.7,4.667853035173403,rehedge
2026-06-02 11:00:00,stock,RELIANCE,long,RELIANCE_spot_proxy,1h,23.24696391378626,245.0165377284712,1300.5,0.6046535313975806,rehedge
2026-06-02 11:00:00,index,NIFTY,long,spot_as_fut_proxy,1h,35.983859289244265,2981.6822117971733,23284.1,16.757035561533847,rehedge
2026-06-02 11:00:00,stock,SBIN,long,SBIN_spot_proxy,1h,5.872578571038929,190.00498214522372,943.75,0.11084492052835979,rehedge
2026-06-02 12:00:00,stock,BAJFINANCE,short,BAJFINANCE_spot_proxy,1h,12.249419155798783,-21.173018607069466,878.65,0.21525904282485203,rehedge
2026-06-02 12:00:00,stock,BHARTIARTL,long,BHARTIARTL_spot_proxy,1h,-18.368068451090323,391.32489903036685,1798.1,6.605524776381102,rehedge
2026-06-02 12:00:00,stock,ICICIBANK,short,ICICIBANK_spot_proxy,1h,90.60796255065641,-56.39809547982274,1234.9,2.2378354590761127,rehedge
2026-06-02 12:00:00,stock,ITC,short,ITC_spot_proxy,1h,11.19109145626635,-1475.1803908811628,281.35,0.06297227162441076,rehedge
2026-06-02 12:00:00,stock,AXISBANK,short,AXISBANK_spot_proxy,1h,67.43128228993477,194.7518838761307,1261.4,1.7011563896104747,rehedge
2026-06-02 12:00:00,stock,KOTAKBANK,short,KOTAKBANK_spot_proxy,1h,59.56545474285446,49.500145834381094,380.9,0.4537696342310653,rehedge
2026-06-02 12:00:00,stock,LT,short,LT_spot_proxy,1h,20.252433496687317,-4.776470837380593,3963.6,1.605450908149397,rehedge
2026-06-02 12:00:00,stock,INFY,long,INFY_spot_proxy,1h,17.67030598068004,-280.6611102017321,1266.9,0.447730212938471,rehedge
2026-06-02 12:00:00,stock,RELIANCE,long,RELIANCE_spot_proxy,1h,-38.32105703981023,206.69548068866098,1312.4,10.05851105180939,rehedge
2026-06-02 12:00:00,index,NIFTY,long,spot_as_fut_proxy,1h,-573.7366525031089,2407.9455592940644,23456.9,2691.616656820035,rehedge
2026-06-02 12:00:00,stock,SBIN,long,SBIN_spot_proxy,1h,-95.92130964935964,94.08367249586408,953.8,18.297949028711844,rehedge
2026-06-02 13:00:00,stock,BAJFINANCE,short,BAJFINANCE_spot_proxy,1h,-0.3182692114924457,-21.49128781856191,878.1,0.055894438922303315,rehedge
2026-06-02 13:00:00,stock,BHARTIARTL,long,BHARTIARTL_spot_proxy,1h,-38.30660480275566,353.0182942276112,1817.4,13.923684713705628,rehedge
2026-06-02 13:00:00,stock,ICICIBANK,short,ICICIBANK_spot_proxy,1h,-4.5731871238388635,-60.97128260366161,1234.3,1.1289369733908619,rehedge
2026-06-02 13:00:00,stock,ITC,short,ITC_spot_proxy,1h,3.110429333048387,-1472.0699615481144,281.55,0.01751482757439547,rehedge
2026-06-02 13:00:00,stock,AXISBANK,short,AXISBANK_spot_proxy,1h,-13.765636912743275,180.98624696338743,1259.2,3.4667380001052672,rehedge
2026-06-02 13:00:00,stock,KOTAKBANK,short,KOTAKBANK_spot_proxy,1h,3.1593201512677,52.659465985648794,381.15,0.02408349751311368,rehedge
2026-06-02 13:00:00,stock,LT,short,LT_spot_proxy,1h,16.975532593146237,12.199061755765644,3992.0,1.3553265222367956,rehedge
2026-06-02 13:00:00,stock,INFY,long,INFY_spot_proxy,1h,1.4318270755049411,-279.22928312622713,1266.1,0.03625672520593612,rehedge
2026-06-02 13:00:00,stock,RELIANCE,long,RELIANCE_spot_proxy,1h,-38.692915367132514,168.00256532152846,1321.9,10.229632964762496,rehedge
2026-06-02 13:00:00,index,NIFTY,long,spot_as_fut_proxy,1h,-173.35480623214016,2234.5907530619243,23515.15,815.2928543539422,rehedge
2026-06-02 13:00:00,stock,SBIN,long,SBIN_spot_proxy,1h,-57.635315669479894,36.448356826384185,959.55,11.060793430129886,rehedge
2026-06-02 14:00:00,stock,BAJFINANCE,short,BAJFINANCE_spot_proxy,1h,2.8558499212057455,-18.635437897356166,880.2,0.05027438201290595,rehedge
2026-06-02 14:00:00,stock,BHARTIARTL,long,BHARTIARTL_spot_proxy,1h,15.292704739330475,368.31099896694167,1809.2,0.5533512282879339,rehedge
2026-06-02 14:00:00,stock,ICICIBANK,short,ICICIBANK_spot_proxy,1h,-71.10235085722512,-132.07363346088673,1225.8,17.43145233615731,rehedge
2026-06-02 14:00:00,stock,ITC,short,ITC_spot_proxy,1h,15.481774047742647,-1456.5881875003718,282.45,0.08745654159569821,rehedge
2026-06-02 14:00:00,stock,AXISBANK,short,AXISBANK_spot_proxy,1h,-62.3181342296937,118.66811273369373,1249.5,15.573301744000455,rehedge
2026-06-02 14:00:00,stock,KOTAKBANK,short,KOTAKBANK_spot_proxy,1h,-14.811035390347008,37.848430595301785,380.0,1.1256386896663726,rehedge
2026-06-02 14:00:00,stock,LT,short,LT_spot_proxy,1h,-6.0350104278392225,6.164051327926422,3982.0,4.806282304731157,rehedge
2026-06-02 14:00:00,stock,INFY,long,INFY_spot_proxy,1h,-22.999472210322267,-302.2287553365494,1267.7,5.831286184205108,rehedge
2026-06-02 14:00:00,stock,RELIANCE,long,RELIANCE_spot_proxy,1h,31.101509791015417,199.10407511254388,1313.5,0.8170366622099751,rehedge
2026-06-02 14:00:00,index,NIFTY,long,spot_as_fut_proxy,1h,342.1783518577922,2576.7691049197165,23441.55,160.42381887984058,rehedge
2026-06-02 14:00:00,stock,SBIN,long,SBIN_spot_proxy,1h,42.380748248140605,78.82910507452479,955.5,0.809896099021967,rehedge
2026-06-02 15:00:00,stock,BAJFINANCE,short,BAJFINANCE_spot_proxy,1h,2.205051354922272,-16.430386542433894,882.0,0.038897105900828885,rehedge
2026-06-02 15:00:00,stock,BHARTIARTL,long,BHARTIARTL_spot_proxy,1h,-4.69339348303447,363.6176054839072,1814.2,1.702950891384227,rehedge
2026-06-02 15:00:00,stock,ICICIBANK,short,ICICIBANK_spot_proxy,1h,7.158600535625027,-124.9150329252617,1226.6,0.17561478833995317,rehedge
2026-06-02 15:00:00,stock,ITC,short,ITC_spot_proxy,1h,2.893858161508888,-1453.6943293388629,283.25,0.01639370648494785,rehedge
2026-06-02 15:00:00,stock,AXISBANK,short,AXISBANK_spot_proxy,1h,10.045121496055913,128.71323422974965,1251.1,0.25134903007431103,rehedge
2026-06-02 15:00:00,stock,KOTAKBANK,short,KOTAKBANK_spot_proxy,1h,-13.183076715957132,24.665353879344654,379.05,0.9994090458367102,rehedge
2026-06-02 15:00:00,stock,LT,short,LT_spot_proxy,1h,11.361709279800849,17.52576060772727,4000.9,0.9091412531511044,rehedge
2026-06-02 15:00:00,stock,INFY,long,INFY_spot_proxy,1h,-7.750435471299625,-309.979190807849,1270.8,1.9698506793855126,rehedge
2026-06-02 15:00:00,stock,RELIANCE,long,RELIANCE_spot_proxy,1h,-3.9522051273168586,195.15186998522702,1314.6,1.0391137720741486,rehedge
2026-06-02 15:00:00,index,NIFTY,long,spot_as_fut_proxy,1h,-159.36309771420292,2417.4060072055136,23483.55,748.482254665274,rehedge
2026-06-02 15:00:00,stock,SBIN,long,SBIN_spot_proxy,1h,-13.10216003502353,65.72694503950126,956.65,2.506836279501052,rehedge
2026-06-03 09:00:00,stock,BAJFINANCE,short,BAJFINANCE_spot_proxy,1h,-14.852415362527932,-31.282801904961826,871.4,2.588478949381368,rehedge
2026-06-03 09:00:00,stock,BHARTIARTL,long,BHARTIARTL_spot_proxy,1h,-8.028155604948154,355.58944987895904,1813.2,2.9113303485783986,rehedge
2026-06-03 09:00:00,stock,ICICIBANK,short,ICICIBANK_spot_proxy,1h,-85.04613197771502,-209.96116490297672,1215.3,20.671312838503415,rehedge
2026-06-03 09:00:00,stock,ITC,short,ITC_spot_proxy,1h,-70.85353585012331,-1524.5478651889862,276.1,3.9125322496438097,rehedge
2026-06-03 09:00:00,stock,ITC,short,ITC_spot_proxy,1h,1524.5478651889862,0.0,276.1,8.418553311573584,flatten
2026-06-03 09:00:00,stock,AXISBANK,short,AXISBANK_spot_proxy,1h,-107.95200793756479,20.761226292184862,1234.3,26.649032679467243,rehedge
2026-06-03 09:00:00,stock,KOTAKBANK,short,KOTAKBANK_spot_proxy,1h,-1.4981207339725522,23.1672331453721,379.0,0.11355755163511948,rehedge
2026-06-03 09:00:00,stock,LT,short,LT_spot_proxy,1h,-27.57948019383262,-10.053719586105348,3954.6,21.813162474906097,rehedge
2026-06-03 09:00:00,stock,INFY,long,INFY_spot_proxy,1h,132.3070512427195,-177.67213956512953,1223.5,3.2375535439093466,rehedge
2026-06-03 09:00:00,stock,INFY,long,INFY_spot_proxy,1h,177.67213956512953,0.0,1223.5,4.34763725515872,flatten
2026-06-03 09:00:00,stock,RELIANCE,long,RELIANCE_spot_proxy,1h,28.52880654028658,223.6806765255136,1305.9,0.7451153692192051,rehedge
2026-06-03 09:00:00,index,NIFTY,long,spot_as_fut_proxy,1h,609.9006190793075,3027.306626284821,23252.65,283.63611260468923,rehedge
2026-06-03 09:00:00,stock,SBIN,long,SBIN_spot_proxy,1h,101.88112074444356,167.60806578394482,946.15,1.9278964478471057,rehedge
2026-06-03 10:00:00,stock,BAJFINANCE,short,BAJFINANCE_spot_proxy,1h,-5.927583461555233,-37.21038536651706,867.05,1.0279022480682931,rehedge
2026-06-03 10:00:00,stock,BHARTIARTL,long,BHARTIARTL_spot_proxy,1h,6.817245134843233,362.4066950138023,1810.6,0.24686608082294317,rehedge
2026-06-03 10:00:00,stock,ICICIBANK,short,ICICIBANK_spot_proxy,1h,43.9102727055479,-166.05089219742882,1221.2,1.072464500560302,rehedge
2026-06-03 10:00:00,stock,AXISBANK,short,AXISBANK_spot_proxy,1h,17.038230318355343,37.799456610540204,1237.0,0.4215258180761112,rehedge
2026-06-03 10:00:00,stock,KOTAKBANK,short,KOTAKBANK_spot_proxy,1h,-21.803477830965967,1.3637553144061343,377.35,1.6455084719030015,rehedge
2026-06-03 10:00:00,stock,LT,short,LT_spot_proxy,1h,-21.830345974589605,-31.884065560694953,3916.7,17.10058321573502,rehedge
2026-06-03 10:00:00,stock,RELIANCE,long,RELIANCE_spot_proxy,1h,-0.05514469088439,223.62553183462921,1306.1,0.014404896152820357,rehedge
2026-06-03 10:00:00,index,NIFTY,long,spot_as_fut_proxy,1h,71.82355888708253,3099.1301851719036,23226.05,33.363551397786466,rehedge
2026-06-03 10:00:00,stock,SBIN,long,SBIN_spot_proxy,1h,41.66437270838165,209.27243849232647,941.1,0.7842068231171594,rehedge
2026-06-03 10:00:00,stock,INFY,long,INFY_spot_proxy,1h,-66.5708122408628,-66.5708122408628,1228.7,16.359111400069622,entry
2026-06-03 10:00:00,stock,ITC,long,ITC_spot_proxy,1h,135.2245139093241,135.2245139093241,276.5,0.7477915619185623,entry
2026-06-03 10:00:00,stock,TCS,long,TCS_spot_proxy,1h,-1.9331724790536353,-1.9331724790536353,2263.7,0.8752245081667429,entry
2026-06-03 11:00:00,stock,BAJFINANCE,short,BAJFINANCE_spot_proxy,1h,-1.4841988284479015,-38.69458419496496,866.15,0.25710776305203,rehedge
2026-06-03 11:00:00,stock,BHARTIARTL,long,BHARTIARTL_spot_proxy,1h,-14.732894860100373,347.6738001537019,1819.5,5.361300439590526,rehedge
2026-06-03 11:00:00,stock,ICICIBANK,short,ICICIBANK_spot_proxy,1h,-3.982813311171384,-170.0337055086002,1220.9,0.9725233543218287,rehedge
2026-06-03 11:00:00,stock,AXISBANK,short,AXISBANK_spot_proxy,1h,53.57651954363142,91.37597615417162,1245.4,1.3344839487927718,rehedge
2026-06-03 11:00:00,stock,KOTAKBANK,short,KOTAKBANK_spot_proxy,1h,-14.88545139525268,-13.521696080846546,376.25,1.120130217492764,rehedge
2026-06-03 11:00:00,stock,LT,short,LT_spot_proxy,1h,-5.281848986879066,-37.16591454757402,3905.0,4.125124058752551,rehedge
2026-06-03 11:00:00,stock,RELIANCE,long,RELIANCE_spot_proxy,1h,10.144989876208797,233.770521710838,1303.0,0.26437843617400125,rehedge
2026-06-03 11:00:00,index,NIFTY,long,spot_as_fut_proxy,1h,71.93086309034788,3171.0610482622515,23192.25,33.36477119014241,rehedge
2026-06-03 11:00:00,stock,SBIN,long,SBIN_spot_proxy,1h,22.913065097542983,232.18550358986946,938.55,0.43010114494597934,rehedge
2026-06-03 11:00:00,stock,INFY,long,INFY_spot_proxy,1h,45.128305453232215,-21.442506787630577,1216.4,1.0978814150662335,rehedge
2026-06-03 11:00:00,stock,ITC,long,ITC_spot_proxy,1h,86.81299679811136,222.03751070743544,275.55,0.4784264253543917,rehedge
2026-06-03 11:00:00,stock,TCS,long,TCS_spot_proxy,1h,27.062797013094837,25.129624534041202,2225.8,1.20472747183493,rehedge
2026-06-03 12:00:00,stock,BAJFINANCE,short,BAJFINANCE_spot_proxy,1h,5.835403444249543,-32.85918075071542,870.1,0.10154769073683056,rehedge
2026-06-03 12:00:00,stock,BHARTIARTL,long,BHARTIARTL_spot_proxy,1h,4.842406290583881,352.5162064442858,1817.6,0.17603115347530524,rehedge
2026-06-03 12:00:00,stock,ICICIBANK,short,ICICIBANK_spot_proxy,1h,89.25020710811108,-80.78349840048912,1232.0,2.199125103143857,rehedge
2026-06-03 12:00:00,stock,AXISBANK,short,AXISBANK_spot_proxy,1h,36.45897609118539,127.83495224535702,1251.4,0.9124952536101881,rehedge
2026-06-03 12:00:00,stock,KOTAKBANK,short,KOTAKBANK_spot_proxy,1h,39.92709585688434,26.405399776037797,379.25,0.3028470220744678,rehedge
2026-06-03 12:00:00,stock,LT,short,LT_spot_proxy,1h,18.42342642518243,-18.74248812239159,3938.9,1.4513606869230218,rehedge
2026-06-03 12:00:00,stock,RELIANCE,long,RELIANCE_spot_proxy,1h,-8.986348230956139,224.78417347988187,1306.5,2.348132792748839,rehedge
2026-06-03 12:00:00,index,NIFTY,long,spot_as_fut_proxy,1h,-163.49271307319623,3007.5683351890552,23283.3,761.3299772594299,rehedge
2026-06-03 12:00:00,stock,SBIN,long,SBIN_spot_proxy,1h,-91.49911998862714,140.6863836012423,948.6,17.359213044242342,rehedge
2026-06-03 12:00:00,stock,INFY,long,INFY_spot_proxy,1h,-17.221172039938267,-38.663678827568845,1221.2,4.206099059034522,rehedge
2026-06-03 12:00:00,stock,ITC,long,ITC_spot_proxy,1h,-151.62918806725162,70.40832264018384,277.35,8.410871062090449,rehedge
2026-06-03 12:00:00,stock,TCS,long,TCS_spot_proxy,1h,-8.445052112557104,16.6845724214841,2239.2,3.782032138087573,rehedge
2026-06-03 13:00:00,stock,BAJFINANCE,short,BAJFINANCE_spot_proxy,1h,2.057293294878022,-30.801887455837395,871.6,0.03586273671631368,rehedge
2026-06-03 13:00:00,stock,BHARTIARTL,long,BHARTIARTL_spot_proxy,1h,-10.12071621880932,342.39549022547646,1822.2,3.688393818782869,rehedge
2026-06-03 13:00:00,stock,ICICIBANK,short,ICICIBANK_spot_proxy,1h,97.33449387617023,16.550995475681106,1243.7,2.4210982006758583,rehedge
2026-06-03 13:00:00,stock,AXISBANK,short,AXISBANK_spot_proxy,1h,54.4560884406134,182.29104068597042,1260.5,1.372837989587864,rehedge
2026-06-03 13:00:00,stock,KOTAKBANK,short,KOTAKBANK_spot_proxy,1h,15.121382225990843,41.52678200202864,380.4,0.11504347597533833,rehedge
2026-06-03 13:00:00,stock,LT,short,LT_spot_proxy,1h,8.011293450136215,-10.731194672255373,3953.4,0.6334369505153703,rehedge
2026-06-03 13:00:00,stock,RELIANCE,long,RELIANCE_spot_proxy,1h,-15.315278423197213,209.46889505668466,1310.9,4.015359696993846,rehedge
2026-06-03 13:00:00,index,NIFTY,long,spot_as_fut_proxy,1h,-275.3461355357467,2732.2221996533085,23361.1,1286.4777213728264,rehedge
2026-06-03 13:00:00,stock,SBIN,long,SBIN_spot_proxy,1h,-95.23974808023902,45.446635521003294,958.15,18.250792924616203,rehedge
2026-06-03 13:00:00,stock,INFY,long,INFY_spot_proxy,1h,-4.653574400593357,-43.3172532281622,1222.4,1.1377058694570639,rehedge
2026-06-03 13:00:00,stock,ITC,long,ITC_spot_proxy,1h,-0.3999787962363257,70.00834384394751,277.35,0.022186823827228988,rehedge
2026-06-03 13:00:00,stock,TCS,long,TCS_spot_proxy,1h,-0.7618770105841399,15.922695410899959,2239.7,0.3412751881210596,rehedge
2026-06-03 14:00:00,stock,BAJFINANCE,short,BAJFINANCE_spot_proxy,1h,11.864031172407586,-18.93785628342981,879.4,0.20866458026030463,rehedge
2026-06-03 14:00:00,stock,BHARTIARTL,long,BHARTIARTL_spot_proxy,1h,-7.483719525348931,334.91177070012753,1825.4,2.732156324314388,rehedge
2026-06-03 14:00:00,stock,ICICIBANK,short,ICICIBANK_spot_proxy,1h,18.13331949066683,34.684314966347934,1245.9,0.45184605506843606,rehedge
2026-06-03 14:00:00,stock,AXISBANK,short,AXISBANK_spot_proxy,1h,-33.62266774653821,148.6683729394322,1255.2,8.440634511090954,rehedge
2026-06-03 14:00:00,stock,KOTAKBANK,short,KOTAKBANK_spot_proxy,1h,12.476987403030272,54.00376940505891,381.4,0.09517445991031491,rehedge
2026-06-03 14:00:00,stock,LT,short,LT_spot_proxy,1h,7.789349092040965,-2.9418455802144083,3966.8,0.6179757995661621,rehedge
2026-06-03 14:00:00,stock,RELIANCE,long,RELIANCE_spot_proxy,1h,-15.471290248142111,193.99760480854255,1314.4,4.067092780431599,rehedge
2026-06-03 14:00:00,index,NIFTY,long,spot_as_fut_proxy,1h,-334.4053895739212,2397.8168100793873,23442.95,1567.8897655023914,rehedge
2026-06-03 14:00:00,stock,SBIN,long,SBIN_spot_proxy,1h,-97.19533938248262,-51.74870386147933,968.45,18.82576528499306,rehedge
2026-06-03 14:00:00,stock,INFY,long,INFY_spot_proxy,1h,3.7465960429727616,-39.57065718518944,1221.4,0.09152184813773864,rehedge
2026-06-03 14:00:00,stock,ITC,long,ITC_spot_proxy,1h,-47.79446311729005,22.213880726657464,277.9,2.6564162600589807,rehedge
2026-06-03 14:00:00,stock,TCS,long,TCS_spot_proxy,1h,-4.345075766708982,11.577619644190976,2245.9,1.9517211328903408,rehedge
2026-06-03 15:00:00,stock,BAJFINANCE,short,BAJFINANCE_spot_proxy,1h,-4.145558931190486,-23.083415214620295,876.8,0.7269652141735635,rehedge
2026-06-03 15:00:00,stock,BHARTIARTL,long,BHARTIARTL_spot_proxy,1h,6.793056206879783,341.7048269070073,1824.1,0.24782427653938824,rehedge
2026-06-03 15:00:00,stock,ICICIBANK,short,ICICIBANK_spot_proxy,1h,-32.239344668902966,2.4449702974449705,1242.0,8.008253215755497,rehedge
2026-06-03 15:00:00,stock,AXISBANK,short,AXISBANK_spot_proxy,1h,3.6977660187920947,152.3661389582243,1255.2,0.09282871813575676,rehedge
2026-06-03 15:00:00,stock,KOTAKBANK,short,KOTAKBANK_spot_proxy,1h,-5.314270480097143,48.68949892496177,381.0,0.4049474105834023,rehedge
2026-06-03 15:00:00,stock,LT,short,LT_spot_proxy,1h,-8.320146710626691,-11.2619922908411,3953.2,6.5782407952898865,rehedge
2026-06-03 15:00:00,stock,RELIANCE,long,RELIANCE_spot_proxy,1h,8.096625448923845,202.0942302574664,1313.2,0.2126497707905359,rehedge
2026-06-03 15:00:00,index,NIFTY,long,spot_as_fut_proxy,1h,315.84105294589335,2713.6578630252807,23405.6,147.84898697660802,rehedge
2026-06-03 15:00:00,stock,SBIN,long,SBIN_spot_proxy,1h,-19.359828116985938,-71.10853197846527,970.45,3.757549039225801,rehedge
2026-06-03 15:00:00,stock,INFY,long,INFY_spot_proxy,1h,-4.710559014669855,-44.281216199859294,1222.6,1.1518258902670728,rehedge
2026-06-03 15:00:00,stock,ITC,long,ITC_spot_proxy,1h,75.56112290251491,97.77500362917237,277.0,0.4186086208799326,rehedge
2026-06-03 15:00:00,stock,TCS,long,TCS_spot_proxy,1h,2.7678795532667344,14.34549919745771,2241.7,0.12409511189116076,rehedge
2026-06-04 09:00:00,stock,BAJFINANCE,short,BAJFINANCE_spot_proxy,1h,0.4501608605622138,-22.63325435405808,877.15,0.007897171976842917,rehedge
2026-06-04 09:00:00,stock,BHARTIARTL,long,BHARTIARTL_spot_proxy,1h,-4.655709036391386,337.04911787061593,1825.5,1.6997993691864952,rehedge
2026-06-04 09:00:00,stock,ICICIBANK,short,ICICIBANK_spot_proxy,1h,40.576642174583434,43.0216124720284,1247.1,1.0120626091184601,rehedge
2026-06-04 09:00:00,stock,AXISBANK,short,AXISBANK_spot_proxy,1h,6.250745225892359,158.61688418411666,1256.6,0.1570937290171268,rehedge
2026-06-04 09:00:00,stock,KOTAKBANK,short,KOTAKBANK_spot_proxy,1h,13.943373497741689,62.63287242270346,382.05,0.10654131689624426,rehedge
2026-06-04 09:00:00,stock,LT,short,LT_spot_proxy,1h,6.5295770566124665,-4.732415234228633,3964.7,0.5177562831270289,rehedge
2026-06-04 09:00:00,stock,RELIANCE,long,RELIANCE_spot_proxy,1h,14.861901364171331,216.95613162163772,1308.8,0.3890251301085488,rehedge
2026-06-04 09:00:00,index,NIFTY,long,spot_as_fut_proxy,1h,93.05775995403565,2806.7156229793163,23407.85,43.565641726801466,rehedge
2026-06-04 09:00:00,stock,SBIN,long,SBIN_spot_proxy,1h,-56.43262644350396,-127.54115842196923,976.6,11.022420596945194,rehedge
2026-06-04 09:00:00,stock,INFY,long,INFY_spot_proxy,1h,58.26560610395978,13.984389904100492,1207.3,1.406881324986213,rehedge
2026-06-04 09:00:00,stock,ITC,long,ITC_spot_proxy,1h,-89.04110750286458,8.733896126307794,278.1,4.952466399309328,rehedge
2026-06-04 09:00:00,stock,TCS,long,TCS_spot_proxy,1h,8.76116976765199,23.1066689651097,2231.7,0.391046051409379,rehedge
2026-06-04 10:00:00,stock,BAJFINANCE,short,BAJFINANCE_spot_proxy,1h,-3.8887335865905364,-26.521987940648618,874.6,0.6802172789664166,rehedge
2026-06-04 10:00:00,stock,BHARTIARTL,long,BHARTIARTL_spot_proxy,1h,11.637026543960758,348.6861444145767,1821.3,0.4238903288903146,rehedge
2026-06-04 10:00:00,stock,ICICIBANK,short,ICICIBANK_spot_proxy,1h,42.629224643466024,85.65083711549443,1252.1,1.0675210435216762,rehedge
2026-06-04 10:00:00,stock,AXISBANK,short,AXISBANK_spot_proxy,1h,-27.36078026770906,131.2561039164076,1252.2,6.852233810245059,rehedge
2026-06-04 10:00:00,stock,KOTAKBANK,short,KOTAKBANK_spot_proxy,1h,14.331650415534298,76.96452283823776,383.1,0.10980910548382382,rehedge
2026-06-04 10:00:00,stock,LT,short,LT_spot_proxy,1h,-9.431399365042406,-14.16381459927104,3948.5,7.447976078573989,rehedge
2026-06-04 10:00:00,stock,RELIANCE,long,RELIANCE_spot_proxy,1h,14.982660768129051,231.93879238976677,1303.9,0.39071782751126943,rehedge
2026-06-04 10:00:00,index,NIFTY,long,spot_as_fut_proxy,1h,-25.286451341003612,2781.4291716383127,23424.9,118.46651880357513,rehedge
2026-06-04 10:00:00,stock,SBIN,long,SBIN_spot_proxy,1h,-78.82811615981866,-206.3692745817879,984.8,15.525985758837884,rehedge
2026-06-04 10:00:00,stock,INFY,long,INFY_spot_proxy,1h,11.523342181713002,25.507732085813494,1204.3,0.27755121978873937,rehedge
2026-06-04 10:00:00,stock,ITC,long,ITC_spot_proxy,1h,-143.43129417613295,-134.69739804982515,279.75,8.024980909154639,rehedge
2026-06-04 10:00:00,stock,TCS,long,TCS_spot_proxy,1h,-1.6350015984916872,21.471667366618014,2235.0,0.7308457145257843,rehedge
2026-06-04 11:00:00,stock,BAJFINANCE,short,BAJFINANCE_spot_proxy,1h,-1.817428184469719,-28.339416125118337,873.55,0.3175228781087046,rehedge
2026-06-04 11:00:00,stock,BHARTIARTL,long,BHARTIARTL_spot_proxy,1h,14.40090754018945,363.08705195476614,1813.9,0.522436123742993,rehedge
2026-06-04 11:00:00,stock,ICICIBANK,short,ICICIBANK_spot_proxy,1h,24.69677539389862,110.34761250939304,1255.0,0.6198890623868554,rehedge
2026-06-04 11:00:00,stock,AXISBANK,short,AXISBANK_spot_proxy,1h,-14.327049310695784,116.92905460571181,1249.8,3.581189245701518,rehedge
2026-06-04 11:00:00,stock,KOTAKBANK,short,KOTAKBANK_spot_proxy,1h,-22.07653827778406,54.887984560453695,381.45,1.684219105212146,rehedge
2026-06-04 11:00:00,stock,LT,short,LT_spot_proxy,1h,4.241506916203836,-9.922307683067205,3956.2,0.3356049932377123,rehedge
2026-06-04 11:00:00,stock,RELIANCE,long,RELIANCE_spot_proxy,1h,4.29207108279553,236.2308634725623,1304.2,0.11195438212363863,rehedge
2026-06-04 11:00:00,index,NIFTY,long,spot_as_fut_proxy,1h,76.73942051050517,2858.168592148818,23419.05,35.943286518130925,rehedge
2026-06-04 11:00:00,stock,SBIN,long,SBIN_spot_proxy,1h,38.18721757158272,-168.18205701020517,980.55,0.7488895237963087,rehedge
2026-06-04 11:00:00,stock,INFY,long,INFY_spot_proxy,1h,0.8389500520807012,26.346682137894195,1204.1,0.020203595154207447,rehedge
2026-06-04 11:00:00,stock,ITC,long,ITC_spot_proxy,1h,-27.294898480341374,-161.99229653016653,280.05,1.5287872638839204,rehedge
2026-06-04 11:00:00,stock,TCS,long,TCS_spot_proxy,1h,-0.8224953344789299,20.649172032139084,2236.7,0.36793506292580447,rehedge
2026-06-04 12:00:00,stock,BAJFINANCE,short,BAJFINANCE_spot_proxy,1h,5.001501409752915,-23.33791471536542,877.15,0.0877413392312954,rehedge
2026-06-04 12:00:00,stock,BHARTIARTL,long,BHARTIARTL_spot_proxy,1h,6.119163114981177,369.2062150697473,1809.6,0.22146475145739877,rehedge
2026-06-04 12:00:00,stock,ICICIBANK,short,ICICIBANK_spot_proxy,1h,-14.484678491589477,95.86293401780357,1253.3,3.6307295107018183,rehedge
2026-06-04 12:00:00,stock,AXISBANK,short,AXISBANK_spot_proxy,1h,15.072622798411217,132.00167740412303,1252.2,0.3774787653634106,rehedge
2026-06-04 12:00:00,stock,KOTAKBANK,short,KOTAKBANK_spot_proxy,1h,3.6996298789132567,58.58761443936695,381.7,0.028242974495623806,rehedge
2026-06-04 12:00:00,stock,LT,short,LT_spot_proxy,1h,1.1045598958722014,-8.817747787195003,3957.9,0.08743475223745173,rehedge
2026-06-04 12:00:00,stock,RELIANCE,long,RELIANCE_spot_proxy,1h,7.06904554409914,243.29990901666145,1301.6,0.1840213936039888,rehedge
2026-06-04 12:00:00,index,NIFTY,long,spot_as_fut_proxy,1h,51.86423654635746,2910.0328286951753,23415.9,24.288955530917036,rehedge
2026-06-04 12:00:00,stock,SBIN,long,SBIN_spot_proxy,1h,15.493464462426346,-152.68859254777882,978.9,0.303331047245383,rehedge
2026-06-04 12:00:00,stock,INFY,long,INFY_spot_proxy,1h,-5.280441133347246,21.06624100454695,1205.5,1.273114357250021,rehedge
2026-06-04 12:00:00,stock,ITC,long,ITC_spot_proxy,1h,-5.62502757365877,-167.6173241038253,280.1,0.31511404467636434,rehedge
2026-06-04 12:00:00,stock,TCS,long,TCS_spot_proxy,1h,-0.2019886676662317,20.447183364472853,2237.0,0.09036972991387207,rehedge
2026-06-04 13:00:00,stock,BAJFINANCE,short,BAJFINANCE_spot_proxy,1h,-3.1653415577021846,-26.503256273067606,875.15,0.5540297328446133,rehedge
2026-06-04 13:00:00,stock,BHARTIARTL,long,BHARTIARTL_spot_proxy,1h,11.905307932051755,381.11152300179907,1803.0,0.42930540402978634,rehedge
2026-06-04 13:00:00,stock,ICICIBANK,short,ICICIBANK_spot_proxy,1h,-27.057308531377615,68.80562548642595,1250.1,6.764868279015031,rehedge
2026-06-04 13:00:00,stock,AXISBANK,short,AXISBANK_spot_proxy,1h,-34.74293320955452,97.25874419456851,1246.6,8.662108107806134,rehedge
2026-06-04 13:00:00,stock,KOTAKBANK,short,KOTAKBANK_spot_proxy,1h,-20.492210390103295,38.09540404926366,380.2,1.5582276780634545,rehedge
2026-06-04 13:00:00,stock,LT,short,LT_spot_proxy,1h,-11.55063408305778,-20.368381870252783,3938.3,9.097972441861291,rehedge
2026-06-04 13:00:00,stock,RELIANCE,long,RELIANCE_spot_proxy,1h,1.5385102762732572,244.8384192929347,1300.4,0.04001357526531488,rehedge
2026-06-04 13:00:00,index,NIFTY,long,spot_as_fut_proxy,1h,210.40923291287118,3120.4420616080465,23367.9,98.33643827569367,rehedge
2026-06-04 13:00:00,stock,SBIN,long,SBIN_spot_proxy,1h,34.224505114973056,-118.46408743280577,975.25,0.6675489722675495,rehedge
2026-06-04 13:00:00,stock,INFY,long,INFY_spot_proxy,1h,10.789577941508675,31.855818946055624,1202.7,0.2595325078050497,rehedge
2026-06-04 13:00:00,stock,ITC,long,ITC_spot_proxy,1h,2.9316890092921994,-164.6856350945331,280.05,0.01642039014104561,rehedge
2026-06-04 13:00:00,stock,TCS,long,TCS_spot_proxy,1h,2.5623735610580916,23.009556925530944,2233.9,0.11448172596095343,rehedge
2026-06-04 14:00:00,stock,BAJFINANCE,short,BAJFINANCE_spot_proxy,1h,0.9296214049553946,-25.57363486811221,875.65,0.016280459664983826,rehedge
2026-06-04 14:00:00,stock,BHARTIARTL,long,BHARTIARTL_spot_proxy,1h,-9.547735642693965,371.5637873591051,1812.0,3.4600993969122933,rehedge
2026-06-04 14:00:00,stock,ICICIBANK,short,ICICIBANK_spot_proxy,1h,49.70805861518838,118.51368410161433,1255.9,1.2485670162963018,rehedge
2026-06-04 14:00:00,stock,AXISBANK,short,AXISBANK_spot_proxy,1h,41.540786096027645,138.79953029059615,1253.2,1.041178262710837,rehedge
2026-06-04 14:00:00,stock,KOTAKBANK,short,KOTAKBANK_spot_proxy,1h,13.679474885383726,51.77487893464738,381.15,0.10427863705128015,rehedge
2026-06-04 14:00:00,stock,LT,short,LT_spot_proxy,1h,2.067441354866361,-18.300940515386422,3941.6,0.16298053688682498,rehedge
2026-06-04 14:00:00,stock,RELIANCE,long,RELIANCE_spot_proxy,1h,-4.13723905489482,240.70118023803988,1302.1,1.0774197946757091,rehedge
2026-06-04 14:00:00,index,NIFTY,long,spot_as_fut_proxy,1h,-126.10595446970319,2994.3361071383433,23415.15,590.5579679602542,rehedge
2026-06-04 14:00:00,stock,SBIN,long,SBIN_spot_proxy,1h,-8.844006292253653,-127.30809372505942,976.2,1.7267037884996033,rehedge
2026-06-04 14:00:00,stock,INFY,long,INFY_spot_proxy,1h,-0.6863149088943921,31.169504037161232,1202.9,0.16511364078181287,rehedge
2026-06-04 14:00:00,stock,ITC,long,ITC_spot_proxy,1h,1.6132550534674408,-163.07238004106566,280.0,0.00903422829941767,rehedge
2026-06-04 14:00:00,stock,TCS,long,TCS_spot_proxy,1h,-4.775177355752234,18.23437956977871,2240.3,2.1395659660183464,rehedge
2026-06-04 15:00:00,stock,BAJFINANCE,short,BAJFINANCE_spot_proxy,1h,-2.309165972575265,-27.882800840687477,874.4,0.40382694528396235,rehedge
2026-06-04 15:00:00,stock,BHARTIARTL,long,BHARTIARTL_spot_proxy,1h,-12.671539202131896,358.8922481569732,1818.9,4.609652530951541,rehedge
2026-06-04 15:00:00,stock,ICICIBANK,short,ICICIBANK_spot_proxy,1h,-37.14096016480295,81.37272393681138,1251.7,9.29786796765677,rehedge
2026-06-04 15:00:00,stock,AXISBANK,short,AXISBANK_spot_proxy,1h,-0.18847752580211363,138.61105276479404,1253.3,0.047243776617557805,rehedge
2026-06-04 15:00:00,stock,KOTAKBANK,short,KOTAKBANK_spot_proxy,1h,4.188828546174044,55.96370748082143,381.5,0.031960761807307954,rehedge
2026-06-04 15:00:00,stock,LT,short,LT_spot_proxy,1h,-0.36149869155475045,-18.662439206941173,3942.1,0.28501279839559635,rehedge
2026-06-04 15:00:00,stock,RELIANCE,long,RELIANCE_spot_proxy,1h,0.056075876199486174,240.75725611423937,1303.7,0.0014621223960254027,rehedge
2026-06-04 15:00:00,index,NIFTY,long,spot_as_fut_proxy,1h,-29.2076144307498,2965.1284927075935,23416.55,136.78831273967484,rehedge
2026-06-04 15:00:00,stock,SBIN,long,SBIN_spot_proxy,1h,-29.139980432289946,-156.44807415734937,979.25,5.707065167663986,rehedge
2026-06-04 15:00:00,stock,INFY,long,INFY_spot_proxy,1h,3.8746055799782297,35.04410961713946,1201.3,0.09309127366455694,rehedge
2026-06-04 15:00:00,stock,ITC,long,ITC_spot_proxy,1h,-32.879883970355564,-195.95226401142122,280.3,1.8432462953781332,rehedge
2026-06-04 15:00:00,stock,TCS,long,TCS_spot_proxy,1h,-0.35098327391028405,17.883396295868426,2241.0,0.1573107033665893,rehedge
2026-06-05 09:00:00,stock,BAJFINANCE,short,BAJFINANCE_spot_proxy,1h,30.985954314663775,3.1031534739763,894.85,0.5545556243695376,rehedge
2026-06-05 09:00:00,stock,BHARTIARTL,long,BHARTIARTL_spot_proxy,1h,10.42192333296424,369.31417148993745,1813.0,0.3778989400532834,rehedge
2026-06-05 09:00:00,stock,ICICIBANK,short,ICICIBANK_spot_proxy,1h,29.848332673784356,111.22105661059574,1255.7,0.7496110267694204,rehedge
2026-06-05 09:00:00,stock,AXISBANK,short,AXISBANK_spot_proxy,1h,11.197144044151258,149.8081968089453,1255.8,0.28122746981290303,rehedge
2026-06-05 09:00:00,stock,KOTAKBANK,short,KOTAKBANK_spot_proxy,1h,-3.8016201016618325,52.162087379159594,381.35,0.289949565153748,rehedge
2026-06-05 09:00:00,stock,LT,short,LT_spot_proxy,1h,1.5859147168328107,-17.076524490108362,3945.4,0.12514135847584343,rehedge
2026-06-05 09:00:00,stock,RELIANCE,long,RELIANCE_spot_proxy,1h,12.077872000882849,252.83512811512222,1299.9,0.3140005162789523,rehedge
2026-06-05 09:00:00,index,NIFTY,long,spot_as_fut_proxy,1h,-55.0845826665759,2910.0439100410176,23443.95,258.28004036121445,rehedge
2026-06-05 09:00:00,stock,SBIN,long,SBIN_spot_proxy,1h,-83.16972605673027,-239.61780021407964,991.45,16.491724979789048,rehedge
2026-06-05 09:00:00,stock,INFY,long,INFY_spot_proxy,1h,-21.699181223690477,13.344928393448985,1207.6,5.2407862491457236,rehedge
2026-06-05 09:00:00,stock,ITC,long,ITC_spot_proxy,1h,30.68057954158337,-165.27168446983785,280.05,0.1718419260124085,rehedge
2026-06-05 09:00:00,stock,TCS,long,TCS_spot_proxy,1h,-5.039508930394561,12.843887365473865,2247.2,2.2649568936765316,rehedge
2026-06-05 10:00:00,stock,BAJFINANCE,short,BAJFINANCE_spot_proxy,1h,11.742215614995445,14.845369088971744,903.35,0.21214660951612271,rehedge
2026-06-05 10:00:00,stock,BHARTIARTL,long,BHARTIARTL_spot_proxy,1h,12.351382396648887,381.66555388658634,1805.8,0.44608252663737125,rehedge
2026-06-05 10:00:00,stock,ICICIBANK,short,ICICIBANK_spot_proxy,1h,-9.452874024355893,101.76818258623985,1254.1,2.370969862788945,rehedge
2026-06-05 10:00:00,stock,AXISBANK,short,AXISBANK_spot_proxy,1h,45.6041356829742,195.4123324919195,1262.3,1.1513220094523666,rehedge
2026-06-05 10:00:00,stock,KOTAKBANK,short,KOTAKBANK_spot_proxy,1h,-21.16448223159333,30.997605147566265,379.7,1.6072307806671975,rehedge
2026-06-05 10:00:00,stock,LT,short,LT_spot_proxy,1h,-3.700013309660072,-20.776537799768434,3938.5,2.9145004840192392,rehedge
2026-06-05 10:00:00,stock,RELIANCE,long,RELIANCE_spot_proxy,1h,16.25571688961068,269.0908450047329,1294.0,0.42069795310312447,rehedge
2026-06-05 10:00:00,index,NIFTY,long,spot_as_fut_proxy,1h,195.4266395227978,3105.4705495638154,23402.3,91.46865692208743,rehedge
2026-06-05 10:00:00,index,NIFTY,long,spot_as_fut_proxy,1h,-3105.4705495638154,0.0,23402.3,14535.030688411456,flatten
2026-06-05 10:00:00,stock,SBIN,long,SBIN_spot_proxy,1h,54.80101653447227,-184.81678367960737,982.45,1.0767851738858456,rehedge
2026-06-05 10:00:00,stock,INFY,long,INFY_spot_proxy,1h,19.436806664878592,32.78173505832758,1202.9,0.46761069474364925,rehedge
2026-06-05 10:00:00,stock,ITC,long,ITC_spot_proxy,1h,124.6912951360783,-40.580389333759555,278.75,0.6951539703836366,rehedge
2026-06-05 10:00:00,stock,TCS,long,TCS_spot_proxy,1h,19.056785209551613,31.900672575025478,2223.5,0.8474552382687603,rehedge
2026-06-05 10:00:00,index,NIFTY,short,spot_as_fut_proxy,1h,11.016371907811557,11.016371907811557,23402.3,5.156168805963568,entry
2026-06-05 11:00:00,stock,BAJFINANCE,short,BAJFINANCE_spot_proxy,1h,-2.309814082666776,12.535555006304968,901.7,0.4165518716681264,rehedge
2026-06-05 11:00:00,stock,BHARTIARTL,long,BHARTIARTL_spot_proxy,1h,-2.3241138084970316,379.3414400780893,1807.2,0.8400276949431671,rehedge
2026-06-05 11:00:00,stock,ICICIBANK,short,ICICIBANK_spot_proxy,1h,30.24210112869733,132.01028371493717,1257.3,0.760467874982223,rehedge
2026-06-05 11:00:00,stock,AXISBANK,short,AXISBANK_spot_proxy,1h,9.356730332143314,204.76906282406281,1263.8,0.2365007158752544,rehedge
2026-06-05 11:00:00,stock,KOTAKBANK,short,KOTAKBANK_spot_proxy,1h,7.579149616459713,38.57675476402598,380.25,0.05763943283317612,rehedge
2026-06-05 11:00:00,stock,LT,short,LT_spot_proxy,1h,14.698737896577878,-6.077799903190556,3964.0,1.1653159404406943,rehedge
2026-06-05 11:00:00,stock,RELIANCE,long,RELIANCE_spot_proxy,1h,1.073535633279505,270.1643806380124,1294.3,0.02778954340307327,rehedge
2026-06-05 11:00:00,stock,SBIN,long,SBIN_spot_proxy,1h,-12.536562310472391,-197.35334599007976,984.0,2.4671954627009667,rehedge
2026-06-05 11:00:00,stock,INFY,long,INFY_spot_proxy,1h,0.7612388757399344,33.54297393406751,1201.9,0.018298660095036546,rehedge
2026-06-05 11:00:00,stock,ITC,long,ITC_spot_proxy,1h,-66.13886519368953,-106.71925452744908,279.45,3.6965011756753077,rehedge
2026-06-05 11:00:00,stock,TCS,long,TCS_spot_proxy,1h,1.490923248545304,33.39159582357078,2221.5,0.06624171993286786,rehedge
2026-06-05 11:00:00,index,NIFTY,short,spot_as_fut_proxy,1h,-5.123293232340515,5.893078675471042,23397.5,23.974450680737444,rehedge
2026-06-05 12:00:00,stock,BAJFINANCE,short,BAJFINANCE_spot_proxy,1h,-15.99897848004759,-3.4634234737426217,890.7,2.8500580264356783,rehedge
2026-06-05 12:00:00,stock,BHARTIARTL,long,BHARTIARTL_spot_proxy,1h,11.602798290727605,390.9442383688169,1799.6,0.41760791607986797,rehedge
2026-06-05 12:00:00,stock,ICICIBANK,short,ICICIBANK_spot_proxy,1h,29.123174261015237,161.1334579759524,1260.6,0.7342534694687162,rehedge
2026-06-05 12:00:00,stock,AXISBANK,short,AXISBANK_spot_proxy,1h,3.7819092278834603,208.55097205194627,1264.3,0.09562935673626119,rehedge
2026-06-05 12:00:00,stock,KOTAKBANK,short,KOTAKBANK_spot_proxy,1h,-27.00856320151257,11.568191562513409,378.3,2.0434678918264413,rehedge
2026-06-05 12:00:00,stock,LT,short,LT_spot_proxy,1h,-1.2826362662464508,-7.360436169437007,3961.9,1.0163353246483626,rehedge
2026-06-05 12:00:00,stock,RELIANCE,long,RELIANCE_spot_proxy,1h,-2.9662424435116463,267.19813819450076,1295.2,0.7683754425672569,rehedge
2026-06-05 12:00:00,stock,SBIN,long,SBIN_spot_proxy,1h,35.596633012611505,-161.75671297746825,980.05,0.6977296036801981,rehedge
2026-06-05 12:00:00,stock,INFY,long,INFY_spot_proxy,1h,6.8607422754640695,40.40371620953158,1199.9,0.16464409312658676,rehedge
2026-06-05 12:00:00,stock,ITC,long,ITC_spot_proxy,1h,-101.51625042999557,-208.23550495744465,280.5,5.695061649122752,rehedge
2026-06-05 12:00:00,stock,TCS,long,TCS_spot_proxy,1h,10.987610976802799,44.37920680037358,2206.1,0.4847953715184931,rehedge
2026-06-05 12:00:00,index,NIFTY,short,spot_as_fut_proxy,1h,-30.348422794075724,-24.455344118604682,23367.7,141.83456786502467,rehedge
2026-06-05 13:00:00,stock,BAJFINANCE,short,BAJFINANCE_spot_proxy,1h,-5.210694936086752,-8.674118409829374,887.3,0.9246899233579551,rehedge
2026-06-05 13:00:00,stock,BHARTIARTL,long,BHARTIARTL_spot_proxy,1h,7.901642139105718,398.84588050792263,1796.2,0.2838585922052338,rehedge
2026-06-05 13:00:00,stock,ICICIBANK,short,ICICIBANK_spot_proxy,1h,-10.570703152329287,150.56275482362312,1259.4,2.6625487100087013,rehedge
2026-06-05 13:00:00,stock,AXISBANK,short,AXISBANK_spot_proxy,1h,14.137262430313228,222.6882344822595,1266.2,0.35801203378525226,rehedge
2026-06-05 13:00:00,stock,KOTAKBANK,short,KOTAKBANK_spot_proxy,1h,-12.442891061123508,-0.8746994986100987,377.4,0.9391894172936024,rehedge
2026-06-05 13:00:00,stock,LT,short,LT_spot_proxy,1h,-8.501582178778138,-15.862018348215145,3947.4,6.711829098501766,rehedge
2026-06-05 13:00:00,stock,RELIANCE,long,RELIANCE_spot_proxy,1h,8.993628411404188,276.19176660590495,1291.7,0.23234139638021584,rehedge
2026-06-05 13:00:00,stock,SBIN,long,SBIN_spot_proxy,1h,50.13817156746937,-111.61854140999888,974.8,0.9774937928793829,rehedge
2026-06-05 13:00:00,stock,INFY,long,INFY_spot_proxy,1h,7.896085704462145,48.299801913993726,1197.8,0.18915862913609516,rehedge
2026-06-05 13:00:00,stock,ITC,long,ITC_spot_proxy,1h,59.139091834511675,-149.09641312293297,279.9,0.33106063608959635,rehedge
2026-06-05 13:00:00,stock,TCS,long,TCS_spot_proxy,1h,4.383813219041343,48.763020019414924,2200.0,0.1928877816378191,rehedge
2026-06-05 13:00:00,index,NIFTY,short,spot_as_fut_proxy,1h,-36.26393135532186,-60.71927547392654,23330.85,169.2136685722622,rehedge
2026-06-05 14:00:00,stock,BAJFINANCE,short,BAJFINANCE_spot_proxy,1h,2.966809013481863,-5.707309396347511,889.6,0.052785465967869316,rehedge
2026-06-05 14:00:00,stock,BHARTIARTL,long,BHARTIARTL_spot_proxy,1h,-2.2750574117579845,396.57082309616464,1798.4,0.8182926498611119,rehedge
2026-06-05 14:00:00,stock,ICICIBANK,short,ICICIBANK_spot_proxy,1h,9.937642605971888,160.500397429595,1260.4,0.2505080948113394,rehedge
2026-06-05 14:00:00,stock,AXISBANK,short,AXISBANK_spot_proxy,1h,27.40601271528655,250.09424719754605,1270.7,0.6964964071462926,rehedge
2026-06-05 14:00:00,stock,KOTAKBANK,short,KOTAKBANK_spot_proxy,1h,-5.437852959736755,-6.312552458346854,377.0,0.4100141131641514,rehedge
2026-06-05 14:00:00,stock,LT,short,LT_spot_proxy,1h,0.7293436662919532,-15.132674681923191,3949.0,0.05760356276373847,rehedge
2026-06-05 14:00:00,stock,RELIANCE,long,RELIANCE_spot_proxy,1h,3.038390112575769,279.2301567184807,1291.3,0.07846946304738181,rehedge
2026-06-05 14:00:00,stock,SBIN,long,SBIN_spot_proxy,1h,-41.81958295217008,-153.43812436216896,978.75,8.186183362887293,rehedge
2026-06-05 14:00:00,stock,INFY,long,INFY_spot_proxy,1h,-2.0080657134673245,46.2917362005264,1198.8,0.48145383546092574,rehedge
2026-06-05 14:00:00,stock,ITC,long,ITC_spot_proxy,1h,-35.03381178900139,-184.13022491193436,280.25,1.9636451507735282,rehedge
2026-06-05 14:00:00,stock,TCS,long,TCS_spot_proxy,1h,-0.8313600779712829,47.93165994144364,2203.0,0.36629725035414723,rehedge
2026-06-05 14:00:00,index,NIFTY,short,spot_as_fut_proxy,1h,27.805540998026927,-32.91373447589961,23361.8,12.99174975375411,rehedge
2026-06-05 15:00:00,stock,BAJFINANCE,short,BAJFINANCE_spot_proxy,1h,-0.6559272718502589,-6.36323666819777,889.4,0.11667634311672405,rehedge
2026-06-05 15:00:00,stock,BHARTIARTL,long,BHARTIARTL_spot_proxy,1h,3.620977711564649,400.1918008077293,1798.2,0.13022484241871105,rehedge
2026-06-05 15:00:00,stock,ICICIBANK,short,ICICIBANK_spot_proxy,1h,12.664192137572854,173.16458956716787,1262.1,0.319669537936614,rehedge
2026-06-05 15:00:00,stock,AXISBANK,short,AXISBANK_spot_proxy,1h,13.873832442698756,263.9680796402448,1272.3,0.3530335403369126,rehedge
2026-06-05 15:00:00,stock,KOTAKBANK,short,KOTAKBANK_spot_proxy,1h,5.766820331796296,-0.5457321265505577,377.45,0.04353372668473024,rehedge
2026-06-05 15:00:00,stock,LT,short,LT_spot_proxy,1h,2.331589927052912,-12.80108475487028,3953.2,0.18434482599251145,rehedge
2026-06-05 15:00:00,stock,RELIANCE,long,RELIANCE_spot_proxy,1h,2.0306381922340506,281.26079491071476,1291.0,0.05243107812348319,rehedge
2026-06-05 15:00:00,stock,SBIN,long,SBIN_spot_proxy,1h,10.128977187739736,-143.30914717442923,977.7,0.19806201992906283,rehedge
2026-06-05 15:00:00,stock,INFY,long,INFY_spot_proxy,1h,7.955721653729597,54.247457854256,1197.5,0.19053953360682388,rehedge
2026-06-05 15:00:00,stock,ITC,long,ITC_spot_proxy,1h,-42.94175961786033,-227.0719845297947,280.7,2.4107503849466787,rehedge
2026-06-05 15:00:00,stock,TCS,long,TCS_spot_proxy,1h,2.3206490861888724,50.25230902763251,2198.9,0.10205750551241426,rehedge
2026-06-05 15:00:00,index,NIFTY,short,spot_as_fut_proxy,1h,2.0721975403214934,-30.841536935578116,23366.7,0.968408365308605,rehedge
2026-06-08 09:00:00,stock,BAJFINANCE,short,BAJFINANCE_spot_proxy,1h,-23.213135832607648,-29.576372500805416,874.35,4.0592810630480995,rehedge
2026-06-08 09:00:00,stock,BHARTIARTL,long,BHARTIARTL_spot_proxy,1h,1.967425734636663,402.15922654236596,1796.6,0.07069354149696458,rehedge
2026-06-08 09:00:00,stock,ICICIBANK,short,ICICIBANK_spot_proxy,1h,-126.22307532273385,46.94151424443401,1248.4,31.515377446580192,rehedge
2026-06-08 09:00:00,stock,AXISBANK,short,AXISBANK_spot_proxy,1h,17.957056008884024,281.92513564912883,1275.5,0.4580844987866315,rehedge
2026-06-08 09:00:00,stock,KOTAKBANK,short,KOTAKBANK_spot_proxy,1h,-30.47328140444847,-31.01901353099903,375.4,2.287933967845991,rehedge
2026-06-08 09:00:00,stock,LT,short,LT_spot_proxy,1h,-36.01974569647646,-48.820830451346744,3895.4,28.062263477210884,rehedge
2026-06-08 09:00:00,stock,RELIANCE,long,RELIANCE_spot_proxy,1h,36.65782333397016,317.9186182446849,1281.4,0.9394666964029874,rehedge
2026-06-08 09:00:00,stock,SBIN,long,SBIN_spot_proxy,1h,-74.88385146900853,-218.19299864343776,986.6,14.776081571864765,rehedge
2026-06-08 09:00:00,stock,INFY,long,INFY_spot_proxy,1h,52.01785566862202,106.26531352287802,1186.4,1.2342796793050634,rehedge
2026-06-08 09:00:00,stock,ITC,long,ITC_spot_proxy,1h,21.282120242200534,-205.78986428759416,280.65,0.1194565409194716,rehedge
2026-06-08 09:00:00,stock,TCS,long,TCS_spot_proxy,1h,25.317904093217642,75.57021312085016,2168.0,1.0977843214819172,rehedge
2026-06-08 09:00:00,index,NIFTY,short,spot_as_fut_proxy,1h,-124.32816017902661,-155.16969711460473,23199.5,576.8702304146656,rehedge
2026-06-08 10:00:00,stock,BAJFINANCE,short,BAJFINANCE_spot_proxy,1h,-1.4866082129899318,-31.062980713795348,873.4,0.2596807226450813,rehedge
2026-06-08 10:00:00,stock,BHARTIARTL,long,BHARTIARTL_spot_proxy,1h,-18.37171667104576,383.7875098713202,1807.9,6.642845313916727,rehedge
2026-06-08 10:00:00,stock,ICICIBANK,short,ICICIBANK_spot_proxy,1h,14.177902610035275,61.119416854469286,1250.0,0.3544475652508819,rehedge
2026-06-08 10:00:00,stock,AXISBANK,short,AXISBANK_spot_proxy,1h,-12.409868015022823,269.515267634106,1273.1,3.1598005939851115,rehedge
2026-06-08 10:00:00,stock,KOTAKBANK,short,KOTAKBANK_spot_proxy,1h,19.52518261242684,-11.49383091857219,376.85,0.1471613013498611,rehedge
2026-06-08 10:00:00,stock,LT,short,LT_spot_proxy,1h,-2.799007435135678,-51.61983788648242,3888.9,2.177012002899828,rehedge
2026-06-08 10:00:00,stock,RELIANCE,long,RELIANCE_spot_proxy,1h,12.056666654591595,329.9752848992765,1276.3,0.30775847302510506,rehedge
2026-06-08 10:00:00,stock,SBIN,long,SBIN_spot_proxy,1h,56.59983002955968,-161.59316861387808,980.3,1.1096962675595472,rehedge
2026-06-08 10:00:00,stock,INFY,long,INFY_spot_proxy,1h,-58.91185131698906,47.35346220588896,1199.2,14.129418419866658,rehedge
2026-06-08 10:00:00,stock,ITC,long,ITC_spot_proxy,1h,-48.42698292594446,-254.2168472135386,281.15,2.7230492499258565,rehedge
2026-06-08 10:00:00,stock,TCS,long,TCS_spot_proxy,1h,-0.8863884548026562,74.6838246660475,2168.7,0.38446212838610405,rehedge
2026-06-08 10:00:00,index,NIFTY,short,spot_as_fut_proxy,1h,9.539469441598953,-145.63022767300578,23217.45,4.429643095737033,rehedge
2026-06-08 11:00:00,stock,BAJFINANCE,short,BAJFINANCE_spot_proxy,1h,-5.882052654597345,-36.94503336839269,869.65,1.0230654182141163,rehedge
2026-06-08 11:00:00,stock,BHARTIARTL,long,BHARTIARTL_spot_proxy,1h,7.36940115374648,391.1569110250667,1808.9,0.2666101949402402,rehedge
2026-06-08 11:00:00,stock,ICICIBANK,short,ICICIBANK_spot_proxy,1h,-14.983117895246089,46.1362989592232,1248.3,3.740685213727139,rehedge
2026-06-08 11:00:00,stock,AXISBANK,short,AXISBANK_spot_proxy,1h,-13.576374596940923,255.9388930371651,1270.1,3.448670675114933,rehedge
2026-06-08 11:00:00,stock,KOTAKBANK,short,KOTAKBANK_spot_proxy,1h,0.7607564093610186,-10.733074509211171,376.95,0.00573534257017272,rehedge
2026-06-08 11:00:00,stock,LT,short,LT_spot_proxy,1h,0.6796588321845789,-50.94017905429784,3895.5,0.05295221961550055,rehedge
2026-06-08 11:00:00,stock,RELIANCE,long,RELIANCE_spot_proxy,1h,5.450392135199138,335.42567703447565,1275.1,0.1389959002318484,rehedge
2026-06-08 11:00:00,stock,SBIN,long,SBIN_spot_proxy,1h,-0.15403535904684418,-161.74720397292492,980.1,0.030194011080362397,rehedge
2026-06-08 11:00:00,stock,INFY,long,INFY_spot_proxy,1h,19.917476102132014,67.27093830802097,1196.1,0.476465863315202,rehedge
2026-06-08 11:00:00,stock,ITC,long,ITC_spot_proxy,1h,-179.50540408835215,-433.72225130189076,283.05,10.161800925441616,rehedge
2026-06-08 11:00:00,stock,TCS,long,TCS_spot_proxy,1h,2.858017263670348,77.54184192971785,2164.8,0.12374071544787142,rehedge
2026-06-08 11:00:00,index,NIFTY,short,spot_as_fut_proxy,1h,-9.427840517038646,-155.05806819004442,23205.45,43.75545634522289,rehedge
2026-06-08 12:00:00,stock,BAJFINANCE,short,BAJFINANCE_spot_proxy,1h,4.427957200035912,-32.51707616835678,873.0,0.07731213271262705,rehedge
2026-06-08 12:00:00,stock,BHARTIARTL,long,BHARTIARTL_spot_proxy,1h,-2.478318667534495,388.6785923575322,1813.9,0.8990844462081641,rehedge
2026-06-08 12:00:00,stock,ICICIBANK,short,ICICIBANK_spot_proxy,1h,35.66548552394325,81.80178448316644,1252.3,0.8932777504326825,rehedge
2026-06-08 12:00:00,stock,AXISBANK,short,AXISBANK_spot_proxy,1h,49.80268088528345,305.74157392244854,1277.5,1.2724584966189922,rehedge
2026-06-08 12:00:00,stock,KOTAKBANK,short,KOTAKBANK_spot_proxy,1h,6.339702702041805,-4.393371807169366,377.4,0.04785207599501155,rehedge
2026-06-08 12:00:00,stock,LT,short,LT_spot_proxy,1h,5.092747878889789,-45.847431175408055,3904.9,0.39773342384553473,rehedge
2026-06-08 12:00:00,stock,RELIANCE,long,RELIANCE_spot_proxy,1h,-1.9777445632940953,333.44793247118156,1277.2,0.5051950712478437,rehedge
2026-06-08 12:00:00,stock,SBIN,long,SBIN_spot_proxy,1h,-18.245377351956677,-179.9925813248816,982.0,3.5833921119242915,rehedge
2026-06-08 12:00:00,stock,INFY,long,INFY_spot_proxy,1h,8.87923922850031,76.15017753652128,1191.5,0.21159227081516244,rehedge
2026-06-08 12:00:00,stock,ITC,long,ITC_spot_proxy,1h,57.824819503261836,-375.89743179862893,282.35,0.32653675573491964,rehedge
2026-06-08 12:00:00,stock,TCS,long,TCS_spot_proxy,1h,2.418559097633974,79.96040102735182,2162.1,0.1045833324998883,rehedge
2026-06-08 12:00:00,index,NIFTY,short,spot_as_fut_proxy,1h,30.25519385487847,-124.80287433516595,23246.15,14.066335492591666,rehedge
2026-06-08 13:00:00,stock,BAJFINANCE,short,BAJFINANCE_spot_proxy,1h,-1.0496434276716045,-33.566719596028385,872.3,0.18312079239158813,rehedge
2026-06-08 13:00:00,stock,BHARTIARTL,long,BHARTIARTL_spot_proxy,1h,8.218483397663647,396.89707575519583,1810.1,0.29752553596221937,rehedge
2026-06-08 13:00:00,stock,ICICIBANK,short,ICICIBANK_spot_proxy,1h,-6.59688264137877,75.20490184178767,1251.5,1.651199725137106,rehedge
2026-06-08 13:00:00,stock,AXISBANK,short,AXISBANK_spot_proxy,1h,-47.31729633121711,258.42427759123143,1270.3,12.021432305909018,rehedge
2026-06-08 13:00:00,stock,KOTAKBANK,short,KOTAKBANK_spot_proxy,1h,-9.070036187671015,-13.46340799484038,376.8,0.6835179271028877,rehedge
2026-06-08 13:00:00,stock,LT,short,LT_spot_proxy,1h,-6.638530561707597,-52.48596173711565,3896.2,5.173008554905028,rehedge
2026-06-08 13:00:00,stock,RELIANCE,long,RELIANCE_spot_proxy,1h,11.27079379556858,344.71872626675014,1272.8,0.28690932685999376,rehedge
2026-06-08 13:00:00,stock,SBIN,long,SBIN_spot_proxy,1h,3.5819432714630466,-176.41063805341855,981.4,0.07030638253227668,rehedge
2026-06-08 13:00:00,stock,INFY,long,INFY_spot_proxy,1h,2.579254370048119,78.7294319065694,1191.1,0.06144299760328629,rehedge
2026-06-08 13:00:00,stock,ITC,long,ITC_spot_proxy,1h,90.14415812032479,-285.75327367830414,281.4,0.5073313219011879,rehedge
2026-06-08 13:00:00,stock,TCS,long,TCS_spot_proxy,1h,6.775978915958561,86.73637994331038,2149.6,0.29131288555489043,rehedge
2026-06-08 13:00:00,index,NIFTY,short,spot_as_fut_proxy,1h,-63.75745044221959,-188.56032477738555,23172.45,295.4832664999623,rehedge
2026-06-08 14:00:00,stock,BAJFINANCE,short,BAJFINANCE_spot_proxy,1h,0.411394779282773,-33.15532481674561,872.65,0.007180073082822237,rehedge
2026-06-08 14:00:00,stock,BHARTIARTL,long,BHARTIARTL_spot_proxy,1h,-5.4236241403190775,391.47345161487675,1812.6,1.9661722233484717,rehedge
2026-06-08 14:00:00,stock,ICICIBANK,short,ICICIBANK_spot_proxy,1h,6.115334931425977,81.32023677321365,1252.2,0.1531524480226322,rehedge
2026-06-08 14:00:00,stock,AXISBANK,short,AXISBANK_spot_proxy,1h,7.470629398259689,265.8949069894911,1271.4,0.18996316433894742,rehedge
2026-06-08 14:00:00,stock,KOTAKBANK,short,KOTAKBANK_spot_proxy,1h,11.206486794937497,-2.2569211999028838,377.55,0.08462018178857306,rehedge
2026-06-08 14:00:00,stock,LT,short,LT_spot_proxy,1h,1.9728585601803204,-50.51310317693533,3899.7,0.1538711305427039,rehedge
2026-06-08 14:00:00,stock,RELIANCE,long,RELIANCE_spot_proxy,1h,17.045164905634124,361.76389117238426,1265.7,0.4314813044212223,rehedge
2026-06-08 14:00:00,stock,SBIN,long,SBIN_spot_proxy,1h,-18.29751014674295,-194.7081482001615,983.45,3.598937270762871,rehedge
2026-06-08 14:00:00,stock,INFY,long,INFY_spot_proxy,1h,1.4975447746295742,80.22697668119898,1190.8,0.03566552635257794,rehedge
2026-06-08 14:00:00,stock,ITC,long,ITC_spot_proxy,1h,138.95912483672618,-146.79414884157796,280.0,0.7781710990856667,rehedge
2026-06-08 14:00:00,stock,TCS,long,TCS_spot_proxy,1h,-1.1574667655254132,85.57891317778497,2153.8,0.49859038391772703,rehedge
2026-06-08 14:00:00,index,NIFTY,short,spot_as_fut_proxy,1h,-9.053641493325472,-197.61396627071102,23179.0,41.97087123475822,rehedge
2026-06-08 15:00:00,stock,BAJFINANCE,short,BAJFINANCE_spot_proxy,1h,-2.309957603508515,-35.46528242025413,871.1,0.4024408136832535,rehedge
2026-06-08 15:00:00,stock,BHARTIARTL,long,BHARTIARTL_spot_proxy,1h,-3.5816129547564515,387.8918386601203,1813.3,1.298907754171975,rehedge
2026-06-08 15:00:00,stock,ICICIBANK,short,ICICIBANK_spot_proxy,1h,-17.499030132347762,63.82120664086589,1250.2,4.375457494292235,rehedge
2026-06-08 15:00:00,stock,AXISBANK,short,AXISBANK_spot_proxy,1h,-20.423210705887726,245.4716962836034,1268.1,5.179734699227245,rehedge
2026-06-08 15:00:00,stock,KOTAKBANK,short,KOTAKBANK_spot_proxy,1h,-7.413588698199035,-9.670509898101919,377.1,0.5591328596181713,rehedge
2026-06-08 15:00:00,stock,LT,short,LT_spot_proxy,1h,-12.782378298822849,-63.29548147575818,3875.5,9.907621419417591,rehedge
2026-06-08 15:00:00,stock,RELIANCE,long,RELIANCE_spot_proxy,1h,4.177783367909001,365.94167454029326,1263.3,0.10555587457358882,rehedge
2026-06-08 15:00:00,stock,SBIN,long,SBIN_spot_proxy,1h,14.390571589512803,-180.3175766106487,981.95,0.28261643544644194,rehedge
2026-06-08 15:00:00,stock,INFY,long,INFY_spot_proxy,1h,10.77099951614251,90.99797619734149,1187.6,0.25583278050741687,rehedge
2026-06-08 15:00:00,stock,ITC,long,ITC_spot_proxy,1h,54.36940729406824,-92.42474154750973,279.45,0.3038706173665474,rehedge
2026-06-08 15:00:00,stock,TCS,long,TCS_spot_proxy,1h,1.4391745311884705,87.01808770897344,2151.4,0.06192480172797751,rehedge
2026-06-08 15:00:00,index,NIFTY,short,spot_as_fut_proxy,1h,-62.462784114939694,-260.0767503856507,23123.0,288.86539141795015,rehedge
2026-06-09 09:00:00,stock,BAJFINANCE,short,BAJFINANCE_spot_proxy,1h,12.53713857679126,-22.928143843462866,880.0,0.2206536389515262,rehedge
2026-06-09 09:00:00,stock,BHARTIARTL,long,BHARTIARTL_spot_proxy,1h,-7.6263739483599124,380.2654647117604,1817.1,2.7715768203129594,rehedge
2026-06-09 09:00:00,stock,ICICIBANK,short,ICICIBANK_spot_proxy,1h,167.26430246341883,231.0855091042847,1268.5,4.243495353496936,rehedge
2026-06-09 09:00:00,stock,AXISBANK,short,AXISBANK_spot_proxy,1h,69.62409963667292,315.0957959202763,1278.5,1.780288227709727,rehedge
2026-06-09 09:00:00,stock,KOTAKBANK,short,KOTAKBANK_spot_proxy,1h,63.35860451173733,53.688094613635414,381.4,0.4832994352155324,rehedge
2026-06-09 09:00:00,stock,LT,short,LT_spot_proxy,1h,13.139742210920517,-50.15573926483766,3904.3,1.0260299102819397,rehedge
2026-06-09 09:00:00,stock,RELIANCE,long,RELIANCE_spot_proxy,1h,-4.451992286968618,361.48968225332464,1269.8,1.1306279611985504,rehedge
2026-06-09 09:00:00,stock,SBIN,long,SBIN_spot_proxy,1h,-49.401384601347985,-229.71896121199669,986.55,9.74738719569197,rehedge
2026-06-09 09:00:00,stock,INFY,long,INFY_spot_proxy,1h,72.08836437703668,163.08634057437817,1172.9,1.691048851556527,rehedge
2026-06-09 09:00:00,stock,ITC,long,ITC_spot_proxy,1h,49.586841917985055,-42.83789962952467,279.0,0.27669457790235663,rehedge
2026-06-09 09:00:00,stock,TCS,long,TCS_spot_proxy,1h,5.319142929089153,92.3372306380626,2149.3,0.2286486779498264,rehedge
2026-06-09 09:00:00,index,NIFTY,short,spot_as_fut_proxy,1h,-3.9990406331979216,-264.07579101884863,23188.35,18.546230773363003,rehedge
2026-06-09 10:00:00,stock,BAJFINANCE,short,BAJFINANCE_spot_proxy,1h,2.2842377831043237,-20.643906060358542,881.55,0.04027339635391233,rehedge
2026-06-09 10:00:00,stock,BHARTIARTL,long,BHARTIARTL_spot_proxy,1h,27.4774331597543,407.7428978715147,1800.5,0.9894623680827523,rehedge
2026-06-09 10:00:00,stock,ICICIBANK,short,ICICIBANK_spot_proxy,1h,-46.45586998071025,184.62963912357446,1263.2,11.736610991926637,rehedge
2026-06-09 10:00:00,stock,AXISBANK,short,AXISBANK_spot_proxy,1h,20.9108481812367,336.006644101513,1281.0,0.5357359304032844,rehedge
2026-06-09 10:00:00,stock,KOTAKBANK,short,KOTAKBANK_spot_proxy,1h,-35.080008724545465,18.608085889089953,379.1,2.6597662614950375,rehedge
2026-06-09 10:00:00,stock,LT,short,LT_spot_proxy,1h,0.6885195918194427,-49.46721967301822,3906.0,0.05378715051293486,rehedge
2026-06-09 10:00:00,stock,RELIANCE,long,RELIANCE_spot_proxy,1h,18.53569421418257,380.0253764675072,1263.0,0.4682116358502517,rehedge
2026-06-09 10:00:00,stock,SBIN,long,SBIN_spot_proxy,1h,-35.22885593625577,-264.94781714825245,990.0,6.975313475378642,rehedge
2026-06-09 10:00:00,stock,INFY,long,INFY_spot_proxy,1h,-12.869866271428293,150.21647430294988,1171.1,3.014380078093935,rehedge
2026-06-09 10:00:00,stock,ITC,long,ITC_spot_proxy,1h,-35.3092946017659,-78.14719423129057,279.35,1.972730289400661,rehedge
2026-06-09 10:00:00,stock,TCS,long,TCS_spot_proxy,1h,0.617241602795545,92.95447224085814,2148.3,0.02652040270571339,rehedge
2026-06-09 10:00:00,index,NIFTY,short,spot_as_fut_proxy,1h,-33.47256621269946,-297.5483572315481,23154.55,155.00844160005207,rehedge
2026-06-09 11:00:00,stock,BAJFINANCE,short,BAJFINANCE_spot_proxy,1h,-4.235314784068439,-24.879220844426982,879.15,0.7446953984827537,rehedge
2026-06-09 11:00:00,stock,BHARTIARTL,long,BHARTIARTL_spot_proxy,1h,0.7324714039539799,408.47536927546867,1802.3,0.02640266422692516,rehedge
2026-06-09 11:00:00,stock,ICICIBANK,short,ICICIBANK_spot_proxy,1h,7.112046602353985,191.74168572592845,1264.0,0.17979253810750875,rehedge
2026-06-09 11:00:00,stock,AXISBANK,short,AXISBANK_spot_proxy,1h,-15.68080716210477,320.32583693940825,1278.3,4.008955159063706,rehedge
2026-06-09 11:00:00,stock,KOTAKBANK,short,KOTAKBANK_spot_proxy,1h,-4.630138981755593,13.97794690733436,378.8,0.35077932925780375,rehedge
2026-06-09 11:00:00,stock,LT,short,LT_spot_proxy,1h,1.3347229701652594,-48.13249670285296,3910.0,0.1043753362669233,rehedge
2026-06-09 11:00:00,stock,RELIANCE,long,RELIANCE_spot_proxy,1h,-3.496814687625715,376.5285617798815,1266.2,0.8855333514943361,rehedge
2026-06-09 11:00:00,stock,SBIN,long,SBIN_spot_proxy,1h,-63.310814844480774,-328.2586319927332,997.45,12.62987445332547,rehedge
2026-06-09 11:00:00,stock,INFY,long,INFY_spot_proxy,1h,6.4046863716991425,156.62116067464902,1174.7,0.15047170161669968,rehedge
2026-06-09 11:00:00,stock,ITC,long,ITC_spot_proxy,1h,-72.15439665994151,-150.30159089123208,280.05,4.041367756923325,rehedge
2026-06-09 11:00:00,stock,TCS,long,TCS_spot_proxy,1h,-2.1315577024851535,90.82291453837298,2153.2,0.9179340089982065,rehedge
2026-06-09 11:00:00,index,NIFTY,short,spot_as_fut_proxy,1h,20.41209166392258,-277.1362655676255,23181.2,9.463535585594444,rehedge
2026-06-09 12:00:00,stock,BAJFINANCE,short,BAJFINANCE_spot_proxy,1h,2.1071003255459324,-22.77212051888105,880.8,0.03711867933481715,rehedge
2026-06-09 12:00:00,stock,BHARTIARTL,long,BHARTIARTL_spot_proxy,1h,1.8998608864147286,410.3752301618834,1801.1,0.06843678885043135,rehedge
2026-06-09 12:00:00,stock,ICICIBANK,short,ICICIBANK_spot_proxy,1h,80.4965045721404,272.23819029806884,1272.8,2.0491190203884058,rehedge
2026-06-09 12:00:00,stock,AXISBANK,short,AXISBANK_spot_proxy,1h,4.381115816798911,324.70695275620716,1278.7,0.11204265589881535,rehedge
2026-06-09 12:00:00,stock,KOTAKBANK,short,KOTAKBANK_spot_proxy,1h,19.82125763961866,33.79920454695302,380.1,0.15068120057638107,rehedge
2026-06-09 12:00:00,stock,LT,short,LT_spot_proxy,1h,-0.2556245306435727,-48.388121233496534,3909.0,0.19984725805714518,rehedge
2026-06-09 12:00:00,stock,RELIANCE,long,RELIANCE_spot_proxy,1h,4.900922126740738,381.42948390662224,1263.0,0.12379729292147107,rehedge
2026-06-09 12:00:00,stock,SBIN,long,SBIN_spot_proxy,1h,-31.849891233465257,-360.1085232261985,1000.9,6.375711227115075,rehedge
2026-06-09 12:00:00,stock,INFY,long,INFY_spot_proxy,1h,-6.176883216812598,150.44427745783642,1171.5,1.447243737699192,rehedge
2026-06-09 12:00:00,stock,ITC,long,ITC_spot_proxy,1h,160.3883580415399,10.086767150307807,278.5,0.8933631542913774,rehedge
2026-06-09 12:00:00,stock,TCS,long,TCS_spot_proxy,1h,7.286058294800625,98.10897283317361,2141.3,0.31203273253313163,rehedge
2026-06-09 12:00:00,index,NIFTY,short,spot_as_fut_proxy,1h,-6.504043679732945,-283.64030924735846,23181.4,30.154567631472258,rehedge
2026-06-09 13:00:00,stock,BAJFINANCE,short,BAJFINANCE_spot_proxy,1h,3.3294916255848115,-19.442628893296238,883.05,0.05880215159945336,rehedge
2026-06-09 13:00:00,stock,BHARTIARTL,long,BHARTIARTL_spot_proxy,1h,-1.0198247387041874,409.3554054231792,1802.7,0.3676876112924078,rehedge
2026-06-09 13:00:00,stock,ICICIBANK,short,ICICIBANK_spot_proxy,1h,11.622018054400087,283.86020835246893,1273.6,0.29603604388167903,rehedge
2026-06-09 13:00:00,stock,AXISBANK,short,AXISBANK_spot_proxy,1h,52.46866450180369,377.17561725801085,1286.8,1.35033354961842,rehedge
2026-06-09 13:00:00,stock,KOTAKBANK,short,KOTAKBANK_spot_proxy,1h,-19.967667062170257,13.831537484782764,378.8,1.5127504566300187,rehedge
2026-06-09 13:00:00,stock,LT,short,LT_spot_proxy,1h,-9.131657800163012,-57.519779033659546,3893.9,7.111552461610952,rehedge
2026-06-09 13:00:00,stock,RELIANCE,long,RELIANCE_spot_proxy,1h,6.421692530917085,387.8511764375393,1259.0,0.1616982179284922,rehedge
2026-06-09 13:00:00,stock,SBIN,long,SBIN_spot_proxy,1h,-40.7002222860221,-400.8087455122206,1004.0,8.172604635033238,rehedge
2026-06-09 13:00:00,stock,INFY,long,INFY_spot_proxy,1h,12.295767581179803,162.74004503901622,1173.2,0.2885078905248029,rehedge
2026-06-09 13:00:00,stock,ITC,long,ITC_spot_proxy,1h,-0.458562017963704,9.628205132344103,278.5,0.025541904400578314,rehedge
2026-06-09 13:00:00,stock,TCS,long,TCS_spot_proxy,1h,2.168922797337828,100.27789563051144,2138.0,0.09274313881416553,rehedge
2026-06-09 13:00:00,index,NIFTY,short,spot_as_fut_proxy,1h,4.988501242460416,-278.65180800489804,23189.65,2.313631956744444,rehedge
2026-06-09 14:00:00,stock,BAJFINANCE,short,BAJFINANCE_spot_proxy,1h,6.8334817186858405,-12.609147174610397,887.2,0.12125329961636157,rehedge
2026-06-09 14:00:00,stock,BHARTIARTL,long,BHARTIARTL_spot_proxy,1h,0.4126702454519773,409.7680756686312,1805.6,0.014902347903761803,rehedge
2026-06-09 14:00:00,stock,ICICIBANK,short,ICICIBANK_spot_proxy,1h,45.92841759357418,329.7886259460431,1278.3,1.1742059241973175,rehedge
2026-06-09 14:00:00,stock,AXISBANK,short,AXISBANK_spot_proxy,1h,55.56619220781323,432.7418094658241,1296.2,1.4404979667953506,rehedge
2026-06-09 14:00:00,stock,KOTAKBANK,short,KOTAKBANK_spot_proxy,1h,43.991298636358174,57.82283612114094,381.6,0.3357415911926856,rehedge
2026-06-09 14:00:00,stock,LT,short,LT_spot_proxy,1h,2.942306988090202,-54.577472045569344,3900.0,0.22949994507103577,rehedge
2026-06-09 14:00:00,stock,RELIANCE,long,RELIANCE_spot_proxy,1h,-18.617042962135997,369.2341334754033,1269.6,4.727239548945572,rehedge
2026-06-09 14:00:00,stock,SBIN,long,SBIN_spot_proxy,1h,-24.395965816076227,-425.2047113282968,1006.0,4.908468322194538,rehedge
2026-06-09 14:00:00,stock,INFY,long,INFY_spot_proxy,1h,-30.865855523853554,131.87418951516267,1178.2,7.273230195640852,rehedge
2026-06-09 14:00:00,stock,ITC,long,ITC_spot_proxy,1h,-119.50859235527132,-109.88038722292721,279.65,6.684115570430324,rehedge
2026-06-09 14:00:00,stock,TCS,long,TCS_spot_proxy,1h,-6.364949778263764,93.91294585224767,2149.8,2.736673806662288,rehedge
2026-06-09 14:00:00,index,NIFTY,short,spot_as_fut_proxy,1h,96.0787380485886,-182.57306995630944,23274.65,44.72398001045166,rehedge
2026-06-09 15:00:00,stock,BAJFINANCE,short,BAJFINANCE_spot_proxy,1h,-0.4192843979290206,-13.028431572539418,886.9,0.07437266650464967,rehedge
2026-06-09 15:00:00,stock,BHARTIARTL,long,BHARTIARTL_spot_proxy,1h,5.197597711333003,414.9656733799642,1799.0,0.18700956565376148,rehedge
2026-06-09 15:00:00,stock,ICICIBANK,short,ICICIBANK_spot_proxy,1h,-30.00567946842864,299.7829464776145,1275.0,7.651448264449303,rehedge
2026-06-09 15:00:00,stock,AXISBANK,short,AXISBANK_spot_proxy,1h,-23.739407271223854,409.0024021946002,1292.4,6.136161991465943,rehedge
2026-06-09 15:00:00,stock,KOTAKBANK,short,KOTAKBANK_spot_proxy,1h,1.7829217822588106,59.60575790339975,381.7,0.01361082488576376,rehedge
2026-06-09 15:00:00,stock,LT,short,LT_spot_proxy,1h,-0.019590041472014263,-54.59706208704136,3900.6,0.015282583153147768,rehedge
2026-06-09 15:00:00,stock,RELIANCE,long,RELIANCE_spot_proxy,1h,3.986849857383106,373.22098333278643,1269.2,0.10120219677981278,rehedge
2026-06-09 15:00:00,stock,SBIN,long,SBIN_spot_proxy,1h,32.40554952996166,-392.79916179833515,1002.7,0.6498608902738512,rehedge
2026-06-09 15:00:00,stock,INFY,long,INFY_spot_proxy,1h,-9.598118035140757,122.27607148002191,1180.3,2.2657317433753272,rehedge
2026-06-09 15:00:00,stock,ITC,long,ITC_spot_proxy,1h,-36.643406962674774,-146.523794185602,280.0,2.052030789909787,rehedge
2026-06-09 15:00:00,stock,TCS,long,TCS_spot_proxy,1h,-0.7114125806389637,93.20153327160871,2151.0,0.30604969219088224,rehedge
2026-06-09 15:00:00,index,NIFTY,short,spot_as_fut_proxy,1h,-40.54255655975021,-223.11562651605965,23242.1,188.45883076347408,rehedge
2026-06-10 09:00:00,stock,BAJFINANCE,short,BAJFINANCE_spot_proxy,1h,8.163766716444954,-4.864664856094464,891.8,0.1456089431545122,rehedge
2026-06-10 09:00:00,stock,BHARTIARTL,long,BHARTIARTL_spot_proxy,1h,12.147311093594567,427.11298447355875,1790.9,0.43509238875037026,rehedge
2026-06-10 09:00:00,stock,ICICIBANK,short,ICICIBANK_spot_proxy,1h,85.30908004591305,385.0920265235275,1285.1,2.1926139753400573,rehedge
2026-06-10 09:00:00,stock,AXISBANK,short,AXISBANK_spot_proxy,1h,38.85387655348876,447.856278748089,1298.4,1.0089574663409964,rehedge
2026-06-10 09:00:00,stock,KOTAKBANK,short,KOTAKBANK_spot_proxy,1h,82.42500404978615,142.0307619531859,387.2,0.638299231361544,rehedge
2026-06-10 09:00:00,stock,LT,short,LT_spot_proxy,1h,8.552113185964473,-46.044948901076886,3915.6,0.6697330878192498,rehedge
2026-06-10 09:00:00,stock,RELIANCE,long,RELIANCE_spot_proxy,1h,-64.1626567807561,309.05832655203034,1293.4,16.597596056045987,rehedge
2026-06-10 09:00:00,stock,SBIN,long,SBIN_spot_proxy,1h,-29.733364441114134,-422.5325262394493,1006.05,5.982650259196575,rehedge
2026-06-10 09:00:00,stock,INFY,long,INFY_spot_proxy,1h,40.234004516186886,162.5100759962088,1168.0,0.9398663454981256,rehedge
2026-06-10 09:00:00,stock,ITC,long,ITC_spot_proxy,1h,-214.89056397371556,-361.41435815931754,282.1,12.124125619397034,rehedge
2026-06-10 09:00:00,stock,TCS,long,TCS_spot_proxy,1h,-13.134327725586658,80.06720554602205,2175.2,5.713957933739219,rehedge
2026-06-10 09:00:00,index,NIFTY,short,spot_as_fut_proxy,1h,156.63201884937453,-66.48360766668512,23366.6,73.19915463291589,rehedge
2026-06-10 10:00:00,stock,BAJFINANCE,short,BAJFINANCE_spot_proxy,1h,-6.033407589496193,-10.898072445590657,888.4,1.0720158605016836,rehedge
2026-06-10 10:00:00,stock,BHARTIARTL,long,BHARTIARTL_spot_proxy,1h,-2.213276756551579,424.8997077170072,1796.1,0.7950532764884582,rehedge
2026-06-10 10:00:00,stock,ICICIBANK,short,ICICIBANK_spot_proxy,1h,81.01488943276814,466.10691595629567,1296.4,2.1005540532128126,rehedge
2026-06-10 10:00:00,stock,AXISBANK,short,AXISBANK_spot_proxy,1h,53.19716795291225,501.05344670100123,1311.2,1.3950425323971711,rehedge
2026-06-10 10:00:00,stock,KOTAKBANK,short,KOTAKBANK_spot_proxy,1h,30.748122864034855,172.77888481722076,389.25,0.23937413649651137,rehedge
2026-06-10 10:00:00,stock,LT,short,LT_spot_proxy,1h,19.771426843764264,-26.273522057312622,3945.0,1.5599655779730006,rehedge
2026-06-10 10:00:00,stock,RELIANCE,long,RELIANCE_spot_proxy,1h,27.62834114560934,336.6866676976397,1283.0,0.7089432337963357,rehedge
2026-06-10 10:00:00,stock,SBIN,long,SBIN_spot_proxy,1h,-43.950031971346846,-466.4825582107961,1010.25,8.880103959810631,rehedge
2026-06-10 10:00:00,stock,INFY,long,INFY_spot_proxy,1h,21.68270285360296,184.19277884981176,1159.0,0.5026050521465167,rehedge
2026-06-10 10:00:00,stock,ITC,long,ITC_spot_proxy,1h,-120.73864770057878,-482.1530058598963,283.25,6.839844392237788,rehedge
2026-06-10 10:00:00,stock,TCS,long,TCS_spot_proxy,1h,6.212008103469131,86.27921364949118,2166.9,0.2692160071881452,rehedge
2026-06-10 10:00:00,index,NIFTY,short,spot_as_fut_proxy,1h,12.552604734419546,-53.93100293226557,23378.55,5.869233948277282,rehedge
2026-06-10 11:00:00,stock,BAJFINANCE,short,BAJFINANCE_spot_proxy,1h,2.6399642852628915,-8.258108160327765,890.0,0.04699136427767947,rehedge
2026-06-10 11:00:00,stock,BHARTIARTL,long,BHARTIARTL_spot_proxy,1h,4.118930662175103,429.0186383791823,1792.0,0.1476224749323557,rehedge
2026-06-10 11:00:00,stock,ICICIBANK,short,ICICIBANK_spot_proxy,1h,38.584993560688304,504.69190951698397,1303.9,1.0062194620756297,rehedge
2026-06-10 11:00:00,stock,AXISBANK,short,AXISBANK_spot_proxy,1h,29.146666543603942,530.2001132446052,1320.6,0.7698217567496674,rehedge
2026-06-10 11:00:00,stock,KOTAKBANK,short,KOTAKBANK_spot_proxy,1h,4.961399098099662,177.74028391532042,389.8,0.038679067368784965,rehedge
2026-06-10 11:00:00,stock,LT,short,LT_spot_proxy,1h,-0.04546134895024423,-26.318983406262866,3945.2,0.0358708227757007,rehedge
2026-06-10 11:00:00,stock,RELIANCE,long,RELIANCE_spot_proxy,1h,12.827604444495137,349.5142721421348,1276.9,0.3275913623035169,rehedge
2026-06-10 11:00:00,stock,SBIN,long,SBIN_spot_proxy,1h,3.002689727705217,-463.4798684830909,1009.9,0.060648327120189985,rehedge
2026-06-10 11:00:00,stock,INFY,long,INFY_spot_proxy,1h,22.951287539717924,207.14406638952968,1156.8,0.5310009885189139,rehedge
2026-06-10 11:00:00,stock,ITC,long,ITC_spot_proxy,1h,-100.12031845201932,-582.2733243119156,284.3,5.692841307181818,rehedge
2026-06-10 11:00:00,stock,TCS,long,TCS_spot_proxy,1h,-0.6212024586650813,85.6580111908261,2168.8,0.2694527784705657,rehedge
2026-06-10 11:00:00,index,NIFTY,short,spot_as_fut_proxy,1h,33.451576008587566,-20.479426923678,23402.8,15.657210860275462,rehedge
2026-06-10 12:00:00,stock,BAJFINANCE,short,BAJFINANCE_spot_proxy,1h,-1.2934290729278146,-9.55153723325558,889.3,0.2300492949109411,rehedge
2026-06-10 12:00:00,stock,BHARTIARTL,long,BHARTIARTL_spot_proxy,1h,1.6487735065641687,430.66741188574645,1790.5,0.05904257927006289,rehedge
2026-06-10 12:00:00,stock,ICICIBANK,short,ICICIBANK_spot_proxy,1h,-25.605691820578443,479.0862176964055,1299.0,6.652358734986279,rehedge
2026-06-10 12:00:00,stock,AXISBANK,short,AXISBANK_spot_proxy,1h,6.441903058966432,536.6420163035716,1323.6,0.17053005777695937,rehedge
2026-06-10 12:00:00,stock,KOTAKBANK,short,KOTAKBANK_spot_proxy,1h,-6.27830133216051,171.4619825831599,389.35,0.4888913247353389,rehedge
2026-06-10 12:00:00,stock,LT,short,LT_spot_proxy,1h,6.980980125418252,-19.338003280844614,3955.0,0.5521955279205838,rehedge
2026-06-10 12:00:00,stock,RELIANCE,long,RELIANCE_spot_proxy,1h,16.03145244940174,365.54572459153655,1270.3,0.4072950809295007,rehedge
2026-06-10 12:00:00,stock,SBIN,long,SBIN_spot_proxy,1h,8.276367928750176,-455.20350055434074,1009.3,0.16706676300975107,rehedge
2026-06-10 12:00:00,stock,INFY,long,INFY_spot_proxy,1h,-8.839639535472884,198.3044268540568,1151.2,2.035238606647277,rehedge
2026-06-10 12:00:00,stock,ITC,long,ITC_spot_proxy,1h,-63.095862249909715,-645.3691865618254,284.9,3.5952022309998553,rehedge
2026-06-10 12:00:00,stock,TCS,long,TCS_spot_proxy,1h,2.5391528757128583,88.19716406653896,2165.3,0.10996055443562106,rehedge
2026-06-10 12:00:00,index,NIFTY,short,spot_as_fut_proxy,1h,-33.21644617870177,-53.69587310237978,23380.05,155.3204344960713,rehedge
2026-06-10 13:00:00,stock,BAJFINANCE,short,BAJFINANCE_spot_proxy,1h,-7.426219849191902,-16.977757082447482,885.0,1.3144409133069668,rehedge
2026-06-10 13:00:00,stock,BHARTIARTL,long,BHARTIARTL_spot_proxy,1h,2.6534976525779257,433.3209095383244,1789.8,0.09498460197167943,rehedge
2026-06-10 13:00:00,stock,ICICIBANK,short,ICICIBANK_spot_proxy,1h,-10.828171535667309,468.2580461607382,1296.7,2.8081780060599604,rehedge
2026-06-10 13:00:00,stock,AXISBANK,short,AXISBANK_spot_proxy,1h,-9.838356830624434,526.8036594729472,1318.6,2.594571463372276,rehedge
2026-06-10 13:00:00,stock,KOTAKBANK,short,KOTAKBANK_spot_proxy,1h,6.3961389715641985,177.8581215547241,389.75,0.049857903283342934,rehedge
2026-06-10 13:00:00,stock,LT,short,LT_spot_proxy,1h,-14.77124746199581,-34.10925074284042,3935.0,11.624971752590703,rehedge
2026-06-10 13:00:00,stock,RELIANCE,long,RELIANCE_spot_proxy,1h,3.3456175583112895,368.89134214984784,1269.0,0.08491177362994053,rehedge
2026-06-10 13:00:00,stock,SBIN,long,SBIN_spot_proxy,1h,15.226357414650352,-439.9771431396904,1007.35,0.30676542283296065,rehedge
2026-06-10 13:00:00,stock,INFY,long,INFY_spot_proxy,1h,3.7351974717572602,202.03962432581406,1149.8,0.08589460106052996,rehedge
2026-06-10 13:00:00,stock,ITC,long,ITC_spot_proxy,1h,10.030237238773793,-635.3389493230516,284.8,0.05713223131205553,rehedge
2026-06-10 13:00:00,stock,TCS,long,TCS_spot_proxy,1h,0.9311406271708478,89.12830469370981,2163.5,0.04029045493768259,rehedge
2026-06-10 13:00:00,index,NIFTY,short,spot_as_fut_proxy,1h,-38.98464175452578,-92.68051485690556,23352.95,182.08127793227058,rehedge
2026-06-10 14:00:00,stock,BAJFINANCE,short,BAJFINANCE_spot_proxy,1h,-1.284633677060011,-18.262390759507493,884.35,0.22721315846160414,rehedge
2026-06-10 14:00:00,stock,BHARTIARTL,long,BHARTIARTL_spot_proxy,1h,9.510384433751199,442.83129397207557,1777.9,0.33817024969532516,rehedge
2026-06-10 14:00:00,stock,ICICIBANK,short,ICICIBANK_spot_proxy,1h,-9.911911030410238,458.346135130328,1295.1,2.56738319509686,rehedge
2026-06-10 14:00:00,stock,AXISBANK,short,AXISBANK_spot_proxy,1h,-9.047146443503038,517.7565130294441,1315.8,2.3808470580722596,rehedge
2026-06-10 14:00:00,stock,KOTAKBANK,short,KOTAKBANK_spot_proxy,1h,-17.651541556111454,160.20657999861265,388.25,1.3706422018320543,rehedge
2026-06-10 14:00:00,stock,LT,short,LT_spot_proxy,1h,-8.674706367274673,-42.7839571101151,3922.6,6.805480639254327,rehedge
2026-06-10 14:00:00,stock,RELIANCE,long,RELIANCE_spot_proxy,1h,18.82798551925771,387.71932766910555,1262.4,0.47536897839021874,rehedge
2026-06-10 14:00:00,stock,SBIN,long,SBIN_spot_proxy,1h,17.97984551191888,-421.9972976277715,1004.85,0.3613409552530338,rehedge
2026-06-10 14:00:00,stock,INFY,long,INFY_spot_proxy,1h,36.217703552500694,238.25732787831475,1145.6,0.829820023794896,rehedge
2026-06-10 14:00:00,stock,ITC,long,ITC_spot_proxy,1h,55.70293443567459,-579.636014887377,284.15,0.3165597763979387,rehedge
2026-06-10 14:00:00,stock,TCS,long,TCS_spot_proxy,1h,7.301550416399266,96.42985511010907,2152.6,0.3143463485268212,rehedge
2026-06-10 14:00:00,index,NIFTY,short,spot_as_fut_proxy,1h,-131.0930976420541,-223.77361249895964,23256.75,609.7598797173683,rehedge
2026-06-10 15:00:00,stock,BAJFINANCE,short,BAJFINANCE_spot_proxy,1h,-0.4304584197316679,-18.69284917923916,884.1,0.07611365777695352,rehedge
2026-06-10 15:00:00,stock,BHARTIARTL,long,BHARTIARTL_spot_proxy,1h,2.666990432426701,445.4982844045023,1775.2,0.0946888283128776,rehedge
2026-06-10 15:00:00,stock,ICICIBANK,short,ICICIBANK_spot_proxy,1h,-18.552409402455737,439.79372572787224,1293.3,4.798766216039201,rehedge
2026-06-10 15:00:00,stock,AXISBANK,short,AXISBANK_spot_proxy,1h,-1.6596279112433194,516.0968851182008,1314.5,0.4363161778658687,rehedge
2026-06-10 15:00:00,stock,KOTAKBANK,short,KOTAKBANK_spot_proxy,1h,-5.5720483382606005,154.63453166035205,388.1,0.4325023920157879,rehedge
2026-06-10 15:00:00,stock,LT,short,LT_spot_proxy,1h,-3.843982636538783,-46.62793974665388,3917.5,3.0117603957281367,rehedge
2026-06-10 15:00:00,stock,RELIANCE,long,RELIANCE_spot_proxy,1h,5.3092451224800925,393.02857279158565,1258.8,0.1336655552035588,rehedge
2026-06-10 15:00:00,stock,SBIN,long,SBIN_spot_proxy,1h,2.5599160930785274,-419.437381534693,1003.25,0.05136471640762066,rehedge
2026-06-10 15:00:00,stock,INFY,long,INFY_spot_proxy,1h,0.6522421611813343,238.9095700394961,1145.3,0.014940258944019643,rehedge
2026-06-10 15:00:00,stock,ITC,long,ITC_spot_proxy,1h,35.84946444193724,-543.7865504454397,283.65,0.20337401177911,rehedge
2026-06-10 15:00:00,stock,TCS,long,TCS_spot_proxy,1h,-0.6673436891423847,95.76251142096669,2153.9,0.28747831440875654,rehedge
2026-06-10 15:00:00,index,NIFTY,short,spot_as_fut_proxy,1h,-60.686493356101806,-284.46010585506144,23214.95,281.76678178744714,rehedge
2026-06-11 09:00:00,stock,BAJFINANCE,short,BAJFINANCE_spot_proxy,1h,-4.355503225726395,-23.048352404965556,881.75,0.7680929938568497,rehedge
2026-06-11 09:00:00,stock,BHARTIARTL,long,BHARTIARTL_spot_proxy,1h,-0.905671760147527,444.59261264435474,1783.1,0.3229806631038111,rehedge
2026-06-11 09:00:00,stock,ICICIBANK,short,ICICIBANK_spot_proxy,1h,102.46483433862204,542.2585600664943,1310.7,2.6860131673526384,rehedge
2026-06-11 09:00:00,stock,AXISBANK,short,AXISBANK_spot_proxy,1h,15.04940096416749,531.1462860823683,1320.5,0.3974546794636635,rehedge
2026-06-11 09:00:00,stock,KOTAKBANK,short,KOTAKBANK_spot_proxy,1h,3.864563414386538,158.4990950747386,388.25,0.03000833491271147,rehedge
2026-06-11 09:00:00,stock,LT,short,LT_spot_proxy,1h,-29.841810343470755,-76.46975009012463,3872.6,23.11307894722497,rehedge
2026-06-11 09:00:00,stock,RELIANCE,long,RELIANCE_spot_proxy,1h,9.1444717394603,402.17304453104595,1259.0,0.23025779839961039,rehedge
2026-06-11 09:00:00,stock,SBIN,long,SBIN_spot_proxy,1h,31.063914098852706,-388.37346743584027,1000.85,0.6218063685167347,rehedge
2026-06-11 09:00:00,stock,INFY,long,INFY_spot_proxy,1h,69.66787896161225,308.57744900110833,1111.4,1.5485776135587173,rehedge
2026-06-11 09:00:00,stock,ITC,long,ITC_spot_proxy,1h,100.4677542773419,-443.31879616809783,282.55,0.5677432794212591,rehedge
2026-06-11 09:00:00,stock,TCS,long,TCS_spot_proxy,1h,26.426023751709664,122.18853517267635,2110.3,1.1153367584646583,rehedge
2026-06-11 09:00:00,index,NIFTY,short,spot_as_fut_proxy,1h,-149.4531829027431,-433.91328875780454,23115.7,690.9429880049877,rehedge
2026-06-11 10:00:00,stock,BAJFINANCE,short,BAJFINANCE_spot_proxy,1h,-12.750587409198737,-35.79893981416429,874.6,2.2303327496170433,rehedge
2026-06-11 10:00:00,stock,BHARTIARTL,long,BHARTIARTL_spot_proxy,1h,-4.905868779176387,439.68674386517836,1789.1,1.755417966564895,rehedge
2026-06-11 10:00:00,stock,ICICIBANK,short,ICICIBANK_spot_proxy,1h,50.197297539831766,592.455857606326,1321.4,1.3266141793826742,rehedge
2026-06-11 10:00:00,stock,AXISBANK,short,AXISBANK_spot_proxy,1h,13.2494392618961,544.3957253442644,1324.5,0.35097764604762777,rehedge
2026-06-11 10:00:00,stock,KOTAKBANK,short,KOTAKBANK_spot_proxy,1h,16.363370317927718,174.8624653926663,389.15,0.1273561111844314,rehedge
2026-06-11 10:00:00,stock,LT,short,LT_spot_proxy,1h,-4.390530055937873,-80.86028014606251,3864.1,3.393089437829907,rehedge
2026-06-11 10:00:00,stock,RELIANCE,long,RELIANCE_spot_proxy,1h,-11.023160963606301,391.14988356743964,1265.4,2.789741576669483,rehedge
2026-06-11 10:00:00,stock,SBIN,long,SBIN_spot_proxy,1h,-12.634255648487908,-401.0077230843282,1001.45,2.5305150638356433,rehedge
2026-06-11 10:00:00,stock,INFY,long,INFY_spot_proxy,1h,-9.48592873550399,299.09152026560434,1118.5,2.1220022581322424,rehedge
2026-06-11 10:00:00,stock,ITC,long,ITC_spot_proxy,1h,70.67166255003588,-372.64713361806196,281.95,0.3985175051196523,rehedge
2026-06-11 10:00:00,stock,TCS,long,TCS_spot_proxy,1h,-14.393498021365701,107.79503715131065,2139.6,6.15926567330281,rehedge
2026-06-11 10:00:00,index,NIFTY,short,spot_as_fut_proxy,1h,68.60013832933606,-365.3131504284685,23174.55,31.7955467144023,rehedge
2026-06-11 11:00:00,stock,BAJFINANCE,short,BAJFINANCE_spot_proxy,1h,4.828640804098747,-30.970299010065546,877.6,0.08475230339354121,rehedge
2026-06-11 11:00:00,stock,BHARTIARTL,long,BHARTIARTL_spot_proxy,1h,0.07625579547857342,439.76299966065693,1793.0,0.002734532825861643,rehedge
2026-06-11 11:00:00,stock,ICICIBANK,short,ICICIBANK_spot_proxy,1h,16.52549404350316,608.9813516498292,1325.0,0.4379255921528337,rehedge
2026-06-11 11:00:00,stock,AXISBANK,short,AXISBANK_spot_proxy,1h,23.74660102543112,568.1423263696955,1333.6,0.6333693425502988,rehedge
2026-06-11 11:00:00,stock,KOTAKBANK,short,KOTAKBANK_spot_proxy,1h,64.2790611533901,239.1415265460564,394.0,0.506519001888714,rehedge
2026-06-11 11:00:00,stock,LT,short,LT_spot_proxy,1h,13.504964817770016,-67.35531532829249,3890.0,1.0506862628225073,rehedge
2026-06-11 11:00:00,stock,RELIANCE,long,RELIANCE_spot_proxy,1h,-7.175763223893341,383.9741203435463,1269.6,1.822069797810997,rehedge
2026-06-11 11:00:00,stock,SBIN,long,SBIN_spot_proxy,1h,-19.791926650245784,-420.79964973457396,1003.3,3.9714480016383193,rehedge
2026-06-11 11:00:00,stock,INFY,long,INFY_spot_proxy,1h,-7.803321909193983,291.28819835641036,1123.1,1.7527821672431525,rehedge
2026-06-11 11:00:00,stock,ITC,long,ITC_spot_proxy,1h,-93.36416183528331,-466.01129545334527,282.75,5.279743351785271,rehedge
2026-06-11 11:00:00,stock,TCS,long,TCS_spot_proxy,1h,-1.9947230237960554,105.8003141275146,2141.5,0.8543398710918506,rehedge
2026-06-11 11:00:00,index,NIFTY,short,spot_as_fut_proxy,1h,148.75717022522932,-216.55598020323916,23281.15,69.26475987178196,rehedge
2026-06-11 12:00:00,stock,BAJFINANCE,short,BAJFINANCE_spot_proxy,1h,-6.123766999570904,-37.09406600963645,874.0,1.0704344715249943,rehedge
2026-06-11 12:00:00,stock,BHARTIARTL,long,BHARTIARTL_spot_proxy,1h,0.6409042130888452,440.4039038737458,1793.8,0.02299307954877541,rehedge
2026-06-11 12:00:00,stock,ICICIBANK,short,ICICIBANK_spot_proxy,1h,10.753811465528997,619.7351631153582,1331.5,0.2863739993270372,rehedge
2026-06-11 12:00:00,stock,AXISBANK,short,AXISBANK_spot_proxy,1h,7.041968913095388,575.1842952827909,1336.7,0.18825999692269213,rehedge
2026-06-11 12:00:00,stock,KOTAKBANK,short,KOTAKBANK_spot_proxy,1h,51.406438401554226,290.54796494761064,399.25,0.41048041063641055,rehedge
2026-06-11 12:00:00,stock,LT,short,LT_spot_proxy,1h,-5.210698957803942,-72.56601428609643,3881.7,4.045274028901512,rehedge
2026-06-11 12:00:00,stock,RELIANCE,long,RELIANCE_spot_proxy,1h,3.0890791397206385,387.06319948326694,1269.7,0.0784440756740659,rehedge
2026-06-11 12:00:00,stock,SBIN,long,SBIN_spot_proxy,1h,-40.63574855935775,-461.4353982939317,1008.5,8.196230484422458,rehedge
2026-06-11 12:00:00,stock,INFY,long,INFY_spot_proxy,1h,4.646511864055299,295.93471022046566,1120.5,0.10412833087347925,rehedge
2026-06-11 12:00:00,stock,ITC,long,ITC_spot_proxy,1h,54.437404816453466,-411.5738906368918,282.3,0.3073535875936963,rehedge
2026-06-11 12:00:00,stock,TCS,long,TCS_spot_proxy,1h,4.859437211375095,110.65975133888969,2138.0,0.20778953515839907,rehedge
2026-06-11 12:00:00,index,NIFTY,short,spot_as_fut_proxy,1h,39.06117893026243,-177.49480127297673,23306.75,18.20778264065788,rehedge
2026-06-11 13:00:00,stock,BAJFINANCE,short,BAJFINANCE_spot_proxy,1h,-4.539005662753716,-41.633071672390166,872.05,0.7916479776408757,rehedge
2026-06-11 13:00:00,stock,BHARTIARTL,long,BHARTIARTL_spot_proxy,1h,5.7004118772952665,446.10431575104104,1787.0,0.20373272049453287,rehedge
2026-06-11 13:00:00,stock,ICICIBANK,short,ICICIBANK_spot_proxy,1h,-23.256875827726958,596.4782872876312,1322.0,6.149117968851008,rehedge
2026-06-11 13:00:00,stock,AXISBANK,short,AXISBANK_spot_proxy,1h,-32.30890297795827,542.8753923048326,1322.4,8.545058659610405,rehedge
2026-06-11 13:00:00,stock,KOTAKBANK,short,KOTAKBANK_spot_proxy,1h,-27.510775412253167,263.03718953535747,396.4,2.181054274683431,rehedge
2026-06-11 13:00:00,stock,LT,short,LT_spot_proxy,1h,-4.737463294269062,-77.3034775803655,3874.6,3.671155055994982,rehedge
2026-06-11 13:00:00,stock,RELIANCE,long,RELIANCE_spot_proxy,1h,8.366447703904385,395.4296471871713,1266.7,0.2119555861307137,rehedge
2026-06-11 13:00:00,stock,SBIN,long,SBIN_spot_proxy,1h,23.259571328894708,-438.175826965037,1005.4,0.46770346028141485,rehedge
2026-06-11 13:00:00,stock,INFY,long,INFY_spot_proxy,1h,9.522396979704524,305.4571072001702,1115.6,0.21246372141116734,rehedge
2026-06-11 13:00:00,stock,ITC,long,ITC_spot_proxy,1h,18.35296895600817,-393.22092168088363,282.1,0.1035474508497981,rehedge
2026-06-11 13:00:00,stock,TCS,long,TCS_spot_proxy,1h,3.216634982323839,113.87638632121353,2132.4,0.13718304872614712,rehedge
2026-06-11 13:00:00,index,NIFTY,short,spot_as_fut_proxy,1h,-122.70653110617477,-300.2013323791515,23231.3,570.1264472173756,rehedge
2026-06-11 14:00:00,stock,BAJFINANCE,short,BAJFINANCE_spot_proxy,1h,-0.6298313342923407,-42.26290300668251,871.6,0.10979219819384084,rehedge
2026-06-11 14:00:00,stock,BHARTIARTL,long,BHARTIARTL_spot_proxy,1h,1.3927946780793832,447.4971104291204,1784.3,0.049703270881940875,rehedge
2026-06-11 14:00:00,stock,ICICIBANK,short,ICICIBANK_spot_proxy,1h,-10.767756022330445,585.7105312653008,1317.2,2.8366576465227324,rehedge
2026-06-11 14:00:00,stock,AXISBANK,short,AXISBANK_spot_proxy,1h,-8.902600527061281,533.9727917777714,1318.3,2.3472596549649776,rehedge
2026-06-11 14:00:00,stock,KOTAKBANK,short,KOTAKBANK_spot_proxy,1h,-17.436268370146934,245.60092116521054,394.35,1.375198486353489,rehedge
2026-06-11 14:00:00,stock,LT,short,LT_spot_proxy,1h,-2.429340276919092,-79.73281785728459,3871.3,1.8809410028073763,rehedge
2026-06-11 14:00:00,stock,RELIANCE,long,RELIANCE_spot_proxy,1h,-1.2764103508703215,394.153236836301,1267.0,0.3234423829105395,rehedge
2026-06-11 14:00:00,stock,SBIN,long,SBIN_spot_proxy,1h,33.926482483246104,-404.2493444817909,1001.85,0.6797849295168022,rehedge
2026-06-11 14:00:00,stock,INFY,long,INFY_spot_proxy,1h,0.460268210305685,305.91737541047587,1115.8,0.010271345381181667,rehedge
2026-06-11 14:00:00,stock,ITC,long,ITC_spot_proxy,1h,-15.363382630458375,-408.584304311342,282.25,0.8672629494893752,rehedge
2026-06-11 14:00:00,stock,TCS,long,TCS_spot_proxy,1h,-0.010530857272186722,113.86585546394134,2132.5,0.004491410626587637,rehedge
2026-06-11 14:00:00,index,NIFTY,short,spot_as_fut_proxy,1h,-84.30139094673547,-384.50272332588696,23175.5,390.7453771772136,rehedge
2026-06-11 15:00:00,stock,BAJFINANCE,short,BAJFINANCE_spot_proxy,1h,-1.6417188799225642,-43.90462188660507,870.55,0.2858396741833176,rehedge
2026-06-11 15:00:00,stock,BHARTIARTL,long,BHARTIARTL_spot_proxy,1h,1.0994890366459913,448.5965994657664,1782.6,0.03919898313450288,rehedge
2026-06-11 15:00:00,stock,ICICIBANK,short,ICICIBANK_spot_proxy,1h,-1.895930181437393,583.8146010838634,1317.0,0.4993880097906094,rehedge
2026-06-11 15:00:00,stock,AXISBANK,short,AXISBANK_spot_proxy,1h,-0.12416796328898272,533.8486238144824,1317.3,0.03271329160811538,rehedge
2026-06-11 15:00:00,stock,AXISBANK,short,AXISBANK_spot_proxy,1h,-533.8486238144824,0.0,1317.3,140.64775843016352,flatten
2026-06-11 15:00:00,stock,KOTAKBANK,short,KOTAKBANK_spot_proxy,1h,-15.514300327549051,230.08662083766148,393.35,1.220510006768284,rehedge
2026-06-11 15:00:00,stock,LT,short,LT_spot_proxy,1h,-4.907275165278449,-84.64009302256304,3862.0,3.790379337661074,rehedge
2026-06-11 15:00:00,stock,RELIANCE,long,RELIANCE_spot_proxy,1h,7.31283976831196,401.46607660461297,1263.0,0.18472233254756013,rehedge
2026-06-11 15:00:00,stock,SBIN,long,SBIN_spot_proxy,1h,8.700257705327147,-395.54908677646375,1000.7,0.17412695771441752,rehedge
2026-06-11 15:00:00,stock,INFY,long,INFY_spot_proxy,1h,-0.5419008458275698,305.3754745646483,1114.6,0.12080053655188186,rehedge
2026-06-11 15:00:00,stock,ITC,long,ITC_spot_proxy,1h,-15.821580312548122,-424.40588462389013,282.4,0.8936028560527178,rehedge
2026-06-11 15:00:00,stock,TCS,long,TCS_spot_proxy,1h,-1.881855634215654,111.98399982972569,2135.6,0.8037781784861902,rehedge
2026-06-11 15:00:00,index,NIFTY,short,spot_as_fut_proxy,1h,-11.106340108487245,-395.6090634343742,23161.6,51.448121411347636,rehedge
2026-06-12 09:00:00,stock,BAJFINANCE,short,BAJFINANCE_spot_proxy,1h,25.568096440450272,-18.3365254461548,885.65,0.4528876922496957,rehedge
2026-06-12 09:00:00,stock,BAJFINANCE,short,BAJFINANCE_spot_proxy,1h,18.3365254461548,0.0,885.65,0.32479487522774,flatten
2026-06-12 09:00:00,stock,BHARTIARTL,long,BHARTIARTL_spot_proxy,1h,-14.010484586380812,434.5861148793856,1803.2,5.052741161232376,rehedge
2026-06-12 09:00:00,stock,ICICIBANK,short,ICICIBANK_spot_proxy,1h,40.38619878543261,624.200799869296,1324.5,1.06983040582611,rehedge
2026-06-12 09:00:00,stock,KOTAKBANK,short,KOTAKBANK_spot_proxy,1h,55.299375515656266,285.38599635331775,397.7,0.43985123285153,rehedge
2026-06-12 09:00:00,stock,KOTAKBANK,short,KOTAKBANK_spot_proxy,1h,-285.38599635331775,0.0,397.7,22.699602149942894,flatten
2026-06-12 09:00:00,stock,LT,short,LT_spot_proxy,1h,54.34058491304184,-30.2995081095212,3942.0,4.2842117145442185,rehedge
2026-06-12 09:00:00,stock,RELIANCE,long,RELIANCE_spot_proxy,1h,-6.036658818080241,395.4294177865327,1268.8,1.5318625416760419,rehedge
2026-06-12 09:00:00,stock,SBIN,long,SBIN_spot_proxy,1h,-76.35579782157447,-471.9048845980382,1008.7,15.404018652524437,rehedge
2026-06-12 09:00:00,stock,INFY,long,INFY_spot_proxy,1h,10.0901880154467,315.465662580095,1112.4,0.2244865029676582,rehedge
2026-06-12 09:00:00,stock,ITC,long,ITC_spot_proxy,1h,-150.65492321238827,-575.0608078362784,283.65,8.546653793838786,rehedge
2026-06-12 09:00:00,stock,TCS,long,TCS_spot_proxy,1h,-1.3137742346786894,110.670225595047,2143.1,0.5631099124679799,rehedge
2026-06-12 09:00:00,index,NIFTY,short,spot_as_fut_proxy,1h,252.60273438379835,-143.00632905057586,23346.55,117.94804736856136,rehedge
2026-06-12 10:00:00,stock,BHARTIARTL,long,BHARTIARTL_spot_proxy,1h,-6.767594999684718,427.8185198797009,1807.0,2.445808832886057,rehedge
2026-06-12 10:00:00,stock,ICICIBANK,short,ICICIBANK_spot_proxy,1h,4.761775908981463,628.9625757782775,1327.2,0.12639657972800394,rehedge
2026-06-12 10:00:00,stock,LT,short,LT_spot_proxy,1h,-4.461514534047453,-34.76102264356865,3935.4,3.5115688594580696,rehedge
2026-06-12 10:00:00,stock,RELIANCE,long,RELIANCE_spot_proxy,1h,0.15081041207065482,395.5802281986034,1268.2,0.0038251552917600894,rehedge
2026-06-12 10:00:00,stock,SBIN,long,SBIN_spot_proxy,1h,-37.400424830337954,-509.3053094283762,1012.7,7.57508204513665,rehedge
2026-06-12 10:00:00,stock,INFY,long,INFY_spot_proxy,1h,-3.2849513924032294,312.18071118769177,1118.8,0.7350407235641466,rehedge
2026-06-12 10:00:00,stock,ITC,long,ITC_spot_proxy,1h,0.2486924267161612,-574.8121154095622,283.65,0.0014108321367607825,rehedge
2026-06-12 10:00:00,stock,TCS,long,TCS_spot_proxy,1h,-6.850661457190839,103.81956413785616,2154.0,2.9512649557578134,rehedge
2026-06-12 10:00:00,index,NIFTY,short,spot_as_fut_proxy,1h,18.319298964046055,-124.6870300865298,23358.25,8.558135300538577,rehedge
2026-06-12 10:00:00,index,NIFTY,short,spot_as_fut_proxy,1h,124.6870300865298,0.0,23358.25,58.2494164103737,flatten
2026-06-12 10:00:00,index,NIFTY,long,spot_as_fut_proxy,1h,-79.08043983434838,-79.08043983434838,23358.25,369.4361367521336,entry
2026-06-12 11:00:00,stock,BHARTIARTL,long,BHARTIARTL_spot_proxy,1h,-7.210457129196072,420.6080627505048,1815.4,2.61797277446851,rehedge
2026-06-12 11:00:00,stock,ICICIBANK,short,ICICIBANK_spot_proxy,1h,0.08879849655204453,629.0513742748295,1326.4,0.0023556465165326373,rehedge
2026-06-12 11:00:00,stock,LT,short,LT_spot_proxy,1h,2.192687158794385,-32.568335484774266,3941.9,0.17286707022503175,rehedge
2026-06-12 11:00:00,stock,RELIANCE,long,RELIANCE_spot_proxy,1h,-2.1865850244408875,393.3936431741625,1270.0,0.5553925962079855,rehedge
2026-06-12 11:00:00,stock,SBIN,long,SBIN_spot_proxy,1h,16.70778425112968,-492.5975251772465,1010.3,0.33759748857832633,rehedge
2026-06-12 11:00:00,stock,INFY,long,INFY_spot_proxy,1h,1.0503446487010137,313.2310558363928,1118.6,0.02349831048073908,rehedge
2026-06-12 11:00:00,stock,ITC,long,ITC_spot_proxy,1h,-105.87741806489726,-680.6895334744595,284.6,6.026542636253953,rehedge
2026-06-12 11:00:00,stock,TCS,long,TCS_spot_proxy,1h,-4.5397065896431315,99.27985754821303,2161.5,1.9625151587027256,rehedge
2026-06-12 11:00:00,index,NIFTY,long,spot_as_fut_proxy,1h,-105.366466144738,-184.44690597908638,23378.2,492.65566376498276,rehedge
2026-06-12 12:00:00,stock,BHARTIARTL,long,BHARTIARTL_spot_proxy,1h,9.912497666779473,430.5205604172843,1811.1,0.35905049048608606,rehedge
2026-06-12 12:00:00,stock,ICICIBANK,short,ICICIBANK_spot_proxy,1h,2.882172015739343,631.9335462905689,1326.9,0.0764870809536907,rehedge
2026-06-12 12:00:00,stock,LT,short,LT_spot_proxy,1h,-8.184935209644102,-40.75327069441837,3930.9,6.434832363118001,rehedge
2026-06-12 12:00:00,stock,RELIANCE,long,RELIANCE_spot_proxy,1h,9.615976353179121,403.0096195273416,1264.0,0.24309188220836822,rehedge
2026-06-12 12:00:00,stock,SBIN,long,SBIN_spot_proxy,1h,36.41696546076224,-456.18055971648425,1005.7,0.7324908432777718,rehedge
2026-06-12 12:00:00,stock,INFY,long,INFY_spot_proxy,1h,4.805822026300007,318.0368778626928,1117.1,0.10737167571159476,rehedge
2026-06-12 12:00:00,stock,ITC,long,ITC_spot_proxy,1h,37.34204006877451,-643.347493405685,284.15,0.21221481371084552,rehedge
2026-06-12 12:00:00,stock,TCS,long,TCS_spot_proxy,1h,10.59931014843238,109.87916769664541,2149.1,0.4555795487999206,rehedge
2026-06-12 12:00:00,index,NIFTY,long,spot_as_fut_proxy,1h,284.0183236849673,99.57141770588092,23325.3,132.49625210897938,rehedge
2026-06-12 13:00:00,stock,BHARTIARTL,long,BHARTIARTL_spot_proxy,1h,-3.1758558814954085,427.3447045357889,1816.0,1.1534708561591325,rehedge
2026-06-12 13:00:00,stock,ICICIBANK,short,ICICIBANK_spot_proxy,1h,24.865060169701678,656.7986064602705,1335.8,0.6642949474937502,rehedge
2026-06-12 13:00:00,stock,LT,short,LT_spot_proxy,1h,54.07397359929427,13.320702904875901,3998.5,4.324295668735563,rehedge
2026-06-12 13:00:00,stock,RELIANCE,long,RELIANCE_spot_proxy,1h,-44.19624186564175,358.81337766169986,1281.5,11.327496790163982,rehedge
2026-06-12 13:00:00,stock,SBIN,long,SBIN_spot_proxy,1h,-52.112504336902816,-508.29306405338707,1011.5,10.54235962735544,rehedge
2026-06-12 13:00:00,stock,INFY,long,INFY_spot_proxy,1h,-3.3882479341457383,314.64862992854705,1118.3,0.7578155329510358,rehedge
2026-06-12 13:00:00,stock,ITC,long,ITC_spot_proxy,1h,-46.8998393134417,-690.2473327191267,284.5,2.6686008569348334,rehedge
2026-06-12 13:00:00,stock,TCS,long,TCS_spot_proxy,1h,-4.251422014452984,105.62774568219243,2155.0,1.8323628882292364,rehedge
2026-06-12 13:00:00,index,NIFTY,long,spot_as_fut_proxy,1h,-929.4859844817598,-829.9145667758789,23507.45,4369.969061181149,rehedge
2026-06-12 14:00:00,stock,BHARTIARTL,long,BHARTIARTL_spot_proxy,1h,-6.191050002749876,421.153654533039,1819.8,2.2532945590008446,rehedge
2026-06-12 14:00:00,stock,ICICIBANK,short,ICICIBANK_spot_proxy,1h,11.333604043268679,668.1322105035392,1343.4,0.30451127343454293,rehedge
2026-06-12 14:00:00,stock,LT,short,LT_spot_proxy,1h,37.8018497409444,51.1225526458203,4048.2,3.0605889624258227,rehedge
2026-06-12 14:00:00,stock,RELIANCE,long,RELIANCE_spot_proxy,1h,-30.971101242747636,327.8422764189522,1290.1,7.991163542653744,rehedge
2026-06-12 14:00:00,stock,SBIN,long,SBIN_spot_proxy,1h,-48.8713956952663,-557.1644597486534,1017.2,9.942396740244977,rehedge
2026-06-12 14:00:00,stock,INFY,long,INFY_spot_proxy,1h,1.9216902918022924,316.57032022034934,1114.9,0.04284985012660752,rehedge
2026-06-12 14:00:00,stock,ITC,long,ITC_spot_proxy,1h,-31.796674140457185,-722.0440068595839,284.8,1.8111385590404414,rehedge
2026-06-12 14:00:00,stock,TCS,long,TCS_spot_proxy,1h,-1.9149515519690254,103.7127941302234,2155.8,0.8256505111469651,rehedge
2026-06-12 14:00:00,index,NIFTY,long,spot_as_fut_proxy,1h,-424.63847791541366,-1254.5530446912926,23608.15,2004.9857764797548,rehedge
2026-06-12 15:00:00,stock,BHARTIARTL,long,BHARTIARTL_spot_proxy,1h,-0.2839715618948162,420.8696829711442,1822.5,0.10350763431066051,rehedge
2026-06-12 15:00:00,stock,ICICIBANK,short,ICICIBANK_spot_proxy,1h,0.5011207377525579,668.6333312412918,1340.8,0.013438053703572594,rehedge
2026-06-12 15:00:00,stock,LT,short,LT_spot_proxy,1h,2.132822154752354,53.25537480057265,4049.3,0.17272873502477415,rehedge
2026-06-12 15:00:00,stock,RELIANCE,long,RELIANCE_spot_proxy,1h,-2.1336051236471008,325.7086712953051,1293.0,0.5517502849751402,rehedge
2026-06-12 15:00:00,stock,SBIN,long,SBIN_spot_proxy,1h,1.7828942376121404,-555.3815655110412,1017.15,0.036269417475743776,rehedge
2026-06-12 15:00:00,stock,INFY,long,INFY_spot_proxy,1h,-2.3912145103967077,314.17910570995264,1116.4,0.533910375881377,rehedge
2026-06-12 15:00:00,stock,ITC,long,ITC_spot_proxy,1h,-66.45254952150765,-788.4965563810915,285.1,3.7891243737163665,rehedge
2026-06-12 15:00:00,stock,TCS,long,TCS_spot_proxy,1h,-3.603567330013746,100.10922680020965,2161.4,1.5577500854183421,rehedge
2026-06-12 15:00:00,index,NIFTY,long,spot_as_fut_proxy,1h,-98.96058431632241,-1353.513629007615,23622.9,467.5471974492106,rehedge
2026-06-15 09:00:00,stock,BHARTIARTL,long,BHARTIARTL_spot_proxy,1h,-2.2701274866465724,418.5995554844976,1827.2,0.8295953887201235,rehedge
2026-06-15 09:00:00,stock,ICICIBANK,short,ICICIBANK_spot_proxy,1h,14.085864928385035,682.7191961696768,1347.9,0.3797267467394039,rehedge
2026-06-15 09:00:00,stock,ICICIBANK,short,ICICIBANK_spot_proxy,1h,-682.7191961696768,0.0,1347.9,184.0474409034215,flatten
2026-06-15 09:00:00,stock,LT,short,LT_spot_proxy,1h,76.63096025137382,129.88633505194647,4175.7,6.3997580144332336,rehedge
2026-06-15 09:00:00,stock,RELIANCE,long,RELIANCE_spot_proxy,1h,-68.37332376985205,257.3353475254531,1315.2,17.984919084421882,rehedge
2026-06-15 09:00:00,stock,SBIN,long,SBIN_spot_proxy,1h,-67.44622250407576,-622.827788015117,1027.25,13.856826413462366,rehedge
2026-06-15 09:00:00,stock,INFY,long,INFY_spot_proxy,1h,-3.4240886816404554,310.7550170283122,1126.0,0.7711047711054305,rehedge
2026-06-15 09:00:00,stock,ITC,long,ITC_spot_proxy,1h,-256.57468523972284,-1045.0712416208144,287.55,14.75561014813646,rehedge
2026-06-15 09:00:00,stock,TCS,long,TCS_spot_proxy,1h,-0.7833308693965648,99.32589593081309,2168.0,0.3396522649703505,rehedge
2026-06-15 09:00:00,index,NIFTY,long,spot_as_fut_proxy,1h,-1013.1974256496844,-2366.7110546572994,23945.95,4852.394978947213,rehedge
2026-06-15 10:00:00,stock,BHARTIARTL,long,BHARTIARTL_spot_proxy,1h,-12.344753490934067,406.25480199356355,1832.7,4.524845944566973,rehedge
2026-06-15 10:00:00,stock,LT,short,LT_spot_proxy,1h,8.15122970409547,138.03756475604195,4193.3,0.6836110303636708,rehedge
2026-06-15 10:00:00,stock,RELIANCE,long,RELIANCE_spot_proxy,1h,7.367998777971309,264.7033463034244,1313.0,0.19348364790952657,rehedge
2026-06-15 10:00:00,stock,SBIN,long,SBIN_spot_proxy,1h,0.4643713128297122,-622.3634167022873,1027.25,0.00954050862208644,rehedge
2026-06-15 10:00:00,stock,INFY,long,INFY_spot_proxy,1h,-50.2539381500095,260.5010788783027,1146.0,11.518202623982178,rehedge
2026-06-15 10:00:00,stock,ITC,long,ITC_spot_proxy,1h,20.19266006985754,-1024.8785815509568,287.45,0.11608760274161099,rehedge
2026-06-15 10:00:00,stock,TCS,long,TCS_spot_proxy,1h,-12.611274846356295,86.7146210844568,2183.9,5.508352627391503,rehedge
2026-06-15 10:00:00,index,NIFTY,long,spot_as_fut_proxy,1h,-64.08844419052821,-2430.7994988478276,24002.1,307.6514492610954,rehedge
2026-06-15 11:00:00,stock,BHARTIARTL,long,BHARTIARTL_spot_proxy,1h,-0.04181578104913797,406.2129862125144,1833.2,0.015331337963855945,rehedge
2026-06-15 11:00:00,stock,LT,short,LT_spot_proxy,1h,-0.2303597350562825,137.80720502098566,4187.5,0.19292627810963658,rehedge
2026-06-15 11:00:00,stock,RELIANCE,long,RELIANCE_spot_proxy,1h,0.5295572098417551,265.23290351326614,1312.5,0.013900876758346073,rehedge
2026-06-15 11:00:00,stock,SBIN,long,SBIN_spot_proxy,1h,-22.093714989408568,-644.4571316916958,1031.4,4.5574915280152,rehedge
2026-06-15 11:00:00,stock,INFY,long,INFY_spot_proxy,1h,17.53006374319915,278.03114262150183,1140.3,0.39979063372739987,rehedge
2026-06-15 11:00:00,stock,ITC,long,ITC_spot_proxy,1h,0.21299134088417304,-1024.6655902100727,287.45,0.0012244872187431109,rehedge
2026-06-15 11:00:00,stock,TCS,long,TCS_spot_proxy,1h,9.074556092669027,95.78917717712582,2173.6,0.39448910246050795,rehedge
2026-06-15 11:00:00,index,NIFTY,long,spot_as_fut_proxy,1h,34.397073331980664,-2396.402425515847,23961.35,16.484006261665098,rehedge
2026-06-15 12:00:00,stock,BHARTIARTL,long,BHARTIARTL_spot_proxy,1h,-3.5716805599713553,402.64130565254305,1835.7,1.3113068007878834,rehedge
2026-06-15 12:00:00,stock,LT,short,LT_spot_proxy,1h,-2.5516172662128724,135.2555877547728,4183.0,2.134683004913689,rehedge
2026-06-15 12:00:00,stock,RELIANCE,long,RELIANCE_spot_proxy,1h,24.227049348462174,289.4599528617283,1305.3,0.6324713502909536,rehedge
2026-06-15 12:00:00,stock,SBIN,long,SBIN_spot_proxy,1h,32.46904970522837,-611.9880819864675,1025.55,0.6659726785039392,rehedge
2026-06-15 12:00:00,stock,INFY,long,INFY_spot_proxy,1h,11.866109192848114,289.89725181434994,1136.0,0.26959800086150915,rehedge
2026-06-15 12:00:00,stock,ITC,long,ITC_spot_proxy,1h,-63.34172751702181,-1088.0073177270945,288.15,3.650383756805967,rehedge
2026-06-15 12:00:00,stock,TCS,long,TCS_spot_proxy,1h,1.0393796627615757,96.8285568398874,2173.4,0.04517975518092018,rehedge
2026-06-15 12:00:00,index,NIFTY,long,spot_as_fut_proxy,1h,183.8382536306667,-2212.5641718851803,23906.95,87.90023875271336,rehedge
2026-06-15 13:00:00,stock,BHARTIARTL,long,BHARTIARTL_spot_proxy,1h,-3.84850422539256,398.7928014271505,1838.6,1.4151719737613522,rehedge
2026-06-15 13:00:00,stock,LT,short,LT_spot_proxy,1h,-3.740905380175974,131.51468237459682,4175.0,3.1236559924469387,rehedge
2026-06-15 13:00:00,stock,RELIANCE,long,RELIANCE_spot_proxy,1h,-12.800233314867683,276.65971954686063,1308.9,3.3508450771660625,rehedge
2026-06-15 13:00:00,stock,SBIN,long,SBIN_spot_proxy,1h,3.8506264013495866,-608.1374555851179,1024.5,0.07889933496365303,rehedge
2026-06-15 13:00:00,stock,INFY,long,INFY_spot_proxy,1h,-0.3076007260863207,289.5896510882636,1136.8,0.06993610108298588,rehedge
2026-06-15 13:00:00,stock,ITC,long,ITC_spot_proxy,1h,-35.23378986338662,-1123.241107590481,288.6,2.0336943509146757,rehedge
2026-06-15 13:00:00,stock,TCS,long,TCS_spot_proxy,1h,2.194156114946736,99.02271295483413,2169.6,0.09520882213976876,rehedge
2026-06-15 13:00:00,index,NIFTY,long,spot_as_fut_proxy,1h,-50.86636186159376,-2263.430533746774,23905.65,243.19868868732178,rehedge
2026-06-15 14:00:00,stock,BHARTIARTL,long,BHARTIARTL_spot_proxy,1h,-15.397192007496642,383.39560941965385,1845.7,5.683719457647311,rehedge
2026-06-15 14:00:00,stock,LT,short,LT_spot_proxy,1h,-0.27555428872202015,131.2391280858748,4169.8,0.22980125462261594,rehedge
2026-06-15 14:00:00,stock,RELIANCE,long,RELIANCE_spot_proxy,1h,-0.19726298195541858,276.4624565649052,1308.1,0.05160794133917661,rehedge
2026-06-15 14:00:00,stock,SBIN,long,SBIN_spot_proxy,1h,5.376826478674843,-602.760629106443,1023.0,0.1100098697536873,rehedge
2026-06-15 14:00:00,stock,INFY,long,INFY_spot_proxy,1h,2.5904839118313134,292.18013500009494,1135.5,0.058829889637689134,rehedge
2026-06-15 14:00:00,stock,ITC,long,ITC_spot_proxy,1h,1.9728224804882757,-1121.2682851099928,287.9,0.011359511842651491,rehedge
2026-06-15 14:00:00,stock,ITC,long,ITC_spot_proxy,1h,1121.2682851099928,0.0,287.9,6.4562627856633386,flatten
2026-06-15 14:00:00,stock,TCS,long,TCS_spot_proxy,1h,6.100105659926612,105.12281861476075,2161.4,0.2636953674673076,rehedge
2026-06-15 14:00:00,index,NIFTY,long,spot_as_fut_proxy,1h,-53.11206077299448,-2316.5425945197685,23894.6,253.8182894692788,rehedge
2026-06-15 15:00:00,stock,BHARTIARTL,long,BHARTIARTL_spot_proxy,1h,11.315171343009752,394.7107807626636,1841.2,0.41666986953499113,rehedge
2026-06-15 15:00:00,stock,LT,short,LT_spot_proxy,1h,-0.0448431417997881,131.194284944075,4169.8,0.03739738653535129,rehedge
2026-06-15 15:00:00,stock,RELIANCE,long,RELIANCE_spot_proxy,1h,5.484474523913434,281.94693108881864,1307.0,0.1433641640550972,rehedge
2026-06-15 15:00:00,stock,SBIN,long,SBIN_spot_proxy,1h,7.43831905920274,-595.3223100472403,1020.85,0.15186816023174235,rehedge
2026-06-15 15:00:00,stock,INFY,long,INFY_spot_proxy,1h,0.4650984625491219,292.64523346264406,1134.9,0.010556804902939972,rehedge
2026-06-15 15:00:00,stock,TCS,long,TCS_spot_proxy,1h,0.9222090172038264,106.04502763196457,2162.0,0.03987631790389346,rehedge
2026-06-15 15:00:00,index,NIFTY,long,spot_as_fut_proxy,1h,39.18804319408673,-2277.3545513256818,23853.9,18.69575327094851,rehedge
2026-06-16 09:00:00,stock,BHARTIARTL,long,BHARTIARTL_spot_proxy,1h,-11.997610313158987,382.7131704495046,1848.4,4.4352765805686145,rehedge
2026-06-16 09:00:00,stock,LT,short,LT_spot_proxy,1h,15.542625156840245,146.73691010091525,4208.0,1.308067333199675,rehedge
2026-06-16 09:00:00,stock,RELIANCE,long,RELIANCE_spot_proxy,1h,-33.08183587420302,248.86509521461562,1317.3,8.715740479417528,rehedge
2026-06-16 09:00:00,stock,SBIN,long,SBIN_spot_proxy,1h,14.517815634935005,-580.8044944123053,1018.4,0.2956988688523562,rehedge
2026-06-16 09:00:00,stock,INFY,long,INFY_spot_proxy,1h,-17.000661951155053,275.644571511489,1143.1,3.886691335273068,rehedge
2026-06-16 09:00:00,stock,TCS,long,TCS_spot_proxy,1h,-25.14957775719671,80.89544987476786,2195.7,11.044185576295362,rehedge
2026-06-16 09:00:00,index,NIFTY,long,spot_as_fut_proxy,1h,-692.0026097134091,-2969.357161039091,23939.7,3313.2669751512203,rehedge
2026-06-16 10:00:00,stock,BHARTIARTL,long,BHARTIARTL_spot_proxy,1h,4.120882086620497,386.8340525361251,1847.8,0.1522913183931471,rehedge
2026-06-16 10:00:00,stock,LT,short,LT_spot_proxy,1h,2.7523511180822595,149.4892612189975,4212.6,0.23189108640066655,rehedge
2026-06-16 10:00:00,stock,RELIANCE,long,RELIANCE_spot_proxy,1h,-41.36496398660438,207.50013122801124,1327.5,10.982397938443464,rehedge
2026-06-16 10:00:00,stock,SBIN,long,SBIN_spot_proxy,1h,18.07256396725893,-562.7319304450464,1015.3,0.36698148391915986,rehedge
2026-06-16 10:00:00,stock,INFY,long,INFY_spot_proxy,1h,-0.7392103302108239,274.9053611812782,1144.9,0.1692643814116745,rehedge
2026-06-16 10:00:00,stock,TCS,long,TCS_spot_proxy,1h,6.790884613270677,87.68633448803854,2189.8,0.29741358252280264,rehedge
2026-06-16 10:00:00,index,NIFTY,long,spot_as_fut_proxy,1h,-99.97326728948019,-3069.330428328571,23966.65,479.20486129668416,rehedge
2026-06-16 11:00:00,stock,BHARTIARTL,long,BHARTIARTL_spot_proxy,1h,15.747194182666988,402.5812467187921,1841.6,0.5800006561359905,rehedge
2026-06-16 11:00:00,stock,LT,short,LT_spot_proxy,1h,-4.512925523985388,144.97633569501212,4196.7,3.7878789093018956,rehedge
2026-06-16 11:00:00,stock,RELIANCE,long,RELIANCE_spot_proxy,1h,-21.54377167356924,185.956359554442,1331.6,5.73753727210496,rehedge
2026-06-16 11:00:00,stock,SBIN,long,SBIN_spot_proxy,1h,21.849967106303552,-540.8819633387428,1011.5,0.4420248345605209,rehedge
2026-06-16 11:00:00,stock,INFY,long,INFY_spot_proxy,1h,19.67748617359871,294.5828473548769,1137.3,0.4475841005046763,rehedge
2026-06-16 11:00:00,stock,TCS,long,TCS_spot_proxy,1h,7.619749159847657,95.3060836478862,2181.4,0.33243441634583365,rehedge
2026-06-16 11:00:00,index,NIFTY,long,spot_as_fut_proxy,1h,72.96792568014916,-2996.362502648422,23938.5,34.93485377788502,rehedge
2026-06-16 12:00:00,stock,BHARTIARTL,long,BHARTIARTL_spot_proxy,1h,-9.147390924202739,393.43385579458936,1846.5,3.3781314683080716,rehedge
2026-06-16 12:00:00,stock,LT,short,LT_spot_proxy,1h,-1.9546577037464203,143.0216779912657,4191.6,1.6386286462046993,rehedge
2026-06-16 12:00:00,stock,RELIANCE,long,RELIANCE_spot_proxy,1h,-0.5182241397312168,185.43813541471079,1332.0,0.13805491082439617,rehedge
2026-06-16 12:00:00,stock,SBIN,long,SBIN_spot_proxy,1h,25.358464118848815,-515.523499219894,1009.5,0.5119873905595577,rehedge
2026-06-16 12:00:00,stock,INFY,long,INFY_spot_proxy,1h,-1.7925912591259703,292.7902560957509,1138.5,0.4081730297029834,rehedge
2026-06-16 12:00:00,stock,TCS,long,TCS_spot_proxy,1h,-4.230225548347747,91.07585809953845,2187.6,1.8508082819131062,rehedge
2026-06-16 12:00:00,index,NIFTY,long,spot_as_fut_proxy,1h,-8.658030301990493,-3005.0205329504124,23935.65,41.44711659956776,rehedge
2026-06-16 13:00:00,stock,BHARTIARTL,long,BHARTIARTL_spot_proxy,1h,-1.3215345840148416,392.1123212105745,1849.3,0.4887827812437293,rehedge
2026-06-16 13:00:00,stock,BHARTIARTL,long,BHARTIARTL_spot_proxy,1h,-392.1123212105745,0.0,1849.3,145.0266631229431,flatten
2026-06-16 13:00:00,stock,LT,short,LT_spot_proxy,1h,0.16240905984932397,143.18408705111503,4189.6,0.013608579942894557,rehedge
2026-06-16 13:00:00,stock,RELIANCE,long,RELIANCE_spot_proxy,1h,6.9767079938784775,192.41484340858926,1330.4,0.18563624630111858,rehedge
2026-06-16 13:00:00,stock,SBIN,long,SBIN_spot_proxy,1h,-18.03770229899726,-533.5612015188913,1011.15,3.6477645359262163,rehedge
2026-06-16 13:00:00,stock,INFY,long,INFY_spot_proxy,1h,-5.472120468210903,287.31813562754,1141.0,1.2487378908457283,rehedge
2026-06-16 13:00:00,stock,TCS,long,TCS_spot_proxy,1h,-1.327576282737681,89.74828181680077,2189.2,0.5812659996338662,rehedge
2026-06-16 13:00:00,index,NIFTY,long,spot_as_fut_proxy,1h,-113.33700377043124,-3118.3575367208437,23967.05,543.2707272432228,rehedge
2026-06-16 14:00:00,stock,LT,short,LT_spot_proxy,1h,-0.6310304732801626,142.55305657783487,4185.5,0.5282356091828241,rehedge
2026-06-16 14:00:00,stock,RELIANCE,long,RELIANCE_spot_proxy,1h,-3.1218069973584477,189.29303641123082,1331.0,0.8310250226968189,rehedge
2026-06-16 14:00:00,stock,SBIN,long,SBIN_spot_proxy,1h,-33.68213789405786,-567.2433394129491,1014.4,6.833432135946458,rehedge
2026-06-16 14:00:00,stock,INFY,long,INFY_spot_proxy,1h,-4.877333560341754,282.44080206719826,1145.5,1.117397118674296,rehedge
2026-06-16 14:00:00,stock,TCS,long,TCS_spot_proxy,1h,-8.197770444219032,81.55051137258174,2197.5,3.602920110234265,rehedge
2026-06-16 14:00:00,index,NIFTY,long,spot_as_fut_proxy,1h,-71.95510177234837,-3190.312638493192,23986.45,345.1894901814691,rehedge
2026-06-16 15:00:00,stock,LT,short,LT_spot_proxy,1h,0.8110532843419662,143.36410986217683,4186.4,0.06790786939138414,rehedge
2026-06-16 15:00:00,stock,RELIANCE,long,RELIANCE_spot_proxy,1h,11.971247997978708,201.26428440920952,1328.8,0.31814788679428213,rehedge
2026-06-16 15:00:00,stock,SBIN,long,SBIN_spot_proxy,1h,-6.70571191175668,-573.9490513247058,1015.3,1.3616618608013114,rehedge
2026-06-16 15:00:00,stock,INFY,long,INFY_spot_proxy,1h,2.4182794348474204,284.8590815020457,1143.6,0.055310887233830194,rehedge
2026-06-16 15:00:00,stock,TCS,long,TCS_spot_proxy,1h,-0.8719592093148663,80.67855216326687,2199.0,0.3834876602566782,rehedge
2026-06-16 15:00:00,index,NIFTY,long,spot_as_fut_proxy,1h,-16.81715205021419,-3207.129790543406,23989.15,80.68583662107916,rehedge
2026-06-17 09:00:00,stock,LT,short,LT_spot_proxy,1h,-5.087256957081308,138.27685290509552,4174.8,4.24765606888461,rehedge
2026-06-17 09:00:00,stock,RELIANCE,long,RELIANCE_spot_proxy,1h,-12.723451859819477,188.54083254939005,1331.9,3.3892731064187123,rehedge
2026-06-17 09:00:00,stock,SBIN,long,SBIN_spot_proxy,1h,-5.831393145842867,-579.7804444705487,1015.85,1.1847641454408953,rehedge
2026-06-17 09:00:00,stock,INFY,long,INFY_spot_proxy,1h,-34.79032625492138,250.0687552471243,1158.0,8.057439560639793,rehedge
2026-06-17 09:00:00,stock,TCS,long,TCS_spot_proxy,1h,-18.806675011112077,61.871877152154795,2219.7,8.349035304433094,rehedge
2026-06-17 09:00:00,index,NIFTY,long,spot_as_fut_proxy,1h,-103.23174378241993,-3310.361534325826,24065.85,496.87193222123017,rehedge
2026-06-17 10:00:00,stock,LT,short,LT_spot_proxy,1h,5.249317949745688,143.5261708548412,4183.7,0.4392314301270207,rehedge
2026-06-17 10:00:00,stock,RELIANCE,long,RELIANCE_spot_proxy,1h,12.95930148367637,201.50013403306642,1329.3,0.34453598924502,rehedge
2026-06-17 10:00:00,stock,SBIN,long,SBIN_spot_proxy,1h,-15.11607383734247,-594.8965183078911,1017.2,3.075214061468952,rehedge
2026-06-17 10:00:00,stock,INFY,long,INFY_spot_proxy,1h,-4.269967589311818,245.79878765781248,1160.3,0.9908886787757005,rehedge
2026-06-17 10:00:00,stock,TCS,long,TCS_spot_proxy,1h,-3.131077088033919,58.740800064120876,2223.4,1.3923273595069234,rehedge
2026-06-17 10:00:00,index,NIFTY,long,spot_as_fut_proxy,1h,-35.779056566333566,-3346.1405908921597,24080.0,172.31193642346244,rehedge
2026-06-17 11:00:00,stock,LT,short,LT_spot_proxy,1h,4.943087892984693,148.4692587478259,4196.1,0.4148338221550615,rehedge
2026-06-17 11:00:00,stock,RELIANCE,long,RELIANCE_spot_proxy,1h,4.892571748609157,206.39270578167557,1328.8,0.13002498679103697,rehedge
2026-06-17 11:00:00,stock,SBIN,long,SBIN_spot_proxy,1h,-6.314288259590171,-601.2108065674813,1018.3,1.2859679469481342,rehedge
2026-06-17 11:00:00,stock,INFY,long,INFY_spot_proxy,1h,16.08336205869503,261.8821497165075,1155.5,0.37168649717644214,rehedge
2026-06-17 11:00:00,stock,TCS,long,TCS_spot_proxy,1h,7.913138484777576,66.65393854889845,2216.6,0.35080525530715956,rehedge
2026-06-17 11:00:00,index,NIFTY,long,spot_as_fut_proxy,1h,14.394722697985344,-3331.7458681941744,24055.1,6.925329879446146,rehedge
2026-06-17 12:00:00,stock,LT,short,LT_spot_proxy,1h,2.8119560349472295,151.28121478277313,4204.6,0.23646300689078248,rehedge
2026-06-17 12:00:00,stock,RELIANCE,long,RELIANCE_spot_proxy,1h,8.479944424292,214.87265020596757,1327.1,0.2250746849095583,rehedge
2026-06-17 12:00:00,stock,SBIN,long,SBIN_spot_proxy,1h,-16.558823887502967,-617.7696304549843,1020.5,3.3796559554393557,rehedge
2026-06-17 12:00:00,stock,INFY,long,INFY_spot_proxy,1h,-5.681981648665783,256.20016806784173,1157.6,1.3154923912991021,rehedge
2026-06-17 12:00:00,stock,TCS,long,TCS_spot_proxy,1h,-1.9432345158822528,64.7107040330162,2219.0,0.8624074781485439,rehedge
2026-06-17 12:00:00,index,NIFTY,long,spot_as_fut_proxy,1h,40.43820035028011,-3291.3076678438943,24029.5,19.43419470634112,rehedge
2026-06-17 13:00:00,stock,LT,short,LT_spot_proxy,1h,0.5102534176395181,151.79146820041265,4202.9,0.042890881779942616,rehedge
2026-06-17 13:00:00,stock,RELIANCE,long,RELIANCE_spot_proxy,1h,-12.087193732132192,202.78545647383538,1329.8,3.214710044997878,rehedge
2026-06-17 13:00:00,stock,SBIN,long,SBIN_spot_proxy,1h,-23.348375834129342,-641.1180062891136,1024.0,4.78174737082969,rehedge
2026-06-17 13:00:00,stock,INFY,long,INFY_spot_proxy,1h,1.0735784948228684,257.2737465626646,1157.6,0.02485548931213905,rehedge
2026-06-17 13:00:00,stock,TCS,long,TCS_spot_proxy,1h,0.9352935524437527,65.64599758545995,2218.7,0.04150271609613908,rehedge
2026-06-17 13:00:00,index,NIFTY,long,spot_as_fut_proxy,1h,-66.4425226854114,-3357.7501905293057,24048.85,319.5732523366112,rehedge
2026-06-17 14:00:00,stock,LT,short,LT_spot_proxy,1h,2.7973840833063264,154.58885228371898,4211.9,0.23564604040955833,rehedge
2026-06-17 14:00:00,stock,RELIANCE,long,RELIANCE_spot_proxy,1h,-8.353445766858243,194.43201070697714,1331.6,2.224689676629687,rehedge
2026-06-17 14:00:00,stock,SBIN,long,SBIN_spot_proxy,1h,-7.727510259612586,-648.8455165487262,1025.1,1.5842941534257724,rehedge
2026-06-17 14:00:00,stock,INFY,long,INFY_spot_proxy,1h,-6.0878234375734905,251.1859231250911,1159.9,1.4122532810482984,rehedge
2026-06-17 14:00:00,stock,TCS,long,TCS_spot_proxy,1h,-2.4840430968209546,63.161954488639,2220.6,1.1032132201601224,rehedge
2026-06-17 14:00:00,index,NIFTY,long,spot_as_fut_proxy,1h,-61.00413049139661,-3418.7543210207023,24076.9,293.7580698856614,rehedge
2026-06-17 15:00:00,stock,LT,short,LT_spot_proxy,1h,-0.7893769786722373,153.79947530504674,4207.7,0.6642923026318346,rehedge
2026-06-17 15:00:00,stock,RELIANCE,long,RELIANCE_spot_proxy,1h,-5.187446890843063,189.24456381613408,1332.7,1.38266209428531,rehedge
2026-06-17 15:00:00,stock,SBIN,long,SBIN_spot_proxy,1h,-11.578967895347887,-660.4244844440741,1026.5,2.3771621089149213,rehedge
2026-06-17 15:00:00,stock,INFY,long,INFY_spot_proxy,1h,7.921184648214762,259.10710777330587,1157.7,0.18340710934476462,rehedge
2026-06-17 15:00:00,stock,TCS,long,TCS_spot_proxy,1h,-2.7986982956028896,60.36325619303611,2223.0,1.244301262225045,rehedge
2026-06-17 15:00:00,index,NIFTY,long,spot_as_fut_proxy,1h,-40.452527391000785,-3459.206848411703,24085.7,194.86548779628555,rehedge
2026-06-18 09:00:00,stock,LT,short,LT_spot_proxy,1h,1.2630129746432601,155.06248827969,4211.0,0.10637095272445538,rehedge
2026-06-18 09:00:00,stock,RELIANCE,long,RELIANCE_spot_proxy,1h,16.783755606128324,206.0283194222624,1330.0,0.44644789912301347,rehedge
2026-06-18 09:00:00,stock,SBIN,long,SBIN_spot_proxy,1h,-8.950159120051012,-669.3746435641251,1028.55,1.8411372325856938,rehedge
2026-06-18 09:00:00,stock,INFY,long,INFY_spot_proxy,1h,59.972245335158505,319.0793531084644,1131.9,1.3576516898973185,rehedge
2026-06-18 09:00:00,stock,TCS,long,TCS_spot_proxy,1h,27.701185308467984,88.06444150150409,2197.3,1.2173562895659342,rehedge
2026-06-18 09:00:00,index,NIFTY,long,spot_as_fut_proxy,1h,-112.92654287564028,-3572.1333912873433,24123.2,544.8299158195292,rehedge
2026-06-18 10:00:00,stock,LT,short,LT_spot_proxy,1h,-15.482171912170429,139.58031636751957,4175.3,12.928542476977041,rehedge
2026-06-18 10:00:00,stock,RELIANCE,long,RELIANCE_spot_proxy,1h,11.996525231286228,218.02484465354863,1328.0,0.3186277101429622,rehedge
2026-06-18 10:00:00,stock,SBIN,long,SBIN_spot_proxy,1h,-13.177373796265897,-682.552017360391,1030.4,2.7155931919344765,rehedge
2026-06-18 10:00:00,stock,INFY,long,INFY_spot_proxy,1h,-2.9223562405960593,316.1569968678683,1134.9,0.6633164194904937,rehedge
2026-06-18 10:00:00,stock,TCS,long,TCS_spot_proxy,1h,-10.773343989679233,77.29109751182486,2208.6,4.7588015071211105,rehedge
2026-06-18 10:00:00,index,NIFTY,long,spot_as_fut_proxy,1h,16.616308574330105,-3555.517082713013,24092.55,8.006584902849536,rehedge
2026-06-18 11:00:00,stock,LT,short,LT_spot_proxy,1h,1.075410983421591,140.65572735094116,4174.4,0.08978391218390178,rehedge
2026-06-18 11:00:00,stock,RELIANCE,long,RELIANCE_spot_proxy,1h,17.836097202122346,235.86094185567097,1324.8,0.47258523146743375,rehedge
2026-06-18 11:00:00,stock,SBIN,long,SBIN_spot_proxy,1h,-36.91800448868253,-719.4700218490735,1042.5,7.697403935890308,rehedge
2026-06-18 11:00:00,stock,INFY,long,INFY_spot_proxy,1h,2.7437437117582704,318.9007405796266,1132.5,0.06214579507132483,rehedge
2026-06-18 11:00:00,stock,TCS,long,TCS_spot_proxy,1h,22.487354529580855,99.77845204140571,2185.0,0.9826973929426834,rehedge
2026-06-18 11:00:00,index,NIFTY,long,spot_as_fut_proxy,1h,10.934996184033935,-3544.5820865289793,24071.95,5.264533627845115,rehedge
2026-06-18 12:00:00,stock,LT,short,LT_spot_proxy,1h,9.317071147469278,149.97279849841044,4197.9,0.7822426593992255,rehedge
2026-06-18 12:00:00,stock,RELIANCE,long,RELIANCE_spot_proxy,1h,-25.27250144440285,210.58844041126812,1329.5,6.719958134066719,rehedge
2026-06-18 12:00:00,stock,SBIN,long,SBIN_spot_proxy,1h,1.8651668374528754,-717.6048550116207,1040.75,0.038823447721581604,rehedge
2026-06-18 12:00:00,stock,INFY,long,INFY_spot_proxy,1h,3.058337281777142,321.9590778614037,1132.1,0.06924687273399804,rehedge
2026-06-18 12:00:00,stock,TCS,long,TCS_spot_proxy,1h,-8.145850725759601,91.63260131564611,2194.0,3.574399298463313,rehedge
2026-06-18 12:00:00,index,NIFTY,long,spot_as_fut_proxy,1h,-49.69934502874548,-3594.2814315577248,24125.65,239.80580067855075,rehedge
2026-06-18 13:00:00,stock,LT,short,LT_spot_proxy,1h,-4.710073162384958,145.26272533602548,4182.4,3.93988199887177,rehedge
2026-06-18 13:00:00,stock,RELIANCE,long,RELIANCE_spot_proxy,1h,15.092841708726269,225.6812821199944,1328.0,0.40086587578376975,rehedge
2026-06-18 13:00:00,stock,SBIN,long,SBIN_spot_proxy,1h,-0.39314088098035427,-717.997995892601,1040.5,0.08181261733201173,rehedge
2026-06-18 13:00:00,stock,INFY,long,INFY_spot_proxy,1h,-3.767923773267512,318.1911540881362,1132.3,0.8532840176941607,rehedge
2026-06-18 13:00:00,stock,TCS,long,TCS_spot_proxy,1h,1.8920969384323882,93.5246982540785,2191.0,0.08291168784210727,rehedge
2026-06-18 13:00:00,index,NIFTY,long,spot_as_fut_proxy,1h,-2.560798389205047,-3596.84222994693,24108.35,12.347324769278298,rehedge
2026-06-18 14:00:00,stock,LT,short,LT_spot_proxy,1h,-0.12112412614834511,145.14160120987714,4182.0,0.10130821911047586,rehedge
2026-06-18 14:00:00,stock,RELIANCE,long,RELIANCE_spot_proxy,1h,18.10409511600318,243.78537723599757,1324.6,0.4796136878131563,rehedge
2026-06-18 14:00:00,stock,SBIN,long,SBIN_spot_proxy,1h,-5.464892045274496,-723.4628879378755,1042.2,1.139102097917016,rehedge
2026-06-18 14:00:00,stock,INFY,long,INFY_spot_proxy,1h,-3.087621026176521,315.1035330619597,1128.0,0.6965673035054232,rehedge
2026-06-18 14:00:00,stock,TCS,long,TCS_spot_proxy,1h,-4.107054199142411,89.41764405493609,2193.8,1.8020111004157244,rehedge
2026-06-18 14:00:00,index,NIFTY,long,spot_as_fut_proxy,1h,-14.24563938415713,-3611.087869331087,24121.4,68.72495316820157,rehedge
2026-06-18 15:00:00,stock,LT,short,LT_spot_proxy,1h,1.814434400290736,146.95603561016787,4190.0,0.1520496027443637,rehedge
2026-06-18 15:00:00,stock,RELIANCE,long,RELIANCE_spot_proxy,1h,-25.78692936116221,217.99844787483536,1328.1,6.849524176911905,rehedge
2026-06-18 15:00:00,stock,SBIN,long,SBIN_spot_proxy,1h,-0.667397271292657,-724.1302852091682,1042.7,0.1391790269553707,rehedge
2026-06-18 15:00:00,stock,INFY,long,INFY_spot_proxy,1h,-7.519375297140414,307.5841577648193,1127.5,1.6956191295051635,rehedge
2026-06-18 15:00:00,stock,TCS,long,TCS_spot_proxy,1h,-13.041785035305821,76.37585901963027,2203.3,5.746992993657864,rehedge
2026-06-18 15:00:00,index,NIFTY,long,spot_as_fut_proxy,1h,-8.727699187369126,-3619.815568518456,24168.0,42.18620679206741,rehedge
2026-06-19 09:00:00,stock,LT,short,LT_spot_proxy,1h,-1.6936807527403914,145.26235485742748,4184.0,1.4172720538931596,rehedge
2026-06-19 09:00:00,stock,RELIANCE,long,RELIANCE_spot_proxy,1h,-29.429390861655634,188.56905701317973,1333.0,7.845875603717393,rehedge
2026-06-19 09:00:00,stock,SBIN,long,SBIN_spot_proxy,1h,19.835429460320483,-704.2948557488477,1035.15,0.410652896117015,rehedge
2026-06-19 09:00:00,stock,INFY,long,INFY_spot_proxy,1h,86.63231881973383,394.2164765845531,1041.0,1.8036848778268584,rehedge
2026-06-19 09:00:00,stock,INFY,long,INFY_spot_proxy,1h,-394.2164765845531,0.0,1041.0,82.07587042490395,flatten
2026-06-19 09:00:00,stock,TCS,long,TCS_spot_proxy,1h,79.99957132869858,156.37543034832885,2084.0,3.3343821329801573,rehedge
2026-06-19 09:00:00,index,NIFTY,long,spot_as_fut_proxy,1h,145.97036592020413,-3473.845202598252,23987.7,70.02986693168162,rehedge
2026-06-19 10:00:00,stock,LT,short,LT_spot_proxy,1h,-5.954757385997453,139.30759747143003,4173.9,4.970912370682954,rehedge
2026-06-19 10:00:00,stock,RELIANCE,long,RELIANCE_spot_proxy,1h,21.98451036439573,210.55356737757546,1327.6,0.5837327191954355,rehedge
2026-06-19 10:00:00,stock,SBIN,long,SBIN_spot_proxy,1h,16.938133509245517,-687.3567222396022,1030.55,0.3491118697590594,rehedge
2026-06-19 10:00:00,stock,TCS,long,TCS_spot_proxy,1h,1.61483426069708,157.99026460902593,2072.5,0.06693488010589398,rehedge
2026-06-19 10:00:00,index,NIFTY,long,spot_as_fut_proxy,1h,83.9592561511181,-3389.885946447134,23944.8,40.207751933745854,rehedge
2026-06-19 10:00:00,index,NIFTY,long,spot_as_fut_proxy,1h,3389.885946447134,0.0,23944.8,1623.4028202097468,flatten
2026-06-19 10:00:00,index,NIFTY,short,spot_as_fut_proxy,1h,73.27980050563497,73.27980050563497,23944.8,35.093403342946566,entry
2026-06-19 11:00:00,stock,LT,short,LT_spot_proxy,1h,10.57779044831139,149.88538791974142,4203.2,0.8892113762468488,rehedge
2026-06-19 11:00:00,stock,RELIANCE,long,RELIANCE_spot_proxy,1h,3.7157266321387112,214.26929400971417,1327.3,0.09863767917675424,rehedge
2026-06-19 11:00:00,stock,SBIN,long,SBIN_spot_proxy,1h,-12.151425052469676,-699.5081472920718,1033.75,2.512307129598106,rehedge
2026-06-19 11:00:00,stock,TCS,long,TCS_spot_proxy,1h,4.302649563214175,162.2929141722401,2073.3,0.178413666788239,rehedge
2026-06-19 11:00:00,index,NIFTY,short,spot_as_fut_proxy,1h,15.909858182995876,89.18965868863084,23954.4,7.62222213717513,rehedge
2026-06-19 12:00:00,stock,LT,short,LT_spot_proxy,1h,-2.5922284571936416,147.29315946254778,4195.9,2.17534627670776,rehedge
2026-06-19 12:00:00,stock,RELIANCE,long,RELIANCE_spot_proxy,1h,-0.07936870511204575,214.18992530460213,1326.7,0.02105969221443022,rehedge
2026-06-19 12:00:00,stock,SBIN,long,SBIN_spot_proxy,1h,7.039883540577534,-692.4682637514943,1031.55,0.1452398373256551,rehedge
2026-06-19 12:00:00,stock,TCS,long,TCS_spot_proxy,1h,0.8226177394740546,163.11553191171416,2074.6,0.034132055246257474,rehedge
2026-06-19 12:00:00,index,NIFTY,short,spot_as_fut_proxy,1h,-24.14351086152307,65.04614782710777,23938.0,115.58947260062786,rehedge
2026-06-19 13:00:00,stock,LT,short,LT_spot_proxy,1h,2.917776986301419,150.2109364488492,4200.5,0.24512244461918223,rehedge
2026-06-19 13:00:00,stock,RELIANCE,long,RELIANCE_spot_proxy,1h,-18.981339338030352,195.20858596657177,1329.6,5.0475177567690315,rehedge
2026-06-19 13:00:00,stock,SBIN,long,SBIN_spot_proxy,1h,-13.821288605707991,-706.2895523572023,1034.75,2.8603156769512688,rehedge
2026-06-19 13:00:00,stock,TCS,long,TCS_spot_proxy,1h,-0.6805836505097602,162.4349482612044,2082.0,0.2833950320722642,rehedge
2026-06-19 13:00:00,index,NIFTY,short,spot_as_fut_proxy,1h,45.6930134422977,110.73916126940547,23966.9,21.902397677404096,rehedge
2026-06-19 14:00:00,stock,LT,short,LT_spot_proxy,1h,-2.9158130874830874,147.2951233613661,4188.7,2.4426932559080816,rehedge
2026-06-19 14:00:00,stock,RELIANCE,long,RELIANCE_spot_proxy,1h,126.75447731649535,321.96306328306713,1309.5,3.3196997609190135,rehedge
2026-06-19 14:00:00,stock,SBIN,long,SBIN_spot_proxy,1h,0.6196657349366888,-705.6698866222656,1033.1,0.012803533415261862,rehedge
2026-06-19 14:00:00,stock,TCS,long,TCS_spot_proxy,1h,-5.93420198506459,156.5007462761398,2110.7,2.505064025975166,rehedge
2026-06-19 14:00:00,index,NIFTY,short,spot_as_fut_proxy,1h,-84.59650115050306,26.14266011890242,23911.6,404.5675393820738,rehedge
2026-06-19 15:00:00,stock,LT,short,LT_spot_proxy,1h,10.159913005225917,157.45503636659203,4209.4,0.8553427560839595,rehedge
2026-06-19 15:00:00,stock,RELIANCE,long,RELIANCE_spot_proxy,1h,14.270572979080953,336.2336362621481,1309.5,0.37374630632213024,rehedge
2026-06-19 15:00:00,stock,SBIN,long,SBIN_spot_proxy,1h,-13.83624914348718,-719.5061357657528,1035.1,2.8643802976847157,rehedge
2026-06-19 15:00:00,stock,TCS,long,TCS_spot_proxy,1h,-2.757366389237319,153.7433798869025,2125.0,1.1718807154258606,rehedge
2026-06-19 15:00:00,index,NIFTY,short,spot_as_fut_proxy,1h,185.63942140888594,211.78208152778836,24013.1,89.15555980467438,rehedge
2026-06-22 09:00:00,stock,LT,short,LT_spot_proxy,1h,3.431247095898698,160.88628346249072,4216.2,0.2893364801145618,rehedge
2026-06-22 09:00:00,stock,LT,short,LT_spot_proxy,1h,-160.88628346249072,0.0,4216.2,135.66574966691067,flatten
2026-06-22 09:00:00,stock,RELIANCE,long,RELIANCE_spot_proxy,1h,-125.07843407200113,211.15520219014695,1339.5,33.50851248788911,rehedge
2026-06-22 09:00:00,stock,SBIN,long,SBIN_spot_proxy,1h,-7.297305495778801,-726.8034412615316,1037.0,1.5134611598245233,rehedge
2026-06-22 09:00:00,stock,TCS,long,TCS_spot_proxy,1h,0.263735053917344,154.00711494081983,2138.9,0.011282058136476142,rehedge
2026-06-22 09:00:00,index,NIFTY,short,spot_as_fut_proxy,1h,116.57744002760523,328.3595215553936,24141.15,56.286269326448455,rehedge
2026-06-22 10:00:00,stock,RELIANCE,long,RELIANCE_spot_proxy,1h,-1.4789706863645051,209.67623150378245,1341.0,0.3966599380829603,rehedge
2026-06-22 10:00:00,stock,SBIN,long,SBIN_spot_proxy,1h,-2.936141955130779,-729.7395832166624,1036.85,0.6088677572354696,rehedge
2026-06-22 10:00:00,stock,TCS,long,TCS_spot_proxy,1h,2.6427237991443633,156.6498387399642,2136.9,0.1129447297278318,rehedge
2026-06-22 10:00:00,index,NIFTY,short,spot_as_fut_proxy,1h,35.58370256935291,363.9432241247465,24162.85,17.19607335255778,rehedge
2026-06-22 11:00:00,stock,RELIANCE,long,RELIANCE_spot_proxy,1h,32.619045978460406,242.29527748224285,1336.0,0.871580908544462,rehedge
2026-06-22 11:00:00,stock,SBIN,long,SBIN_spot_proxy,1h,3.646302650079747,-726.0932805665826,1036.0,0.07555139090965236,rehedge
2026-06-22 11:00:00,stock,TCS,long,TCS_spot_proxy,1h,-0.38850997324070136,156.2613287667235,2145.9,0.16674071031544424,rehedge
2026-06-22 11:00:00,index,NIFTY,short,spot_as_fut_proxy,1h,-22.83500737520302,341.1082167495435,24140.4,110.2492424080702,rehedge
2026-06-22 12:00:00,stock,RELIANCE,long,RELIANCE_spot_proxy,1h,46.661663118911974,288.9569406011548,1329.6,1.2408269456581071,rehedge
2026-06-22 12:00:00,stock,SBIN,long,SBIN_spot_proxy,1h,-6.005516589488593,-732.0987971560712,1038.3,1.2471055749732012,rehedge
2026-06-22 12:00:00,stock,TCS,long,TCS_spot_proxy,1h,2.947167198401928,159.20849596512542,2141.1,0.12620359376996737,rehedge
2026-06-22 12:00:00,index,NIFTY,short,spot_as_fut_proxy,1h,-21.20397244948805,319.90424430005544,24123.5,102.302805877045,rehedge
2026-06-22 13:00:00,stock,RELIANCE,long,RELIANCE_spot_proxy,1h,-9.239002822214673,279.71793777894015,1331.7,2.460716011668656,rehedge
2026-06-22 13:00:00,stock,SBIN,long,SBIN_spot_proxy,1h,0.7717154316543429,-731.3270817244169,1037.65,0.01601541035312258,rehedge
2026-06-22 13:00:00,stock,TCS,long,TCS_spot_proxy,1h,1.176409247728344,160.38490521285377,2133.0,0.05018561850809116,rehedge
2026-06-22 13:00:00,index,NIFTY,short,spot_as_fut_proxy,1h,11.058251720401358,330.9624960204568,24126.0,5.3358276201280646,rehedge
2026-06-22 14:00:00,stock,RELIANCE,long,RELIANCE_spot_proxy,1h,20.008038006538072,299.7259757854782,1328.5,0.5316135698337167,rehedge
2026-06-22 14:00:00,stock,SBIN,long,SBIN_spot_proxy,1h,-7.141671982972866,-738.4687537073897,1041.0,1.4868961068549509,rehedge
2026-06-22 14:00:00,stock,TCS,long,TCS_spot_proxy,1h,0.5425652981439555,160.92747051099772,2131.6,0.02313064379047311,rehedge
2026-06-22 14:00:00,index,NIFTY,short,spot_as_fut_proxy,1h,13.845556944303155,344.80805296475995,24132.55,6.682571904724862,rehedge
2026-06-22 15:00:00,stock,RELIANCE,long,RELIANCE_spot_proxy,1h,9.757866559264244,309.48384234474247,1326.5,0.25887619981728044,rehedge
2026-06-22 15:00:00,stock,SBIN,long,SBIN_spot_proxy,1h,-1.6070241095222855,-740.075777816912,1040.75,0.3345020683970637,rehedge
2026-06-22 15:00:00,stock,TCS,long,TCS_spot_proxy,1h,3.8765222865248177,164.80399279752254,2127.8,0.16496928242535014,rehedge
2026-06-22 15:00:00,index,NIFTY,short,spot_as_fut_proxy,1h,-19.153544305469325,325.6545086592906,24102.9,92.33119260805933,rehedge
2026-06-23 09:00:00,stock,RELIANCE,long,RELIANCE_spot_proxy,1h,11.564549813525502,321.048392158268,1326.5,0.3068075065528316,rehedge
2026-06-23 09:00:00,stock,SBIN,long,SBIN_spot_proxy,1h,2.5458040240329183,-737.5299737928791,1041.5,0.05302909782060569,rehedge
2026-06-23 09:00:00,stock,TCS,long,TCS_spot_proxy,1h,-0.4971780713040346,164.3068147262185,2083.6,0.2071840458738173,rehedge
2026-06-23 09:00:00,stock,TCS,long,TCS_spot_proxy,1h,-164.3068147262185,0.0,2083.6,68.46993583270978,flatten
2026-06-23 09:00:00,index,NIFTY,short,spot_as_fut_proxy,1h,99.19434954069305,424.8488581999837,24131.3,47.87377214142653,rehedge
2026-06-23 10:00:00,stock,RELIANCE,long,RELIANCE_spot_proxy,1h,1.9357892481095291,322.9841814063775,1326.5,0.05135648875234581,rehedge
2026-06-23 10:00:00,stock,RELIANCE,long,RELIANCE_spot_proxy,1h,-322.9841814063775,0.0,1326.5,85.68770332711195,flatten
2026-06-23 10:00:00,stock,SBIN,long,SBIN_spot_proxy,1h,6.711725432126514,-730.8182483607526,1036.15,0.13908708612995777,rehedge
2026-06-23 10:00:00,stock,SBIN,long,SBIN_spot_proxy,1h,730.8182483607526,0.0,1036.15,15.144746560779879,flatten
2026-06-23 10:00:00,index,NIFTY,short,spot_as_fut_proxy,1h,-65.11993304181163,359.72892515817205,24093.85,313.79797974389066,rehedge
2026-06-23 10:00:00,stock,ITC,short,ITC_spot_proxy,1h,111.1222310728639,111.1222310728639,291.5,0.6478426071547966,entry
2026-06-23 10:00:00,stock,SBIN,short,SBIN_spot_proxy,1h,47.16934263536954,47.16934263536954,1036.15,0.9774902874327631,entry
2026-06-23 11:00:00,index,NIFTY,short,spot_as_fut_proxy,1h,-232.92125923029263,126.80766592787941,23982.65,1117.2138075358757,rehedge
2026-06-23 11:00:00,stock,ITC,short,ITC_spot_proxy,1h,-54.44335098707356,56.67888008579034,290.8,3.1664252934081984,rehedge
2026-06-23 11:00:00,stock,SBIN,short,SBIN_spot_proxy,1h,-26.887150616115424,20.282192019254115,1033.0,5.554885317289447,rehedge
2026-06-23 12:00:00,index,NIFTY,short,spot_as_fut_proxy,1h,-96.88837651907694,29.91928940880247,23930.65,463.72036550924975,rehedge
2026-06-23 12:00:00,stock,ITC,short,ITC_spot_proxy,1h,-50.37330006283432,6.3055800229560255,290.15,2.9231626026462756,rehedge
2026-06-23 12:00:00,stock,SBIN,short,SBIN_spot_proxy,1h,-22.92899430462819,-2.646802285374075,1030.35,4.724977856354731,rehedge
2026-06-23 13:00:00,index,NIFTY,short,spot_as_fut_proxy,1h,-107.05640095977832,-77.13711155097585,23869.15,511.06905859381857,rehedge
2026-06-23 13:00:00,stock,ITC,short,ITC_spot_proxy,1h,-25.611324498573484,-19.30574447561746,289.8,1.4844323679373193,rehedge
2026-06-23 13:00:00,stock,SBIN,short,SBIN_spot_proxy,1h,-49.32191101067195,-51.96871329604602,1024.65,10.107539223417003,rehedge
2026-06-23 14:00:00,index,NIFTY,short,spot_as_fut_proxy,1h,76.93428871764924,-0.20282283332661188,23914.3,36.79659321360958,rehedge
2026-06-23 14:00:00,stock,ITC,short,ITC_spot_proxy,1h,64.13931725204529,44.83357277642783,290.65,0.3728418511861393,rehedge
2026-06-23 14:00:00,stock,SBIN,short,SBIN_spot_proxy,1h,16.83455526746787,-35.13415802857815,1026.55,0.3456302541963828,rehedge
2026-06-23 15:00:00,index,NIFTY,short,spot_as_fut_proxy,1h,-156.3685568051198,-156.57137963844642,23824.1,745.0680268361708,rehedge
2026-06-23 15:00:00,stock,ITC,short,ITC_spot_proxy,1h,-49.68515961924646,-4.851586842818634,290.0,2.881739257916295,rehedge
2026-06-23 15:00:00,stock,SBIN,short,SBIN_spot_proxy,1h,-18.382836281581397,-53.516994310159546,1024.2,3.765540183919134,rehedge
2026-06-24 09:00:00,index,NIFTY,short,spot_as_fut_proxy,1h,12.767317185414782,-143.80406245303163,23841.65,6.087878155472888,rehedge
2026-06-24 09:00:00,stock,ITC,short,ITC_spot_proxy,1h,-18.692117814071807,-23.54370465689044,289.8,1.083395148503602,rehedge
2026-06-24 09:00:00,stock,SBIN,short,SBIN_spot_proxy,1h,-19.683645527596667,-73.20063983775621,1022.05,4.023533982296035,rehedge
2026-06-24 10:00:00,index,NIFTY,short,spot_as_fut_proxy,1h,208.89403389633844,65.08997144330682,23952.45,100.07047804400703,rehedge
2026-06-24 10:00:00,stock,ITC,short,ITC_spot_proxy,1h,68.32769662171367,44.78399196482323,290.7,0.3972572281586433,rehedge
2026-06-24 10:00:00,stock,SBIN,short,SBIN_spot_proxy,1h,33.55713989216976,-39.643499945586456,1025.9,0.6885253963075393,rehedge
2026-06-24 11:00:00,index,NIFTY,short,spot_as_fut_proxy,1h,85.3774865863759,150.46745802968272,23996.9,40.97590015729208,rehedge
2026-06-24 11:00:00,stock,ITC,short,ITC_spot_proxy,1h,-19.313881613580094,25.470110351243136,290.45,1.1219433829328678,rehedge
2026-06-24 11:00:00,stock,SBIN,short,SBIN_spot_proxy,1h,117.65663131406994,78.01313136848349,1040.0,2.447257931332655,rehedge
2026-06-24 12:00:00,index,NIFTY,short,spot_as_fut_proxy,1h,16.082284453814964,166.54974248349768,24004.35,7.720895696578665,rehedge
2026-06-24 12:00:00,stock,ITC,short,ITC_spot_proxy,1h,-8.067233513602101,17.402876837641035,290.35,0.4684642501348741,rehedge
2026-06-24 12:00:00,stock,SBIN,short,SBIN_spot_proxy,1h,-1.7784126927580246,76.23471867572546,1039.7,0.3698031353321037,rehedge
2026-06-24 13:00:00,index,NIFTY,short,spot_as_fut_proxy,1h,97.25671423071603,263.8064567142137,24055.8,46.79176132382517,rehedge
2026-06-24 13:00:00,stock,ITC,short,ITC_spot_proxy,1h,8.074733500239173,25.477610337880208,290.45,0.04690612690288936,rehedge
2026-06-24 13:00:00,stock,SBIN,short,SBIN_spot_proxy,1h,14.7476916009077,90.98241027663316,1041.2,0.307105929897302,rehedge
2026-06-24 14:00:00,index,NIFTY,short,spot_as_fut_proxy,1h,-2.1841673154033856,261.6222893988103,24050.75,10.506172412187597,rehedge
2026-06-24 14:00:00,stock,ITC,short,ITC_spot_proxy,1h,22.458693185673795,47.936303523554,290.75,0.13059730087469312,rehedge
2026-06-24 14:00:00,stock,SBIN,short,SBIN_spot_proxy,1h,-29.459293877169692,61.52311639946347,1037.95,6.115454815961657,rehedge
2026-06-24 15:00:00,index,NIFTY,short,spot_as_fut_proxy,1h,-46.36087694315589,215.26141245565444,24021.65,222.73295192431212,rehedge
2026-06-24 15:00:00,stock,ITC,short,ITC_spot_proxy,1h,-29.795717011085987,18.140586512468015,290.35,1.7302372868337637,rehedge
2026-06-24 15:00:00,stock,SBIN,short,SBIN_spot_proxy,1h,-29.87766120301612,31.645455196447347,1034.6,6.182285656128096,rehedge
2026-06-25 09:00:00,index,NIFTY,short,spot_as_fut_proxy,1h,362.89140709347566,578.1528195491301,24176.65,175.46997074612958,rehedge
2026-06-25 09:00:00,index,NIFTY,short,spot_as_fut_proxy,1h,-578.1528195491301,0.0,24176.65,2795.5596729504955,flatten
2026-06-25 09:00:00,stock,ITC,short,ITC_spot_proxy,1h,61.3765139713462,79.51710048381422,291.2,0.35745681736912027,rehedge
2026-06-25 09:00:00,stock,SBIN,short,SBIN_spot_proxy,1h,135.31947317566687,166.96492837211423,1050.25,2.8423855340548827,rehedge
2026-06-25 09:00:00,stock,SBIN,short,SBIN_spot_proxy,1h,-166.96492837211423,0.0,1050.25,35.070983204562594,flatten
2026-06-25 10:00:00,stock,ITC,short,ITC_spot_proxy,1h,32.28435424000686,111.80145472382108,291.6,0.18828235392772005,rehedge
2026-06-25 10:00:00,stock,BHARTIARTL,long,BHARTIARTL_spot_proxy,1h,-20.52113148130131,-20.52113148130131,1870.8,7.678186555043698,entry
2026-06-25 10:00:00,stock,SBIN,short,SBIN_spot_proxy,1h,167.681480455175,167.681480455175,1050.3,3.5223171784414062,entry
2026-06-25 11:00:00,stock,ITC,short,ITC_spot_proxy,1h,-32.40537757294213,79.39607715087895,291.2,1.8872891898481496,rehedge
2026-06-25 11:00:00,stock,BHARTIARTL,long,BHARTIARTL_spot_proxy,1h,12.04870760673502,-8.47242387456629,1867.5,0.450019229111553,rehedge
2026-06-25 11:00:00,stock,SBIN,short,SBIN_spot_proxy,1h,27.321019532565373,195.00249998774038,1053.55,0.575681202570685,rehedge
2026-06-25 12:00:00,stock,ITC,short,ITC_spot_proxy,1h,-76.34195208869698,3.054125062181967,290.25,4.43165031874886,rehedge
2026-06-25 12:00:00,stock,BHARTIARTL,long,BHARTIARTL_spot_proxy,1h,8.031487734516755,-0.44093614004953596,1865.4,0.2996387443993512,rehedge
2026-06-25 12:00:00,stock,SBIN,short,SBIN_spot_proxy,1h,-17.937956724564117,177.06454326317626,1051.2,3.7712760217723607,rehedge
2026-06-25 13:00:00,stock,ITC,short,ITC_spot_proxy,1h,67.91588418574328,70.97000924792525,291.1,0.39540627772939746,rehedge
2026-06-25 13:00:00,stock,BHARTIARTL,long,BHARTIARTL_spot_proxy,1h,-6.3690364766205265,-6.809972616670063,1867.2,2.3784529818291698,rehedge
2026-06-25 13:00:00,stock,SBIN,short,SBIN_spot_proxy,1h,-12.82218389602545,164.2423593671508,1049.8,2.692145730809503,rehedge
2026-06-25 14:00:00,stock,ITC,short,ITC_spot_proxy,1h,-44.009482381020604,26.960526866904644,290.55,2.5573910211611075,rehedge
2026-06-25 14:00:00,stock,BHARTIARTL,long,BHARTIARTL_spot_proxy,1h,44.71145695751794,37.90148434084787,1854.9,1.6587056302100007,rehedge
2026-06-25 14:00:00,stock,SBIN,short,SBIN_spot_proxy,1h,-30.60433437854317,133.63802498860764,1046.35,6.4045690553977295,rehedge
2026-06-25 15:00:00,stock,ITC,short,ITC_spot_proxy,1h,-42.61139748477163,-15.650870617866985,290.0,2.4714610541167548,rehedge
2026-06-25 15:00:00,stock,BHARTIARTL,long,BHARTIARTL_spot_proxy,1h,15.149978990797301,53.051463331645174,1850.7,0.5607613223653714,rehedge
2026-06-25 15:00:00,stock,SBIN,short,SBIN_spot_proxy,1h,-8.403494750328733,125.23453023827891,1045.4,1.7570026823987315,rehedge
2026-06-29 09:00:00,stock,ITC,short,ITC_spot_proxy,1h,42.913928253542636,27.263057635675647,290.75,0.24954449279435045,rehedge
2026-06-29 09:00:00,stock,BHARTIARTL,long,BHARTIARTL_spot_proxy,1h,27.688744255176523,80.7402075868217,1844.1,1.0212162656194206,rehedge
2026-06-29 09:00:00,stock,SBIN,short,SBIN_spot_proxy,1h,-33.93587541414733,91.29865482413157,1042.2,7.073593871324871,rehedge
2026-06-29 10:00:00,stock,ITC,short,ITC_spot_proxy,1h,62.21139439993681,89.47445203561246,291.55,0.36275464074603153,rehedge
2026-06-29 10:00:00,stock,BHARTIARTL,long,BHARTIARTL_spot_proxy,1h,40.679265182160975,121.41947276898267,1833.9,1.4920340883513006,rehedge
2026-06-29 10:00:00,stock,SBIN,short,SBIN_spot_proxy,1h,5.404947191374177,96.70360201550575,1042.75,0.11272017367610847,rehedge
2026-06-29 11:00:00,stock,ITC,short,ITC_spot_proxy,1h,-59.51582757710199,29.958624458510474,290.8,3.461440531884252,rehedge
2026-06-29 11:00:00,stock,BHARTIARTL,long,BHARTIARTL_spot_proxy,1h,-15.228491095798503,106.19098167318417,1838.1,5.598297896637446,rehedge
2026-06-29 11:00:00,stock,SBIN,short,SBIN_spot_proxy,1h,-57.67309834753973,39.03050366796602,1036.4,11.954479825478035,rehedge
2026-06-29 12:00:00,stock,ITC,short,ITC_spot_proxy,1h,-45.66866796062756,-15.710043502117088,290.25,2.6510661751144298,rehedge
2026-06-29 12:00:00,stock,BHARTIARTL,long,BHARTIARTL_spot_proxy,1h,-14.906966225572504,91.28401544761167,1842.8,5.494111472097003,rehedge
2026-06-29 12:00:00,stock,SBIN,short,SBIN_spot_proxy,1h,-38.67874716505764,0.35175650290837635,1032.2,7.984840564754501,rehedge
2026-06-29 13:00:00,stock,ITC,short,ITC_spot_proxy,1h,-20.244155581990512,-35.9541990841076,290.0,1.1741610237554496,rehedge
2026-06-29 13:00:00,stock,BHARTIARTL,long,BHARTIARTL_spot_proxy,1h,16.821047502076752,108.10506294968842,1838.1,0.6183753482713455,rehedge
2026-06-29 13:00:00,stock,SBIN,short,SBIN_spot_proxy,1h,32.978496696903136,33.330253199811516,1035.8,0.6831825375730454,rehedge
2026-06-29 14:00:00,stock,ITC,short,ITC_spot_proxy,1h,-5.074164146861008,-41.02836323096861,289.95,0.2942507788764699,rehedge
2026-06-29 14:00:00,stock,BHARTIARTL,long,BHARTIARTL_spot_proxy,1h,-24.848961826690285,83.25610112299813,1844.6,9.16727899710258,rehedge
2026-06-29 14:00:00,stock,SBIN,short,SBIN_spot_proxy,1h,10.070025836532608,43.40027903634412,1036.9,0.20883219579801326,rehedge
2026-06-29 15:00:00,stock,ITC,short,ITC_spot_proxy,1h,61.013252203499306,19.9848889725307,290.7,0.354731048311145,rehedge
2026-06-29 15:00:00,stock,BHARTIARTL,long,BHARTIARTL_spot_proxy,1h,17.26236465506294,100.51846577806107,1841.1,0.6356347913287276,rehedge
2026-06-29 15:00:00,stock,SBIN,short,SBIN_spot_proxy,1h,-7.452155299311578,35.948123737032546,1036.1,1.544235621123345,rehedge
2026-06-30 09:00:00,stock,ITC,short,ITC_spot_proxy,1h,-129.39781552237167,-109.41292654984096,289.1,7.481781693503532,rehedge
2026-06-30 09:00:00,stock,BHARTIARTL,long,BHARTIARTL_spot_proxy,1h,-72.9934938456238,27.524971932437264,1859.5,27.146280361187493,rehedge
2026-06-30 09:00:00,stock,SBIN,short,SBIN_spot_proxy,1h,40.19404023915352,76.14216397618607,1040.65,0.8365585594975024,rehedge
2026-06-30 10:00:00,stock,ITC,short,ITC_spot_proxy,1h,-109.57750713178606,-218.99043368162702,287.85,6.308377085576924,rehedge
2026-06-30 10:00:00,stock,BHARTIARTL,long,BHARTIARTL_spot_proxy,1h,-19.399750602956722,8.125221329480542,1865.2,7.236882964926976,rehedge
2026-06-30 10:00:00,stock,SBIN,short,SBIN_spot_proxy,1h,-46.88353753253685,29.258626443649224,1035.55,9.710049458363706,rehedge
2026-06-30 11:00:00,stock,ITC,short,ITC_spot_proxy,1h,32.37694611515039,-186.61348756647664,288.3,0.18668547129995716,rehedge
2026-06-30 11:00:00,stock,BHARTIARTL,long,BHARTIARTL_spot_proxy,1h,-4.015736110218336,4.109485219262206,1866.4,1.4989939752223007,rehedge
2026-06-30 11:00:00,stock,SBIN,short,SBIN_spot_proxy,1h,45.91474247395368,75.1733689176029,1040.35,0.9553480466555543,rehedge
2026-06-30 12:00:00,stock,ITC,short,ITC_spot_proxy,1h,-99.74235363650274,-286.3558412029794,287.0,5.725211098735257,rehedge
2026-06-30 12:00:00,stock,BHARTIARTL,long,BHARTIARTL_spot_proxy,1h,-26.114562462188367,-22.00507724292616,1873.0,9.782515098335763,rehedge
2026-06-30 12:00:00,stock,SBIN,short,SBIN_spot_proxy,1h,-8.634019665711818,66.53934925189108,1039.5,1.795012688501487,rehedge
2026-06-30 13:00:00,stock,ITC,short,ITC_spot_proxy,1h,-53.07885352407834,-339.4346947270577,286.45,3.0408875183944484,rehedge
2026-06-30 13:00:00,stock,BHARTIARTL,long,BHARTIARTL_spot_proxy,1h,17.950262937317746,-4.054814305608412,1868.5,0.6708013259675643,rehedge
2026-06-30 13:00:00,stock,SBIN,short,SBIN_spot_proxy,1h,-56.21348783608753,10.32586141580355,1033.55,11.619890070597654,rehedge
2026-06-30 14:00:00,stock,ITC,short,ITC_spot_proxy,1h,-4.335610541100436,-343.77030526815815,286.25,0.24821370347799998,rehedge
2026-06-30 14:00:00,stock,BHARTIARTL,long,BHARTIARTL_spot_proxy,1h,34.06721234032241,30.012398034714003,1860.1,1.2673684334846744,rehedge
2026-06-30 14:00:00,stock,SBIN,short,SBIN_spot_proxy,1h,-30.235786953306878,-19.90992553750333,1030.45,6.231293333207015,rehedge
2026-06-30 15:00:00,stock,ITC,short,ITC_spot_proxy,1h,45.608094524718695,-298.16221074343946,286.95,0.26174485447736057,rehedge
2026-06-30 15:00:00,stock,BHARTIARTL,long,BHARTIARTL_spot_proxy,1h,31.101718248324566,61.11411628303857,1852.0,1.152007643917942,rehedge
2026-06-30 15:00:00,stock,SBIN,short,SBIN_spot_proxy,1h,-32.46184756592412,-52.371773103427444,1026.9,6.667014253089496,rehedge
2026-07-01 09:00:00,stock,ITC,short,ITC_spot_proxy,1h,188.22951895400115,-109.93269178943832,289.3,1.0890959966678508,rehedge
2026-07-01 09:00:00,stock,BHARTIARTL,long,BHARTIARTL_spot_proxy,1h,-38.196139638657115,22.91797664438145,1862.4,14.227298092607004,rehedge
2026-07-01 09:00:00,stock,SBIN,short,SBIN_spot_proxy,1h,32.05041260859447,-20.321360494832977,1030.6,0.6606231046883492,rehedge
2026-07-01 10:00:00,stock,ITC,short,ITC_spot_proxy,1h,-7.853400384359418,-117.78609217379774,289.3,0.45439774623903595,rehedge
2026-07-01 10:00:00,stock,BHARTIARTL,long,BHARTIARTL_spot_proxy,1h,13.50787776975071,36.42585441413216,1859.2,0.5022769269904105,rehedge
2026-07-01 10:00:00,stock,SBIN,short,SBIN_spot_proxy,1h,43.92593814928438,23.604577654451397,1035.2,0.9094426234427839,rehedge
2026-07-01 11:00:00,stock,ITC,short,ITC_spot_proxy,1h,65.41283657058621,-52.37325560321153,290.05,0.37945986494597067,rehedge
2026-07-01 11:00:00,stock,BHARTIARTL,long,BHARTIARTL_spot_proxy,1h,-66.38200758078244,-29.95615316665029,1875.1,24.89458048294503,rehedge
2026-07-01 11:00:00,stock,SBIN,short,SBIN_spot_proxy,1h,18.698582812126887,42.303160466578284,1037.1,0.38784600468913594,rehedge
2026-07-01 12:00:00,stock,ITC,short,ITC_spot_proxy,1h,-0.7203409848544027,-53.093596588065935,290.05,0.0417869805314039,rehedge
2026-07-01 12:00:00,stock,BHARTIARTL,long,BHARTIARTL_spot_proxy,1h,-25.863542117205903,-55.81969528385619,1881.3,9.731416357019894,rehedge
2026-07-01 12:00:00,stock,SBIN,short,SBIN_spot_proxy,1h,41.52009458551448,83.82325505209276,1041.3,0.8646974898379246,rehedge
2026-07-01 13:00:00,stock,ITC,short,ITC_spot_proxy,1h,26.620669114404635,-26.4729274736613,290.35,0.15458622554734774,rehedge
2026-07-01 13:00:00,stock,BHARTIARTL,long,BHARTIARTL_spot_proxy,1h,20.615862433929095,-35.203832849927096,1876.4,0.7736720854204912,rehedge
2026-07-01 13:00:00,stock,SBIN,short,SBIN_spot_proxy,1h,-0.7218744262724215,83.10138062582034,1041.2,0.15032313052696908,rehedge
2026-07-01 14:00:00,stock,ITC,short,ITC_spot_proxy,1h,1.5654167271168973,-24.907510746544403,290.4,0.00909194035109494,rehedge
2026-07-01 14:00:00,stock,BHARTIARTL,long,BHARTIARTL_spot_proxy,1h,4.255077059846119,-30.948755790080977,1875.4,0.15959943036070826,rehedge
2026-07-01 14:00:00,stock,SBIN,short,SBIN_spot_proxy,1h,77.38400241368647,160.48538303950681,1049.0,1.6235163706391422,rehedge
2026-07-01 15:00:00,stock,ITC,short,ITC_spot_proxy,1h,-9.905899151650033,-34.813409898194436,290.3,0.5751365047448009,rehedge
2026-07-01 15:00:00,stock,BHARTIARTL,long,BHARTIARTL_spot_proxy,1h,18.867849232687064,-12.080906557393911,1871.0,0.7060349182871499,rehedge
2026-07-01 15:00:00,stock,SBIN,short,SBIN_spot_proxy,1h,-16.92361029848726,143.56177274101955,1047.4,3.5451578853271117,rehedge
2026-07-02 09:00:00,stock,ITC,short,ITC_spot_proxy,1h,-80.96340587944289,-115.77681577763732,289.5,4.687781200419743,rehedge
2026-07-02 09:00:00,stock,BHARTIARTL,long,BHARTIARTL_spot_proxy,1h,63.855276435696524,51.774369878302615,1856.5,2.370946414057412,rehedge
2026-07-02 09:00:00,stock,SBIN,short,SBIN_spot_proxy,1h,85.29309157053927,228.85486431155883,1056.2,1.8017312663360718,rehedge
2026-07-02 10:00:00,stock,ITC,short,ITC_spot_proxy,1h,-30.088747711877858,-145.86556348951518,289.15,1.7400322801778962,rehedge
2026-07-02 10:00:00,stock,BHARTIARTL,long,BHARTIARTL_spot_proxy,1h,13.971681528174564,65.74605140647718,1852.9,0.517762574071093,rehedge
2026-07-02 10:00:00,stock,SBIN,short,SBIN_spot_proxy,1h,-19.331329326698636,209.5235349848602,1054.2,4.0758174752411405,rehedge
2026-07-02 11:00:00,stock,ITC,short,ITC_spot_proxy,1h,-3.8615819145218495,-149.72714540403703,289.1,0.22327666629765336,rehedge
2026-07-02 11:00:00,stock,BHARTIARTL,long,BHARTIARTL_spot_proxy,1h,-25.705319447815803,40.040731958661375,1859.2,9.55826598347583,rehedge
2026-07-02 11:00:00,stock,SBIN,short,SBIN_spot_proxy,1h,-47.78900910249041,161.73452588236978,1049.3,10.029001450248638,rehedge
2026-07-02 12:00:00,stock,ITC,short,ITC_spot_proxy,1h,88.3587370072136,-61.368408396823426,290.05,0.5125690333788462,rehedge
2026-07-02 12:00:00,stock,BHARTIARTL,long,BHARTIARTL_spot_proxy,1h,13.65499389460372,53.695725853265095,1855.8,0.5068187533921117,rehedge
2026-07-02 12:00:00,stock,SBIN,short,SBIN_spot_proxy,1h,-5.181501678890385,156.5530242034794,1048.9,1.086975422197625,rehedge
2026-07-02 13:00:00,stock,ITC,short,ITC_spot_proxy,1h,8.952584854102682,-52.415823542720744,290.15,0.05195184990835787,rehedge
2026-07-02 13:00:00,stock,BHARTIARTL,long,BHARTIARTL_spot_proxy,1h,-23.69135471932144,30.004371133943657,1861.8,8.821712843286532,rehedge
2026-07-02 13:00:00,stock,SBIN,short,SBIN_spot_proxy,1h,8.479294494873642,165.03231869835304,1049.8,0.178031267214367,rehedge
2026-07-02 14:00:00,stock,ITC,short,ITC_spot_proxy,1h,-9.943028789311185,-62.35885233203193,290.05,0.5767951000679419,rehedge
2026-07-02 14:00:00,stock,BHARTIARTL,long,BHARTIARTL_spot_proxy,1h,-72.50533929273249,-42.50096815878883,1878.2,27.23590565192203,rehedge
2026-07-02 14:00:00,stock,SBIN,short,SBIN_spot_proxy,1h,17.20720336023669,182.23952205858973,1051.5,0.36186748666577767,rehedge
2026-07-02 15:00:00,stock,ITC,short,ITC_spot_proxy,1h,-15.271913207068891,-77.63076553910082,289.9,0.8854655277458544,rehedge
2026-07-02 15:00:00,stock,BHARTIARTL,long,BHARTIARTL_spot_proxy,1h,14.374100256326681,-28.12686790246215,1875.0,0.5390287596122505,rehedge
2026-07-02 15:00:00,stock,SBIN,short,SBIN_spot_proxy,1h,0.756979368444803,182.99650142703453,1051.6,0.015920790077131094,rehedge
2026-07-03 09:00:00,stock,ITC,short,ITC_spot_proxy,1h,51.118192597047326,-26.51257294205349,290.5,0.29699669898884495,rehedge
2026-07-03 09:00:00,stock,BHARTIARTL,long,BHARTIARTL_spot_proxy,1h,-93.12989075743008,-121.25675865989223,1895.8,35.311129379587186,rehedge
2026-07-03 09:00:00,stock,SBIN,short,SBIN_spot_proxy,1h,-84.06512026006294,98.93138116697159,1043.3,17.541027993464734,rehedge
2026-07-03 10:00:00,stock,ITC,short,ITC_spot_proxy,1h,-12.397393016885605,-38.9099659589391,290.4,0.7200405864207159,rehedge
2026-07-03 10:00:00,stock,BHARTIARTL,long,BHARTIARTL_spot_proxy,1h,-4.510370363895731,-125.76712902378796,1896.5,1.7107834790256509,rehedge
2026-07-03 10:00:00,stock,SBIN,short,SBIN_spot_proxy,1h,42.37069286147016,141.30207402844175,1047.3,0.8874965326763541,rehedge
2026-07-03 11:00:00,stock,ITC,short,ITC_spot_proxy,1h,58.05495226701218,19.144986308073086,291.0,0.33787982219401097,rehedge
2026-07-03 11:00:00,stock,BHARTIARTL,long,BHARTIARTL_spot_proxy,1h,-27.771752361617786,-153.53888138540574,1902.6,10.5677072086428,rehedge
2026-07-03 11:00:00,stock,SBIN,short,SBIN_spot_proxy,1h,-15.97426166402289,125.32781236441886,1045.7,3.3408570844137477,rehedge
2026-07-03 12:00:00,stock,ITC,short,ITC_spot_proxy,1h,-58.505187975938355,-39.36020166786527,290.4,3.3979813176424996,rehedge
2026-07-03 12:00:00,stock,BHARTIARTL,long,BHARTIARTL_spot_proxy,1h,4.934200644773881,-148.60468074063186,1901.6,0.18765751892204027,rehedge
2026-07-03 12:00:00,stock,SBIN,short,SBIN_spot_proxy,1h,-57.59156242219737,67.73624994222149,1040.1,11.980196815065495,rehedge
2026-07-03 13:00:00,stock,ITC,short,ITC_spot_proxy,1h,-25.567409480027337,-64.9276111478926,290.15,1.4836767721259863,rehedge
2026-07-03 13:00:00,stock,BHARTIARTL,long,BHARTIARTL_spot_proxy,1h,-15.421331494537696,-164.02601223516956,1905.0,5.875527299418862,rehedge
2026-07-03 13:00:00,stock,SBIN,short,SBIN_spot_proxy,1h,-51.25042560159344,16.48582434062805,1034.9,10.607813091017812,rehedge
2026-07-03 14:00:00,stock,ITC,short,ITC_spot_proxy,1h,-3.861620556710932,-68.78923170460354,290.1,0.22405122470036828,rehedge
2026-07-03 14:00:00,stock,BHARTIARTL,long,BHARTIARTL_spot_proxy,1h,-19.92873615603716,-183.95474839120672,1909.5,7.610784337990592,rehedge
2026-07-03 14:00:00,stock,SBIN,short,SBIN_spot_proxy,1h,34.66777959166807,51.15360393229612,1038.4,0.7199804465597627,rehedge
2026-07-03 15:00:00,stock,ITC,short,ITC_spot_proxy,1h,-13.315377335855416,-82.10460904045895,289.95,0.7721587317062556,rehedge
2026-07-03 15:00:00,stock,BHARTIARTL,long,BHARTIARTL_spot_proxy,1h,3.170817348208402,-180.78393104299832,1910.4,0.12115058924034665,rehedge
2026-07-03 15:00:00,stock,SBIN,short,SBIN_spot_proxy,1h,16.639450495661194,67.79305442795732,1040.0,0.34610057030975283,rehedge
2026-07-06 09:00:00,stock,ITC,short,ITC_spot_proxy,1h,-212.96176049173351,-295.0663695321925,287.9,12.262338169114015,rehedge
2026-07-06 09:00:00,stock,BHARTIARTL,long,BHARTIARTL_spot_proxy,1h,-51.90251429935665,-232.68644534235497,1921.9,19.95028844638671,rehedge
2026-07-06 09:00:00,stock,SBIN,short,SBIN_spot_proxy,1h,49.18272765187989,116.9757820798372,1045.1,1.0280173733795934,rehedge
2026-07-06 10:00:00,stock,ITC,short,ITC_spot_proxy,1h,45.646698720522835,-249.41967081166965,288.4,0.2632901582199757,rehedge
2026-07-06 10:00:00,stock,BHARTIARTL,long,BHARTIARTL_spot_proxy,1h,-4.63451850740725,-237.32096384976222,1922.5,1.781972366098088,rehedge
2026-07-06 10:00:00,stock,SBIN,short,SBIN_spot_proxy,1h,-46.22192684337165,70.75385523646555,1040.7,9.620631853179376,rehedge
2026-07-06 11:00:00,stock,ITC,short,ITC_spot_proxy,1h,35.54459559556554,-213.8750752161041,288.8,0.2053055841599866,rehedge
2026-07-06 11:00:00,stock,BHARTIARTL,long,BHARTIARTL_spot_proxy,1h,-9.919832915832131,-247.24079676559435,1924.8,3.8187388792787376,rehedge
2026-07-06 11:00:00,stock,SBIN,short,SBIN_spot_proxy,1h,-3.6804099282284426,67.07344530823711,1040.4,0.7658196978657744,rehedge
2026-07-06 12:00:00,stock,ITC,short,ITC_spot_proxy,1h,62.0877687212045,-151.7873064948996,289.45,0.3594260931270528,rehedge
2026-07-06 12:00:00,stock,BHARTIARTL,long,BHARTIARTL_spot_proxy,1h,-18.874056354743942,-266.1148531203383,1929.2,7.282365903914403,rehedge
2026-07-06 12:00:00,stock,SBIN,short,SBIN_spot_proxy,1h,70.14817192312783,137.22161723136495,1047.0,1.4689027200702969,rehedge
2026-07-06 13:00:00,stock,ITC,short,ITC_spot_proxy,1h,-52.97377868076023,-204.76108517565984,288.95,3.0613546699611343,rehedge
2026-07-06 13:00:00,stock,BHARTIARTL,long,BHARTIARTL_spot_proxy,1h,18.215133828083367,-247.89971929225493,1924.6,0.701136931310585,rehedge
2026-07-06 13:00:00,stock,SBIN,short,SBIN_spot_proxy,1h,-49.60675449849363,87.61486273287132,1042.3,10.341024042755981,rehedge
2026-07-06 14:00:00,stock,ITC,short,ITC_spot_proxy,1h,0.899481005226221,-203.86160417043362,289.0,0.005199000210207558,rehedge
2026-07-06 14:00:00,stock,BHARTIARTL,long,BHARTIARTL_spot_proxy,1h,-3.530942924172763,-251.4306622164277,1925.7,1.359907357815898,rehedge
2026-07-06 14:00:00,stock,SBIN,short,SBIN_spot_proxy,1h,-51.32625030429698,36.28861242857434,1037.5,10.650196938141624,rehedge
2026-07-06 15:00:00,stock,ITC,short,ITC_spot_proxy,1h,-71.69895466937533,-275.56055883980895,288.25,4.133444736689488,rehedge
2026-07-06 15:00:00,stock,BHARTIARTL,long,BHARTIARTL_spot_proxy,1h,-1.205683422932708,-252.6363456393604,1925.7,0.4643569135083032,rehedge
2026-07-06 15:00:00,stock,SBIN,short,SBIN_spot_proxy,1h,2.123059933282825,38.411672361857164,1037.7,0.04406198585535175,rehedge
2026-07-07 09:00:00,stock,ITC,short,ITC_spot_proxy,1h,-130.02333168393898,-405.5838905237479,287.0,7.463339238658098,rehedge
2026-07-07 09:00:00,stock,BHARTIARTL,long,BHARTIARTL_spot_proxy,1h,-14.601478508095624,-267.237824147456,1930.3,5.637046792835397,rehedge
2026-07-07 09:00:00,stock,SBIN,short,SBIN_spot_proxy,1h,76.64447656204538,115.05614892390254,1044.8,1.6015629822405004,rehedge
2026-07-07 10:00:00,stock,ITC,short,ITC_spot_proxy,1h,33.58564714379639,-371.99824337995153,287.4,0.19305029978254168,rehedge
2026-07-07 10:00:00,stock,BHARTIARTL,long,BHARTIARTL_spot_proxy,1h,-47.69323162482647,-314.9310557722825,1943.0,18.533589809407566,rehedge
2026-07-07 10:00:00,stock,SBIN,short,SBIN_spot_proxy,1h,-37.55521680409774,77.5009321198048,1041.4,7.822000555957478,rehedge
2026-07-07 11:00:00,stock,ITC,short,ITC_spot_proxy,1h,34.300298040722396,-337.69794533922914,287.8,0.19743251552239816,rehedge
2026-07-07 11:00:00,stock,BHARTIARTL,long,BHARTIARTL_spot_proxy,1h,-37.86904712013285,-352.80010289241534,1954.5,14.80301051925993,rehedge
2026-07-07 11:00:00,stock,SBIN,short,SBIN_spot_proxy,1h,14.497016764429489,91.99794888423429,1042.7,0.3023207876054126,rehedge
2026-07-07 12:00:00,stock,ITC,short,ITC_spot_proxy,1h,101.27513329174215,-236.42281204748699,288.8,0.5849651698931028,rehedge
2026-07-07 12:00:00,stock,BHARTIARTL,long,BHARTIARTL_spot_proxy,1h,61.268746330358795,-291.53135656205654,1935.6,2.37183570794085,rehedge
2026-07-07 12:00:00,stock,SBIN,short,SBIN_spot_proxy,1h,2.281362905754875,94.27931178998917,1042.9,0.04758466748823519,rehedge
2026-07-07 13:00:00,stock,ITC,short,ITC_spot_proxy,1h,154.3041180024507,-82.11869404503629,290.3,0.8958897091222289,rehedge
2026-07-07 13:00:00,stock,BHARTIARTL,long,BHARTIARTL_spot_proxy,1h,1.5388179845442096,-289.99253857751233,1934.5,0.05953686782201547,rehedge
2026-07-07 13:00:00,stock,SBIN,short,SBIN_spot_proxy,1h,-14.937052458338371,79.3422593316508,1041.5,3.111388027071883,rehedge
2026-07-07 14:00:00,stock,ITC,short,ITC_spot_proxy,1h,-135.91704585177348,-218.03573989680976,289.05,7.857364420691026,rehedge
2026-07-07 14:00:00,stock,BHARTIARTL,long,BHARTIARTL_spot_proxy,1h,13.989961588043172,-276.00257698946916,1928.5,0.5395928184508252,rehedge
2026-07-07 14:00:00,stock,SBIN,short,SBIN_spot_proxy,1h,5.940329154449799,85.2825884861006,1042.0,0.12379645957873382,rehedge
2026-07-07 15:00:00,stock,ITC,short,ITC_spot_proxy,1h,-30.59724834587331,-248.63298824268307,288.75,1.7669910919741838,rehedge
2026-07-07 15:00:00,stock,BHARTIARTL,long,BHARTIARTL_spot_proxy,1h,12.923810923971473,-263.0787660654977,1925.8,0.4977735015476853,rehedge
2026-07-07 15:00:00,stock,SBIN,short,SBIN_spot_proxy,1h,-44.4808535059652,40.80173498013539,1038.1,9.235114804908495,rehedge
2026-07-08 09:00:00,stock,ITC,short,ITC_spot_proxy,1h,-591.6351575762035,-840.2681458188865,281.95,33.36230653572211,rehedge
2026-07-08 09:00:00,stock,BHARTIARTL,long,BHARTIARTL_spot_proxy,1h,45.79140690030417,-217.28735916519352,1916.3,1.7550014608610578,rehedge
2026-07-08 09:00:00,stock,SBIN,short,SBIN_spot_proxy,1h,-134.32901140137173,-93.52727642123634,1025.9,27.561626559333458,rehedge
2026-07-08 10:00:00,stock,ITC,short,ITC_spot_proxy,1h,50.31789243378205,-789.9502533851045,282.2,0.2839941848962659,rehedge
2026-07-08 10:00:00,stock,BHARTIARTL,long,BHARTIARTL_spot_proxy,1h,-5.347934732969293,-222.63529389816281,1917.5,2.0509329700937236,rehedge
2026-07-08 10:00:00,stock,SBIN,short,SBIN_spot_proxy,1h,94.58221136203272,1.0549349407963926,1034.7,1.9572842819259055,rehedge
2026-07-08 11:00:00,stock,ITC,short,ITC_spot_proxy,1h,139.2087831247377,-650.7414702603668,284.35,0.7916803496303834,rehedge
2026-07-08 11:00:00,stock,BHARTIARTL,long,BHARTIARTL_spot_proxy,1h,2.698015352543223,-219.9372785456196,1916.9,0.1034365125858021,rehedge
2026-07-08 11:00:00,stock,SBIN,short,SBIN_spot_proxy,1h,14.579083022947136,15.63401796374353,1036.0,0.3020786002354647,rehedge
2026-07-08 12:00:00,stock,ITC,short,ITC_spot_proxy,1h,8.375594826833208,-642.3658754335336,284.45,0.04764875896985412,rehedge
2026-07-08 12:00:00,stock,BHARTIARTL,long,BHARTIARTL_spot_proxy,1h,102.50833477125678,-117.4289437743628,1895.3,3.8856809378392603,rehedge
2026-07-08 12:00:00,stock,SBIN,short,SBIN_spot_proxy,1h,8.795542325129302,24.429560288872832,1036.8,0.18238436565388122,rehedge
2026-07-08 13:00:00,stock,ITC,short,ITC_spot_proxy,1h,-103.9989864421965,-746.3648618757301,283.1,5.888422612357166,rehedge
2026-07-08 13:00:00,stock,BHARTIARTL,long,BHARTIARTL_spot_proxy,1h,66.83790041937965,-50.59104335498316,1881.6,2.515243868582095,rehedge
2026-07-08 13:00:00,stock,SBIN,short,SBIN_spot_proxy,1h,-143.4869469423461,-119.05738665347326,1023.2,29.36316882228171,rehedge
2026-07-08 14:00:00,stock,ITC,short,ITC_spot_proxy,1h,-47.87439359483972,-794.2392554705698,281.2,2.6924558957737856,rehedge
2026-07-08 14:00:00,stock,BHARTIARTL,long,BHARTIARTL_spot_proxy,1h,0.36246406179960644,-50.22857929318355,1881.8,0.013641697429889988,rehedge
2026-07-08 14:00:00,stock,SBIN,short,SBIN_spot_proxy,1h,-86.25582755667256,-205.31321421014582,1013.5,17.48405624573753,rehedge
2026-07-08 15:00:00,stock,ITC,short,ITC_spot_proxy,1h,-102.80640876915334,-897.0456642397231,280.65,5.770523724212576,rehedge
2026-07-08 15:00:00,stock,BHARTIARTL,long,BHARTIARTL_spot_proxy,1h,-31.381029331766605,-81.60960862495016,1888.1,11.850104296261705,rehedge
2026-07-08 15:00:00,stock,SBIN,short,SBIN_spot_proxy,1h,26.874460734195026,-178.4387534759508,1016.9,0.5465727824120585,rehedge
2026-07-09 09:00:00,stock,ITC,short,ITC_spot_proxy,1h,2.7042458551492246,-894.3414183845739,281.75,0.015238425393765883,rehedge
2026-07-09 09:00:00,stock,BHARTIARTL,long,BHARTIARTL_spot_proxy,1h,-210.07274834642715,-291.6823569713773,1941.5,81.57124818291767,rehedge
2026-07-09 09:00:00,stock,SBIN,short,SBIN_spot_proxy,1h,81.77895824355888,-96.65979523239191,1026.2,1.6784313389908025,rehedge
2026-07-09 10:00:00,stock,ITC,short,ITC_spot_proxy,1h,81.33812199094871,-813.0032963936252,282.6,0.4597230654928422,rehedge
2026-07-09 10:00:00,stock,BHARTIARTL,long,BHARTIARTL_spot_proxy,1h,-33.87257311458529,-325.5549300859626,1953.2,13.2319819614816,rehedge
2026-07-09 10:00:00,stock,SBIN,short,SBIN_spot_proxy,1h,-18.654504055658848,-115.31429928805076,1024.5,3.822307881004498,rehedge
2026-07-09 11:00:00,stock,ITC,short,ITC_spot_proxy,1h,18.614827624742247,-794.388468768883,283.0,0.10535992435604113,rehedge
2026-07-09 11:00:00,stock,BHARTIARTL,long,BHARTIARTL_spot_proxy,1h,-8.491842535702403,-334.046772621665,1953.1,3.317083531296073,rehedge
2026-07-09 11:00:00,stock,SBIN,short,SBIN_spot_proxy,1h,15.827360011438572,-99.48693927661219,1026.1,0.32480908215474236,rehedge
2026-07-09 12:00:00,stock,ITC,short,ITC_spot_proxy,1h,-7.889829734192858,-802.2782985030758,283.0,0.44656436295531576,rehedge
2026-07-09 12:00:00,stock,BHARTIARTL,long,BHARTIARTL_spot_proxy,1h,56.56622816147882,-277.4805444601862,1933.3,2.18718977809174,rehedge
2026-07-09 12:00:00,stock,SBIN,short,SBIN_spot_proxy,1h,-5.083476967403342,-104.57041624401553,1025.6,1.0427227955537737,rehedge
2026-07-09 13:00:00,stock,ITC,short,ITC_spot_proxy,1h,-8.009497928829092,-810.2877964319049,283.0,0.4533375827717266,rehedge
2026-07-09 13:00:00,stock,BHARTIARTL,long,BHARTIARTL_spot_proxy,1h,4.684883139592728,-272.79566132059347,1933.0,0.18111758217665488,rehedge
2026-07-09 13:00:00,stock,SBIN,short,SBIN_spot_proxy,1h,-4.116762560424419,-108.68717880443995,1025.3,0.8441833306406314,rehedge
2026-07-09 14:00:00,stock,ITC,short,ITC_spot_proxy,1h,41.84669118221791,-768.441105249687,283.5,0.23727073900317558,rehedge
2026-07-09 14:00:00,stock,BHARTIARTL,long,BHARTIARTL_spot_proxy,1h,-14.568321245836273,-287.36398256642974,1936.6,5.642602184937306,rehedge
2026-07-09 14:00:00,stock,SBIN,short,SBIN_spot_proxy,1h,12.899573706945887,-95.78760509749407,1026.4,0.2648024490561852,rehedge
2026-07-09 15:00:00,stock,ITC,short,ITC_spot_proxy,1h,-52.44164063180358,-820.8827458814906,282.05,2.95823294804004,rehedge
2026-07-09 15:00:00,stock,BHARTIARTL,long,BHARTIARTL_spot_proxy,1h,21.641186871988907,-265.72279569444083,1931.1,0.8358259193699555,rehedge
2026-07-09 15:00:00,stock,SBIN,short,SBIN_spot_proxy,1h,-46.726969729520846,-142.5145748270149,1022.1,9.551927152108652,rehedge
2026-07-10 09:00:00,stock,ITC,short,ITC_spot_proxy,1h,22.281606171308567,-798.601139710182,283.2,0.12620301735429174,rehedge
2026-07-10 09:00:00,stock,BHARTIARTL,long,BHARTIARTL_spot_proxy,1h,73.17861827247916,-192.54417742196168,1913.7,2.8008384357608676,rehedge
2026-07-10 09:00:00,stock,SBIN,short,SBIN_spot_proxy,1h,63.11814316849396,-79.39643165852095,1028.3,1.2980877324032467,rehedge
2026-07-10 10:00:00,stock,ITC,short,ITC_spot_proxy,1h,-69.03004665224717,-867.6311863624292,282.35,3.898126734452398,rehedge
2026-07-10 10:00:00,stock,BHARTIARTL,long,BHARTIARTL_spot_proxy,1h,-12.959200562937042,-205.50337798489872,1917.0,4.968557495830062,rehedge
2026-07-10 10:00:00,stock,SBIN,short,SBIN_spot_proxy,1h,-33.57083817559203,-112.96726983411298,1025.2,6.883364659523391,rehedge
2026-07-10 11:00:00,stock,ITC,short,ITC_spot_proxy,1h,-64.48982093081463,-932.1210072932438,281.25,3.627552427358323,rehedge
2026-07-10 11:00:00,stock,BHARTIARTL,long,BHARTIARTL_spot_proxy,1h,1.8791135081718267,-203.6242644767269,1915.8,0.07200011317911172,rehedge
2026-07-10 11:00:00,stock,SBIN,short,SBIN_spot_proxy,1h,-4.135717312770794,-117.10298714688378,1025.2,0.8479874778105235,rehedge
2026-07-10 12:00:00,stock,ITC,short,ITC_spot_proxy,1h,-25.299737331296456,-957.4207446245402,281.25,1.4231102248854257,rehedge
2026-07-10 12:00:00,stock,BHARTIARTL,long,BHARTIARTL_spot_proxy,1h,23.993174383499763,-179.63109009322713,1911.4,0.917211070332429,rehedge
2026-07-10 12:00:00,stock,SBIN,short,SBIN_spot_proxy,1h,151.9210651063885,34.81807795950474,1038.1,3.1541851537388386,rehedge
2026-07-10 13:00:00,stock,ITC,short,ITC_spot_proxy,1h,-25.639975689580297,-983.0607203141205,281.2,1.4419922327819958,rehedge
2026-07-10 13:00:00,stock,BHARTIARTL,long,BHARTIARTL_spot_proxy,1h,-9.730285883551232,-189.36137597677836,1913.0,3.722807379046702,rehedge
2026-07-10 13:00:00,stock,SBIN,short,SBIN_spot_proxy,1h,-11.919688711969133,22.898389247535608,1037.1,2.4723818326366374,rehedge
2026-07-10 14:00:00,stock,ITC,short,ITC_spot_proxy,1h,53.44472888103587,-929.6159914330847,281.75,0.30116104724463716,rehedge
2026-07-10 14:00:00,stock,BHARTIARTL,long,BHARTIARTL_spot_proxy,1h,-54.47944704516621,-243.84082302194457,1923.1,20.953884922511826,rehedge
2026-07-10 14:00:00,stock,SBIN,short,SBIN_spot_proxy,1h,-13.511279605349092,9.387109642186516,1036.0,2.799537134228332,rehedge
2026-07-10 15:00:00,stock,ITC,short,ITC_spot_proxy,1h,-44.44491501388552,-974.0609064469702,281.75,2.504470961032449,rehedge
2026-07-10 15:00:00,stock,BHARTIARTL,long,BHARTIARTL_spot_proxy,1h,12.628094853568143,-231.21272816837643,1920.4,0.48501986713584533,rehedge
2026-07-10 15:00:00,stock,SBIN,short,SBIN_spot_proxy,1h,-0.5921819052470543,8.794927736939462,1036.0,0.12270009076718964,rehedge
2026-07-13 09:00:00,stock,ITC,short,ITC_spot_proxy,1h,-61.76062577327275,-1035.821532220243,281.2,3.4734175934888594,rehedge
2026-07-13 09:00:00,stock,BHARTIARTL,long,BHARTIARTL_spot_proxy,1h,68.24628188918064,-162.9664462791958,1905.6,2.6010022953604524,rehedge
2026-07-13 09:00:00,stock,SBIN,short,SBIN_spot_proxy,1h,9.650637514366567,18.44556525130603,1037.3,0.20021212587304882,rehedge
2026-07-13 10:00:00,stock,ITC,short,ITC_spot_proxy,1h,6.6923455178323366,-1029.1291867024106,280.85,0.03759090477366424,rehedge
2026-07-13 10:00:00,stock,BHARTIARTL,long,BHARTIARTL_spot_proxy,1h,19.161292729488736,-143.80515354970706,1901.8,0.7288189302588336,rehedge
2026-07-13 10:00:00,stock,SBIN,short,SBIN_spot_proxy,1h,49.080205615090456,67.52577086639648,1041.4,1.022242522551104,rehedge
2026-07-13 10:00:00,stock,TCS,long,TCS_spot_proxy,1h,-15.5620484365787,-15.5620484365787,2135.0,6.644994682419106,entry
2026-07-13 11:00:00,stock,ITC,short,ITC_spot_proxy,1h,-21.919568182184094,-1051.0487548845947,280.5,1.2296877750205277,rehedge
2026-07-13 11:00:00,stock,BHARTIARTL,long,BHARTIARTL_spot_proxy,1h,6.797593242494713,-137.00756030721234,1900.7,0.25840370952019404,rehedge
2026-07-13 11:00:00,stock,SBIN,short,SBIN_spot_proxy,1h,-81.3803413761483,-13.854570509751806,1034.6,16.839220237552606,rehedge
2026-07-13 11:00:00,stock,TCS,long,TCS_spot_proxy,1h,-34.573714254721494,-50.135762691300194,2188.0,15.129457357866126,rehedge
2026-07-13 12:00:00,stock,ITC,short,ITC_spot_proxy,1h,-3.012744025982556,-1054.0614989105773,280.1,0.1687739203355428,rehedge
2026-07-13 12:00:00,stock,BHARTIARTL,long,BHARTIARTL_spot_proxy,1h,-40.981816895772255,-177.9893772029846,1907.2,15.63210423672337,rehedge
2026-07-13 12:00:00,stock,SBIN,short,SBIN_spot_proxy,1h,42.800560284811,28.94598977505919,1038.2,0.8887108337538158,rehedge
2026-07-13 12:00:00,stock,TCS,long,TCS_spot_proxy,1h,-7.534958212291343,-57.67072090359154,2197.9,3.312216930959029,rehedge
2026-07-13 13:00:00,stock,ITC,short,ITC_spot_proxy,1h,1.0605986930283962,-1053.0009002175489,280.05,0.0059404132796520475,rehedge
2026-07-13 13:00:00,stock,BHARTIARTL,long,BHARTIARTL_spot_proxy,1h,2.1754707234582042,-175.8139064795264,1906.6,0.08295504962690825,rehedge
2026-07-13 13:00:00,stock,SBIN,short,SBIN_spot_proxy,1h,-2.5209797609408575,26.42501001411833,1038.0,0.5233553983713221,rehedge
2026-07-13 13:00:00,stock,TCS,long,TCS_spot_proxy,1h,9.610021125302225,-48.06069977828931,2181.0,0.4191891214856831,rehedge
2026-07-13 14:00:00,stock,ITC,short,ITC_spot_proxy,1h,-31.532766529136097,-1084.533666746685,279.9,1.7652042703010387,rehedge
2026-07-13 14:00:00,stock,BHARTIARTL,long,BHARTIARTL_spot_proxy,1h,17.912325471834947,-157.90158100769145,1903.3,0.6818505814108691,rehedge
2026-07-13 14:00:00,stock,SBIN,short,SBIN_spot_proxy,1h,-1.3145943351018268,25.110415679016505,1037.9,0.2728834920804373,rehedge
2026-07-13 14:00:00,stock,TCS,long,TCS_spot_proxy,1h,-3.4634026411412364,-51.52410241943055,2184.5,1.5131606139146063,rehedge
2026-07-13 15:00:00,stock,ITC,short,ITC_spot_proxy,1h,-29.253614986283992,-1113.787281732969,279.65,1.6361546861828637,rehedge
2026-07-13 15:00:00,stock,BHARTIARTL,long,BHARTIARTL_spot_proxy,1h,5.074152052557054,-152.8274289551344,1901.8,0.1930004474710601,rehedge
2026-07-13 15:00:00,stock,SBIN,short,SBIN_spot_proxy,1h,-11.29903446325836,13.811381215758145,1037.0,2.3434197476797842,rehedge
2026-07-13 15:00:00,stock,TCS,long,TCS_spot_proxy,1h,2.516377248497065,-49.00772517093348,2181.5,0.10978953935192695,rehedge
2026-07-14 09:00:00,stock,ITC,short,ITC_spot_proxy,1h,-13.870028861080982,-1127.65731059405,279.4,0.7750572127572053,rehedge
2026-07-14 09:00:00,stock,BHARTIARTL,long,BHARTIARTL_spot_proxy,1h,-114.03005423834492,-266.8574831934793,1926.4,43.933499296949535,rehedge
2026-07-14 09:00:00,stock,SBIN,short,SBIN_spot_proxy,1h,-185.9352936551977,-172.12391243943958,1021.2,37.97542437613759,rehedge
2026-07-14 09:00:00,stock,TCS,long,TCS_spot_proxy,1h,-11.178794859815433,-60.186520030748916,2199.6,4.917775434730005,rehedge
2026-07-14 10:00:00,stock,ITC,short,ITC_spot_proxy,1h,-64.97677826399376,-1192.6340888580437,278.15,3.6146581748259727,rehedge
2026-07-14 10:00:00,stock,BHARTIARTL,long,BHARTIARTL_spot_proxy,1h,-3.3261222286184875,-270.1836054220978,1930.7,1.2843488373587428,rehedge
2026-07-14 10:00:00,stock,SBIN,short,SBIN_spot_proxy,1h,11.367705482935662,-160.75620695650392,1022.3,0.23242410630410254,rehedge
2026-07-14 10:00:00,stock,TCS,long,TCS_spot_proxy,1h,-0.6703779128490197,-60.856897943597936,2201.0,0.2951003572361385,rehedge
2026-07-14 10:00:00,index,NIFTY,short,spot_as_fut_proxy,1h,1.6647500810544447,1.6647500810544447,24121.3,0.8031187226027715,entry
2026-07-14 11:00:00,stock,ITC,short,ITC_spot_proxy,1h,-58.97044940178057,-1251.6045382598243,276.95,3.2663731923646258,rehedge
2026-07-14 11:00:00,stock,BHARTIARTL,long,BHARTIARTL_spot_proxy,1h,-24.738296896203337,-294.92190231830114,1935.3,9.575205196644463,rehedge
2026-07-14 11:00:00,stock,SBIN,short,SBIN_spot_proxy,1h,-2.0027852206593195,-162.75899217716324,1022.0,0.4093692991027649,rehedge
2026-07-14 11:00:00,stock,TCS,long,TCS_spot_proxy,1h,2.980025998754961,-57.876871944842975,2196.3,0.13090062202131045,rehedge
2026-07-14 11:00:00,index,NIFTY,short,spot_as_fut_proxy,1h,-12.184092548850607,-10.519342467796163,24102.2,58.73268708618143,rehedge
2026-07-14 12:00:00,stock,ITC,short,ITC_spot_proxy,1h,-26.537178631077722,-1278.141716890902,276.5,1.467505978298598,rehedge
2026-07-14 12:00:00,stock,BHARTIARTL,long,BHARTIARTL_spot_proxy,1h,-6.7230867191468064,-301.64498903744794,1936.4,2.6037170245911754,rehedge
2026-07-14 12:00:00,stock,SBIN,short,SBIN_spot_proxy,1h,-10.612584424935818,-173.37157660209905,1021.0,2.167089739571894,rehedge
2026-07-14 12:00:00,stock,TCS,long,TCS_spot_proxy,1h,3.4484256801644264,-54.42844626467855,2189.2,0.15098586998031926,rehedge
2026-07-14 12:00:00,index,NIFTY,short,spot_as_fut_proxy,1h,-9.818633289389895,-20.337975757186058,24078.0,47.28261046838598,rehedge
2026-07-14 13:00:00,stock,ITC,short,ITC_spot_proxy,1h,4.790254081908415,-1273.3514628089936,276.25,0.026466153802543996,rehedge
2026-07-14 13:00:00,stock,BHARTIARTL,long,BHARTIARTL_spot_proxy,1h,2.527999154017891,-299.11698988343005,1936.1,0.09788918324188078,rehedge
2026-07-14 13:00:00,stock,SBIN,short,SBIN_spot_proxy,1h,-23.455899465351166,-196.82747606745022,1018.5,4.777966721092033,rehedge
2026-07-14 13:00:00,stock,TCS,long,TCS_spot_proxy,1h,-1.7141756825496088,-56.14262194722816,2194.1,0.7522145730164194,rehedge
2026-07-14 13:00:00,index,NIFTY,short,spot_as_fut_proxy,1h,-5.654420945067873,-25.99239670225393,24065.05,27.214784552821122,rehedge
2026-07-14 14:00:00,stock,ITC,short,ITC_spot_proxy,1h,-45.98983710944594,-1319.3412999184395,275.65,2.5354197198437545,rehedge
2026-07-14 14:00:00,stock,BHARTIARTL,long,BHARTIARTL_spot_proxy,1h,-8.461863059201164,-307.5788529426312,1937.6,3.279141172701635,rehedge
2026-07-14 14:00:00,stock,SBIN,short,SBIN_spot_proxy,1h,-48.316064666403435,-245.14354073385365,1013.9,9.79753159305329,rehedge
2026-07-14 14:00:00,stock,TCS,long,TCS_spot_proxy,1h,-1.9761508682434226,-58.11877281547158,2196.4,0.8680835534019707,rehedge
2026-07-14 14:00:00,index,NIFTY,short,spot_as_fut_proxy,1h,-9.34198327194714,-35.33437997420107,24040.55,44.91728318968176,rehedge
2026-07-14 15:00:00,stock,ITC,short,ITC_spot_proxy,1h,12.068463101567659,-1307.2728368168719,275.55,0.06650930015273937,rehedge
2026-07-14 15:00:00,stock,BHARTIARTL,long,BHARTIARTL_spot_proxy,1h,4.749767740708251,-302.82908520192296,1936.5,0.18395850459763058,rehedge
2026-07-14 15:00:00,stock,SBIN,short,SBIN_spot_proxy,1h,15.523644219196115,-229.61989651465754,1015.4,0.3152541668034347,rehedge
2026-07-14 15:00:00,stock,TCS,long,TCS_spot_proxy,1h,-2.2943176450422627,-60.41309046051384,2200.6,1.0097750819360007,rehedge
2026-07-14 15:00:00,index,NIFTY,short,spot_as_fut_proxy,1h,8.87598696761038,-26.45839300659069,24052.05,4.269713646886265,rehedge
2026-07-15 09:00:00,stock,ITC,short,ITC_spot_proxy,1h,38.81845293112383,-1268.454383885748,277.35,0.21532595840894395,rehedge
2026-07-15 09:00:00,stock,BHARTIARTL,long,BHARTIARTL_spot_proxy,1h,-6.796562962564792,-309.62564816448776,1936.5,2.6323088354013437,rehedge
2026-07-15 09:00:00,stock,SBIN,short,SBIN_spot_proxy,1h,201.01217724503724,-28.607719269620315,1033.8,4.156127776718391,rehedge
2026-07-15 09:00:00,stock,TCS,long,TCS_spot_proxy,1h,16.33076902095312,-44.08232143956072,2175.0,0.7103884524114608,rehedge
2026-07-15 09:00:00,index,NIFTY,short,spot_as_fut_proxy,1h,60.390419074953606,33.932026068362916,24184.95,29.21078531613599,rehedge
2026-07-15 10:00:00,stock,ITC,short,ITC_spot_proxy,1h,-11.082313221974118,-1279.5366971077221,277.3,0.6146250912906847,rehedge
2026-07-15 10:00:00,stock,BHARTIARTL,long,BHARTIARTL_spot_proxy,1h,-0.661495114313766,-310.2871432788015,1936.8,0.2562367474805804,rehedge
2026-07-15 10:00:00,stock,SBIN,short,SBIN_spot_proxy,1h,-51.84605205669243,-80.45377132631275,1029.7,10.677175960555239,rehedge
2026-07-15 10:00:00,stock,TCS,long,TCS_spot_proxy,1h,-7.6277272152432545,-51.71004865480398,2184.9,3.3331642385169973,rehedge
2026-07-15 10:00:00,index,NIFTY,short,spot_as_fut_proxy,1h,-0.16034203760936805,33.77168403075355,24185.0,0.7755744359165133,rehedge
2026-07-15 11:00:00,stock,ITC,short,ITC_spot_proxy,1h,-20.948963815050092,-1300.4856609227722,276.95,1.1603631057156247,rehedge
2026-07-15 11:00:00,stock,BHARTIARTL,long,BHARTIARTL_spot_proxy,1h,23.238838438330106,-287.0483048404714,1932.7,0.898274060995212,rehedge
2026-07-15 11:00:00,stock,SBIN,short,SBIN_spot_proxy,1h,-33.75380439022642,-114.20757571653917,1027.0,6.933031421752507,rehedge
2026-07-15 11:00:00,stock,TCS,long,TCS_spot_proxy,1h,-4.30664388954866,-56.01669254435264,2190.0,1.8863100236223131,rehedge
2026-07-15 11:00:00,index,NIFTY,short,spot_as_fut_proxy,1h,-2.648322541117551,31.123361489635997,24180.8,12.807711540451056,rehedge
2026-07-15 12:00:00,stock,ITC,short,ITC_spot_proxy,1h,-56.137565997195,-1356.6232269199672,275.9,3.09767089172522,rehedge
2026-07-15 12:00:00,stock,BHARTIARTL,long,BHARTIARTL_spot_proxy,1h,27.184116131229757,-259.86418870924166,1922.0,1.044957424084472,rehedge
2026-07-15 12:00:00,stock,SBIN,short,SBIN_spot_proxy,1h,2.7406983889361527,-111.46687732760302,1027.1,0.056299426305526444,rehedge
2026-07-15 12:00:00,stock,TCS,long,TCS_spot_proxy,1h,7.230575464571956,-48.78611707978068,2180.0,0.31525309025533726,rehedge
2026-07-15 12:00:00,index,NIFTY,short,spot_as_fut_proxy,1h,-61.81756553578657,-30.69420404615057,24054.0,297.39194427956204,rehedge
2026-07-15 13:00:00,stock,ITC,short,ITC_spot_proxy,1h,44.05749817596734,-1312.565728744,276.7,0.24381419490580325,rehedge
2026-07-15 13:00:00,stock,BHARTIARTL,long,BHARTIARTL_spot_proxy,1h,-3.8965033251126897,-263.76069203435435,1922.4,1.4981275984393272,rehedge
2026-07-15 13:00:00,stock,SBIN,short,SBIN_spot_proxy,1h,-37.07384124738056,-148.54071857498357,1024.0,7.592722687463539,rehedge
2026-07-15 13:00:00,stock,TCS,long,TCS_spot_proxy,1h,-10.572008601630934,-59.358125681411614,2195.9,4.643014737664274,rehedge
2026-07-15 13:00:00,index,NIFTY,short,spot_as_fut_proxy,1h,6.733189765840677,-23.961014280309893,24078.35,3.242481995966598,rehedge
2026-07-15 14:00:00,stock,ITC,short,ITC_spot_proxy,1h,3.724247546296283,-1308.8414811977036,277.05,0.020636055654027707,rehedge
2026-07-15 14:00:00,stock,BHARTIARTL,long,BHARTIARTL_spot_proxy,1h,12.083340441676512,-251.67735159267784,1921.0,0.46424193976921163,rehedge
2026-07-15 14:00:00,stock,SBIN,short,SBIN_spot_proxy,1h,52.694211467393316,-95.84650710759026,1028.7,1.0841307067301502,rehedge
2026-07-15 14:00:00,stock,TCS,long,TCS_spot_proxy,1h,3.606801859038036,-55.75132382237358,2188.4,0.15786250376637678,rehedge
2026-07-15 14:00:00,index,NIFTY,short,spot_as_fut_proxy,1h,-5.086140474089845,-29.047154754399738,24067.85,24.482493201864653,rehedge
2026-07-15 15:00:00,stock,ITC,short,ITC_spot_proxy,1h,-10.476226007172272,-1319.317707204876,276.65,0.5796495849768418,rehedge
2026-07-15 15:00:00,stock,BHARTIARTL,long,BHARTIARTL_spot_proxy,1h,12.70358691960783,-238.97376467307,1918.3,0.48738581575767403,rehedge
2026-07-15 15:00:00,stock,SBIN,short,SBIN_spot_proxy,1h,16.273867508555497,-79.57263959903476,1030.1,0.3352742184112603,rehedge
2026-07-15 15:00:00,stock,TCS,long,TCS_spot_proxy,1h,-0.5185475098794896,-56.26987133225307,2189.2,0.2270408417256357,rehedge
2026-07-15 15:00:00,index,NIFTY,short,spot_as_fut_proxy,1h,5.097349234186062,-23.949805520213676,24078.5,2.4547304707069824,rehedge
2026-07-16 09:00:00,stock,ITC,short,ITC_spot_proxy,1h,0.8746904728930076,-1318.4430167319829,277.55,0.004855406815029086,rehedge
2026-07-16 09:00:00,stock,BHARTIARTL,long,BHARTIARTL_spot_proxy,1h,-45.24231342031689,-284.2160780933869,1925.5,17.422814898164035,rehedge
2026-07-16 09:00:00,stock,SBIN,short,SBIN_spot_proxy,1h,-14.751550967313733,-94.32419056634849,1029.2,3.036459251111859,rehedge
2026-07-16 09:00:00,stock,TCS,long,TCS_spot_proxy,1h,-11.994625896248913,-68.26449722850198,2206.7,5.293708193050494,rehedge
2026-07-16 09:00:00,index,NIFTY,short,spot_as_fut_proxy,1h,18.326246021667647,-5.6235594985460295,24128.1,8.843549932707983,rehedge
2026-07-16 10:00:00,stock,ITC,short,ITC_spot_proxy,1h,15.110729259846494,-1303.3322874721364,278.0,0.08401565468474652,rehedge
2026-07-16 10:00:00,stock,BHARTIARTL,long,BHARTIARTL_spot_proxy,1h,12.818158218073961,-271.39791987531294,1923.4,0.49308891033286917,rehedge
2026-07-16 10:00:00,stock,SBIN,short,SBIN_spot_proxy,1h,68.82203668697011,-25.502153879378376,1034.6,1.4240655831267854,rehedge
2026-07-16 10:00:00,stock,TCS,long,TCS_spot_proxy,1h,-4.109398708332691,-72.37389593683467,2212.6,1.8184911164113824,rehedge
2026-07-16 10:00:00,index,NIFTY,short,spot_as_fut_proxy,1h,31.398632394225707,25.775072895679678,24168.6,15.177219737661668,rehedge
2026-07-16 10:00:00,index,NIFTY,short,spot_as_fut_proxy,1h,-25.775072895679678,0.0,24168.6,124.58948535730477,flatten
2026-07-16 11:00:00,stock,ITC,short,ITC_spot_proxy,1h,1.3869328201374174,-1301.945354651999,278.25,0.0077182811440647285,rehedge
2026-07-16 11:00:00,stock,BHARTIARTL,long,BHARTIARTL_spot_proxy,1h,-11.93317363761986,-283.3310935129328,1930.1,4.606443687594018,rehedge
2026-07-16 11:00:00,stock,SBIN,short,SBIN_spot_proxy,1h,-62.6385866957855,-88.14074057516387,1029.9,12.902296087597898,rehedge
2026-07-16 11:00:00,stock,TCS,long,TCS_spot_proxy,1h,-8.988869858527266,-81.36276579536194,2228.6,4.006519073342773,rehedge
2026-07-16 12:00:00,stock,ITC,short,ITC_spot_proxy,1h,59.7030097049219,-1242.242344947077,279.65,0.3339189332796281,rehedge
2026-07-16 12:00:00,stock,BHARTIARTL,long,BHARTIARTL_spot_proxy,1h,-17.672433649255026,-301.0035271621878,1934.6,6.837818027569756,rehedge
2026-07-16 12:00:00,stock,SBIN,short,SBIN_spot_proxy,1h,-12.357448389990793,-100.49818896515467,1028.9,2.542915729692306,rehedge
2026-07-16 12:00:00,stock,TCS,long,TCS_spot_proxy,1h,7.453362244163458,-73.90940355119848,2216.7,0.33043736173274274,rehedge
2026-07-16 13:00:00,stock,ITC,short,ITC_spot_proxy,1h,6.687162262031961,-1235.555182685045,279.85,0.037428047180592894,rehedge
2026-07-16 13:00:00,stock,BHARTIARTL,long,BHARTIARTL_spot_proxy,1h,3.9354512126690793,-297.06807594951874,1928.3,0.15177461146779572,rehedge
2026-07-16 13:00:00,stock,SBIN,short,SBIN_spot_proxy,1h,55.65978491012302,-44.838404055031646,1033.3,1.1502651149526024,rehedge
2026-07-16 13:00:00,stock,TCS,long,TCS_spot_proxy,1h,1.6154572567663337,-72.29394629443215,2214.6,0.07155183281669446,rehedge
2026-07-16 14:00:00,stock,ITC,short,ITC_spot_proxy,1h,-38.54585303977842,-1274.1010357248235,279.2,2.152400433741227,rehedge
2026-07-16 14:00:00,stock,BHARTIARTL,long,BHARTIARTL_spot_proxy,1h,-5.761132891768682,-302.8292088412874,1928.8,2.222414624328687,rehedge
2026-07-16 14:00:00,stock,SBIN,short,SBIN_spot_proxy,1h,-13.035795904568758,-57.8741999596004,1032.4,2.6916311383753575,rehedge
2026-07-16 14:00:00,stock,TCS,long,TCS_spot_proxy,1h,2.2763926053540473,-70.0175536890781,2211.6,0.10068939772002024,rehedge
2026-07-16 15:00:00,stock,ITC,short,ITC_spot_proxy,1h,23.37590853284223,-1250.7251271919813,279.35,0.13060120097298958,rehedge
2026-07-16 15:00:00,stock,BHARTIARTL,long,BHARTIARTL_spot_proxy,1h,41.888897160810586,-260.94031168047684,1921.8,1.6100416512729159,rehedge
2026-07-16 15:00:00,stock,SBIN,short,SBIN_spot_proxy,1h,-17.061330500466937,-74.93553046006734,1031.2,3.5187288024163013,rehedge
2026-07-16 15:00:00,stock,TCS,long,TCS_spot_proxy,1h,7.066352971494169,-62.95120071758393,2201.0,0.31106085780517334,rehedge
2026-07-17 09:00:00,stock,ITC,short,ITC_spot_proxy,1h,20.366376168857414,-1230.358751023124,279.9,0.11401097379326382,rehedge
2026-07-17 09:00:00,stock,BHARTIARTL,long,BHARTIARTL_spot_proxy,1h,24.187037011580458,-236.75327466889638,1917.5,0.9275728693941107,rehedge
2026-07-17 09:00:00,stock,SBIN,short,SBIN_spot_proxy,1h,120.17336561546921,45.23783515540186,1040.1,2.4998463515329905,rehedge
2026-07-17 09:00:00,stock,TCS,long,TCS_spot_proxy,1h,-19.60531961182383,-82.55652032940776,2233.5,8.757696270601706,rehedge
2026-07-17 10:00:00,stock,ITC,short,ITC_spot_proxy,1h,-18.93584840111589,-1249.2945994242398,280.1,1.0607862274305124,rehedge
2026-07-17 10:00:00,stock,BHARTIARTL,long,BHARTIARTL_spot_proxy,1h,35.96266125802293,-200.79061341087345,1911.7,1.3749963905392488,rehedge
2026-07-17 10:00:00,stock,SBIN,short,SBIN_spot_proxy,1h,30.051464245737343,75.2892994011392,1042.4,0.6265129265951322,rehedge
2026-07-17 10:00:00,stock,TCS,long,TCS_spot_proxy,1h,-0.29158691852369145,-82.84810724793145,2234.2,0.1302926986731263,rehedge
2026-07-17 10:00:00,index,NIFTY,short,spot_as_fut_proxy,1h,14.37933094104146,14.37933094104146,24257.0,6.975988612736854,entry
2026-07-17 11:00:00,stock,ITC,short,ITC_spot_proxy,1h,-28.8907726144746,-1278.1853720387144,279.6,1.61557200460142,rehedge
2026-07-17 11:00:00,stock,BHARTIARTL,long,BHARTIARTL_spot_proxy,1h,9.905796373865684,-190.88481703700776,1910.1,0.37842123307441683,rehedge
2026-07-17 11:00:00,stock,SBIN,short,SBIN_spot_proxy,1h,-33.30746562972887,41.98183377141034,1039.9,6.927286701671012,rehedge
2026-07-17 11:00:00,stock,TCS,long,TCS_spot_proxy,1h,-12.065549100064672,-94.91365634799612,2254.4,5.44011477823716,rehedge
2026-07-17 11:00:00,index,NIFTY,short,spot_as_fut_proxy,1h,14.102340620145661,28.48167156118712,24277.85,6.847490204496067,rehedge
2026-07-17 12:00:00,stock,ITC,short,ITC_spot_proxy,1h,46.602557962389255,-1231.5828140763251,280.7,0.2616267604008533,rehedge
2026-07-17 12:00:00,stock,BHARTIARTL,long,BHARTIARTL_spot_proxy,1h,3.493899807854916,-187.39091722915285,1905.4,0.13314553387773514,rehedge
2026-07-17 12:00:00,stock,SBIN,short,SBIN_spot_proxy,1h,9.789978074918892,51.77181184632923,1040.6,0.203749023695212,rehedge
2026-07-17 12:00:00,stock,TCS,long,TCS_spot_proxy,1h,-4.150260306525183,-99.06391665452131,2266.0,1.8808979709172131,rehedge
2026-07-17 12:00:00,index,NIFTY,short,spot_as_fut_proxy,1h,3.413864769049674,31.895536330236794,24283.3,1.657998046925279,rehedge
2026-07-17 13:00:00,stock,ITC,short,ITC_spot_proxy,1h,-0.2844299244402464,-1231.8672440007654,281.0,0.01598496175354185,rehedge
2026-07-17 13:00:00,stock,BHARTIARTL,long,BHARTIARTL_spot_proxy,1h,4.552934073932107,-182.83798315522074,1904.6,0.17343036474422183,rehedge
2026-07-17 13:00:00,stock,SBIN,short,SBIN_spot_proxy,1h,-5.462769615642458,46.30904223068677,1040.2,1.136474590838257,rehedge
2026-07-17 13:00:00,stock,TCS,long,TCS_spot_proxy,1h,-3.507678506829123,-102.57159516135043,2270.7,1.592977117091378,rehedge
2026-07-17 13:00:00,index,NIFTY,short,spot_as_fut_proxy,1h,-22.607306899102532,9.288229431134262,24250.1,109.64589060678527,rehedge
2026-07-17 14:00:00,stock,ITC,short,ITC_spot_proxy,1h,-11.002392246206227,-1242.8696362469716,280.9,0.6181143963918658,rehedge
2026-07-17 14:00:00,stock,BHARTIARTL,long,BHARTIARTL_spot_proxy,1h,-24.673951904983937,-207.51193506020468,1907.8,9.414593088865672,rehedge
2026-07-17 14:00:00,stock,SBIN,short,SBIN_spot_proxy,1h,64.55875963505557,110.86780186574234,1044.7,1.348890723814851,rehedge
2026-07-17 14:00:00,stock,TCS,long,TCS_spot_proxy,1h,-0.8436878680381028,-103.41528302938853,2266.0,0.38235934179486825,rehedge
2026-07-17 14:00:00,index,NIFTY,short,spot_as_fut_proxy,1h,46.09777871486335,55.386008145997614,24311.75,22.41435343342158,rehedge
2026-07-17 15:00:00,stock,ITC,short,ITC_spot_proxy,1h,0.07034072191322593,-1242.7992955250584,280.7,0.00039489281282085043,rehedge
2026-07-17 15:00:00,stock,BHARTIARTL,long,BHARTIARTL_spot_proxy,1h,-17.105486091660964,-224.61742115186564,1908.8,6.53019037035249,rehedge
2026-07-17 15:00:00,stock,SBIN,short,SBIN_spot_proxy,1h,-3.2470475646101704,107.62075430113217,1044.3,0.6781783543444801,rehedge
2026-07-17 15:00:00,stock,TCS,long,TCS_spot_proxy,1h,-2.733183058295026,-106.14846608768356,2269.0,1.240318471854283,rehedge
2026-07-17 15:00:00,index,NIFTY,short,spot_as_fut_proxy,1h,29.340852737688415,84.72686088368603,24334.3,14.279782255494624,rehedge
2026-07-20 09:00:00,stock,ITC,short,ITC_spot_proxy,1h,-68.39911864564078,-1311.1984141706992,280.7,3.839926520766274,rehedge
2026-07-20 09:00:00,stock,ITC,short,ITC_spot_proxy,1h,1311.1984141706992,0.0,280.7,7.361067897154305,flatten
2026-07-20 09:00:00,stock,BHARTIARTL,long,BHARTIARTL_spot_proxy,1h,-75.12638711075721,-299.74380826262285,1931.1,29.015313229916647,rehedge
2026-07-20 09:00:00,stock,SBIN,short,SBIN_spot_proxy,1h,-8.9720566676488,98.64869763348337,1044.2,1.8737243144717757,rehedge
2026-07-20 09:00:00,stock,TCS,long,TCS_spot_proxy,1h,10.699210962210856,-95.4492551254727,2259.5,0.4834973433823086,rehedge
2026-07-20 09:00:00,index,NIFTY,short,spot_as_fut_proxy,1h,-115.27912525463128,-30.55226437094526,24190.25,557.7261719381689,rehedge
2026-07-20 10:00:00,stock,BHARTIARTL,long,BHARTIARTL_spot_proxy,1h,-17.744011735312938,-317.4878199979358,1934.0,6.863383739219045,rehedge
2026-07-20 10:00:00,stock,SBIN,short,SBIN_spot_proxy,1h,6.21080792734621,104.85950556082958,1044.5,0.12974377760226233,rehedge
2026-07-20 10:00:00,stock,TCS,long,TCS_spot_proxy,1h,-3.047667607025275,-98.49692273249798,2260.1,1.377606711727565,rehedge
2026-07-20 10:00:00,index,NIFTY,short,spot_as_fut_proxy,1h,20.31091801653571,-10.241346354409552,24228.65,9.84212247602676,rehedge
2026-07-20 10:00:00,stock,HDFCBANK,long,HDFCBANK_spot_proxy,1h,-57.35029320371733,-57.35029320371733,780.05,8.94721924271194,entry
2026-07-20 10:00:00,stock,INFY,short,INFY_spot_proxy,1h,23.41355685544835,23.41355685544835,1094.3,0.5124291053383426,entry
2026-07-20 11:00:00,stock,BHARTIARTL,long,BHARTIARTL_spot_proxy,1h,-13.006838367753119,-330.4946583656889,1936.8,5.038328910132848,rehedge
2026-07-20 11:00:00,stock,SBIN,short,SBIN_spot_proxy,1h,-30.30554100811034,74.55396455271924,1042.5,6.318705300191006,rehedge
2026-07-20 11:00:00,stock,TCS,long,TCS_spot_proxy,1h,4.6208156216203236,-93.87610711087765,2250.0,0.20793670297291458,rehedge
2026-07-20 11:00:00,index,NIFTY,short,spot_as_fut_proxy,1h,-19.062594886163204,-29.303941240572758,24189.5,92.22292779976897,rehedge
2026-07-20 11:00:00,stock,HDFCBANK,long,HDFCBANK_spot_proxy,1h,-2.1740419050149242,-59.52433510873225,780.4,0.33932446053472937,rehedge
2026-07-20 11:00:00,stock,INFY,short,INFY_spot_proxy,1h,-13.446791691314065,9.966765164134284,1088.8,2.9281733587005507,rehedge
2026-07-20 12:00:00,stock,BHARTIARTL,long,BHARTIARTL_spot_proxy,1h,10.95644652005177,-319.53821184563714,1934.7,0.42394874164688323,rehedge
2026-07-20 12:00:00,stock,SBIN,short,SBIN_spot_proxy,1h,44.2920311233847,118.84599567610394,1045.3,0.9259692026654807,rehedge
2026-07-20 12:00:00,stock,TCS,long,TCS_spot_proxy,1h,-2.46499653451545,-96.3411036453931,2257.0,1.1126994356802742,rehedge
2026-07-20 12:00:00,index,NIFTY,short,spot_as_fut_proxy,1h,-1.9432310599926161,-31.247172300565374,24186.8,9.400108200365882,rehedge
2026-07-20 12:00:00,stock,HDFCBANK,long,HDFCBANK_spot_proxy,1h,7.430718614137966,-52.093616494594286,779.4,0.11583004175718262,rehedge
2026-07-20 12:00:00,stock,INFY,short,INFY_spot_proxy,1h,2.017001207928292,11.983766372062576,1089.5,0.04395045632075749,rehedge
2026-07-20 13:00:00,stock,BHARTIARTL,long,BHARTIARTL_spot_proxy,1h,-25.225387410525514,-344.76359925616265,1937.9,9.77685565257148,rehedge
2026-07-20 13:00:00,stock,SBIN,short,SBIN_spot_proxy,1h,134.32593999060725,253.1719356667112,1054.2,2.832128118761964,rehedge
2026-07-20 13:00:00,stock,TCS,long,TCS_spot_proxy,1h,0.46003286022836676,-95.88107078516474,2254.8,0.020745641864858434,rehedge
2026-07-20 13:00:00,index,NIFTY,short,spot_as_fut_proxy,1h,27.884231546423635,-3.3629407541417384,24254.65,13.526445533549282,rehedge
2026-07-20 13:00:00,stock,HDFCBANK,long,HDFCBANK_spot_proxy,1h,-4.6600688826029355,-56.75368537719722,779.95,0.7269241449972319,rehedge
2026-07-20 13:00:00,stock,INFY,short,INFY_spot_proxy,1h,0.3677893084584447,12.35155568052102,1089.8,0.00801633576716026,rehedge
2026-07-20 14:00:00,stock,BHARTIARTL,long,BHARTIARTL_spot_proxy,1h,4.951266545046735,-339.8123327111159,1936.6,0.19177245582275015,rehedge
2026-07-20 14:00:00,stock,SBIN,short,SBIN_spot_proxy,1h,88.67290397696883,341.84483964368,1060.5,1.880752293351509,rehedge
2026-07-20 14:00:00,stock,TCS,long,TCS_spot_proxy,1h,-1.4566641520767547,-97.33773493724149,2256.4,0.6573633985491979,rehedge
2026-07-20 14:00:00,index,NIFTY,short,spot_as_fut_proxy,1h,-18.291152217747154,-21.654092971888893,24230.7,88.64148440851321,rehedge
2026-07-20 14:00:00,stock,HDFCBANK,long,HDFCBANK_spot_proxy,1h,4.261884433027959,-52.49180094416926,779.4,0.06643425454203983,rehedge
2026-07-20 14:00:00,stock,INFY,short,INFY_spot_proxy,1h,-1.841370634439432,10.510185046081588,1088.9,0.4010136967682196,rehedge
2026-07-20 15:00:00,stock,BHARTIARTL,long,BHARTIARTL_spot_proxy,1h,-19.56837191963308,-359.380704630749,1940.1,7.592919672256027,rehedge
2026-07-20 15:00:00,stock,SBIN,short,SBIN_spot_proxy,1h,3.547375430398006,345.392215074078,1060.0,0.07520435912443774,rehedge
2026-07-20 15:00:00,stock,TCS,long,TCS_spot_proxy,1h,2.3428634342973,-94.99487150294419,2251.1,0.10548039753893304,rehedge
2026-07-20 15:00:00,index,NIFTY,short,spot_as_fut_proxy,1h,-628.3459070281111,-650.0,24238.5,3046.0324535001746,rehedge
2026-07-20 15:00:00,index,NIFTY,short,spot_as_fut_proxy,1h,650.0,0.0,24238.5,315.1005,flatten
2026-07-20 15:00:00,stock,HDFCBANK,long,HDFCBANK_spot_proxy,1h,13.698797517770508,-38.793003426398755,777.6,0.21304369899636696,rehedge
2026-07-20 15:00:00,stock,INFY,short,INFY_spot_proxy,1h,-4.982645780739947,5.527539265341641,1087.1,1.0833268456484793,rehedge
2026-07-21 09:00:00,stock,BHARTIARTL,long,BHARTIARTL_spot_proxy,1h,17.92672564290831,-341.4539789878407,1946.8,0.6979949896322779,rehedge
2026-07-21 09:00:00,stock,SBIN,short,SBIN_spot_proxy,1h,-62.41550040213161,282.9767146719464,1056.5,13.188395234970411,rehedge
2026-07-21 09:00:00,stock,TCS,long,TCS_spot_proxy,1h,7.437232959817791,-87.5576385431264,2235.3,0.3324889367016142,rehedge
2026-07-21 09:00:00,stock,HDFCBANK,long,HDFCBANK_spot_proxy,1h,62.601797391548345,23.80879396514959,769.7,0.9636920690454954,rehedge
2026-07-21 09:00:00,stock,INFY,short,INFY_spot_proxy,1h,-27.30903639734885,-21.78149713200721,1078.0,5.887828247268413,rehedge
2026-07-21 10:00:00,stock,BHARTIARTL,long,BHARTIARTL_spot_proxy,1h,8.889624188730693,-332.56435479911,1946.7,0.3461086281640408,rehedge
2026-07-21 10:00:00,stock,BHARTIARTL,long,BHARTIARTL_spot_proxy,1h,332.56435479911,0.0,1946.7,12.94806058974855,flatten
2026-07-21 10:00:00,stock,SBIN,short,SBIN_spot_proxy,1h,-50.428532130382166,232.54818254156424,1052.9,10.619240296015878,rehedge
2026-07-21 10:00:00,stock,SBIN,short,SBIN_spot_proxy,1h,-232.54818254156424,0.0,1052.9,48.969996279602604,flatten
2026-07-21 10:00:00,stock,TCS,long,TCS_spot_proxy,1h,5.984137680904311,-81.57350086222209,2225.6,0.2663659364524127,rehedge
2026-07-21 10:00:00,stock,HDFCBANK,long,HDFCBANK_spot_proxy,1h,24.89063960868726,48.69943357383685,766.7,0.38167306775961046,rehedge
2026-07-21 10:00:00,stock,INFY,short,INFY_spot_proxy,1h,-28.503821303537883,-50.28531843554509,1068.0,6.088416230435692,rehedge
2026-07-21 11:00:00,stock,TCS,long,TCS_spot_proxy,1h,-1.5040652023089365,-83.07756606453103,2228.3,0.6703016980610007,rehedge
2026-07-21 11:00:00,stock,HDFCBANK,long,HDFCBANK_spot_proxy,1h,5.48501926847694,54.18445284231379,765.8,0.08400855511599281,rehedge
2026-07-21 11:00:00,stock,INFY,short,INFY_spot_proxy,1h,26.079196892424353,-24.20612154312074,1077.3,0.5619023762441752,rehedge
2026-07-21 12:00:00,stock,TCS,long,TCS_spot_proxy,1h,5.026335299327798,-78.05123076520323,2221.6,0.2233301300197327,rehedge
2026-07-21 12:00:00,stock,HDFCBANK,long,HDFCBANK_spot_proxy,1h,0.13676460911577948,54.32121745142957,766.0,0.0020952338116537418,rehedge
2026-07-21 12:00:00,stock,INFY,short,INFY_spot_proxy,1h,-16.612128979271755,-40.818250522392496,1071.4,3.5596469976783522,rehedge
2026-07-21 13:00:00,stock,TCS,long,TCS_spot_proxy,1h,-4.229825197207958,-82.28105596241119,2226.0,1.8831181777969832,rehedge
2026-07-21 13:00:00,stock,HDFCBANK,long,HDFCBANK_spot_proxy,1h,27.896369327766443,82.21758677919601,762.15,0.4252243576631439,rehedge
2026-07-21 13:00:00,stock,INFY,short,INFY_spot_proxy,1h,-1.9093093175805578,-42.727559839973054,1070.9,0.4089358696394039,rehedge
2026-07-21 14:00:00,stock,TCS,long,TCS_spot_proxy,1h,0.5281890432668632,-81.75286691914432,2227.1,0.023526596365192623,rehedge
2026-07-21 14:00:00,stock,HDFCBANK,long,HDFCBANK_spot_proxy,1h,3.7181092189244396,85.93569599812045,761.6,0.056634239622657075,rehedge
2026-07-21 14:00:00,stock,INFY,short,INFY_spot_proxy,1h,9.995153035120111,-32.73240680485294,1074.9,0.2148757999490122,rehedge
2026-07-21 15:00:00,stock,TCS,long,TCS_spot_proxy,1h,4.920831127860012,-76.83203579128431,2221.1,0.21859316036179746,rehedge
2026-07-21 15:00:00,stock,HDFCBANK,long,HDFCBANK_spot_proxy,1h,-1.7215670940517498,84.2141289040687,761.45,0.262177452753141,rehedge
2026-07-21 15:00:00,stock,INFY,short,INFY_spot_proxy,1h,-1.3199522230357843,-34.05235902788873,1073.5,0.2833937422857829,rehedge
2026-07-22 09:00:00,stock,TCS,long,TCS_spot_proxy,1h,2.758379050300178,-74.07365674098413,2213.8,0.1221299908310907,rehedge
2026-07-22 09:00:00,stock,HDFCBANK,long,HDFCBANK_spot_proxy,1h,58.02477940918308,142.23890831325178,754.8,0.8759420699610279,rehedge
2026-07-22 09:00:00,stock,INFY,short,INFY_spot_proxy,1h,-28.14459087679557,-62.196949904684296,1064.7,5.993109181304849,rehedge
2026-07-22 10:00:00,stock,TCS,long,TCS_spot_proxy,1h,-3.4926269128904295,-77.56628365387456,2218.4,1.549608708711226,rehedge
2026-07-22 10:00:00,stock,HDFCBANK,long,HDFCBANK_spot_proxy,1h,11.465308945643955,153.70421725889574,753.55,0.17279367111980004,rehedge
2026-07-22 10:00:00,stock,INFY,short,INFY_spot_proxy,1h,-10.429627733617842,-72.62657763830214,1060.8,2.2127498199643614,rehedge
2026-07-22 10:00:00,index,NIFTY,short,spot_as_fut_proxy,1h,-7.167428201373945,-7.167428201373945,24025.95,34.44085431896007,entry
2026-07-22 11:00:00,stock,TCS,long,TCS_spot_proxy,1h,-0.0642046056340746,-77.63048825950864,2222.4,0.02853766311223348,rehedge
2026-07-22 11:00:00,stock,HDFCBANK,long,HDFCBANK_spot_proxy,1h,-7.713582788281741,145.990634470614,754.65,1.164211050235363,rehedge
2026-07-22 11:00:00,stock,INFY,short,INFY_spot_proxy,1h,-7.106515256981467,-79.7330928952836,1057.7,1.5033122374618597,rehedge
2026-07-22 11:00:00,index,NIFTY,short,spot_as_fut_proxy,1h,-5.22865700541722,-12.396085206791165,24022.0,25.12055971682649,rehedge
2026-07-22 12:00:00,stock,TCS,long,TCS_spot_proxy,1h,9.11301494531692,-68.51747331419172,2206.4,0.4021391235069451,rehedge
2026-07-22 12:00:00,stock,HDFCBANK,long,HDFCBANK_spot_proxy,1h,19.743959129761322,165.73459360037532,751.85,0.29688991343422105,rehedge
2026-07-22 12:00:00,stock,INFY,short,INFY_spot_proxy,1h,-10.636442716629631,-90.36953561191324,1049.2,2.231951139657562,rehedge
2026-07-22 12:00:00,index,NIFTY,short,spot_as_fut_proxy,1h,-21.537361343510625,-33.93344655030179,24003.6,103.39484134901832,rehedge
2026-07-22 13:00:00,stock,TCS,long,TCS_spot_proxy,1h,0.28046974193924257,-68.23700357225248,2206.1,0.012374885953843262,rehedge
2026-07-22 13:00:00,stock,HDFCBANK,long,HDFCBANK_spot_proxy,1h,6.678340401799318,172.41293400217464,751.0,0.10030867283502576,rehedge
2026-07-22 13:00:00,stock,INFY,short,INFY_spot_proxy,1h,-4.730153634689756,-95.09968924660299,1047.9,0.9913455987582793,rehedge
2026-07-22 13:00:00,index,NIFTY,short,spot_as_fut_proxy,1h,-30.481010658973325,-64.41445720927511,23976.5,146.16559041297478,rehedge
2026-07-22 14:00:00,stock,TCS,long,TCS_spot_proxy,1h,-2.0011311208303084,-70.23813469308278,2209.6,0.88433986491733,rehedge
2026-07-22 14:00:00,stock,HDFCBANK,long,HDFCBANK_spot_proxy,1h,-6.019562071968721,166.39337193020592,751.8,0.905101353141217,rehedge
2026-07-22 14:00:00,stock,INFY,short,INFY_spot_proxy,1h,10.707623044005302,-84.39206620259769,1050.2,0.2249029144162874,rehedge
2026-07-22 14:00:00,index,NIFTY,short,spot_as_fut_proxy,1h,2.97244842065561,-61.4420087886195,23979.9,1.4255803176495894,rehedge
2026-07-22 15:00:00,stock,TCS,long,TCS_spot_proxy,1h,1.1451797879900596,-69.09295490509272,2208.3,0.05057801051636898,rehedge
2026-07-22 15:00:00,stock,HDFCBANK,long,HDFCBANK_spot_proxy,1h,-5.969229963505626,160.4241419667003,753.15,0.8991451094028524,rehedge
2026-07-22 15:00:00,stock,INFY,short,INFY_spot_proxy,1h,3.733992973917836,-80.65807322867985,1052.1,0.0785706801571791,rehedge
2026-07-22 15:00:00,index,NIFTY,short,spot_as_fut_proxy,1h,17.73909031310675,-43.70291847551275,23996.25,8.513432918517758,rehedge
2026-07-23 09:00:00,stock,TCS,long,TCS_spot_proxy,1h,-1.7138432326324704,-70.8067981377252,2209.0,0.7571759401770254,rehedge
2026-07-23 09:00:00,stock,HDFCBANK,long,HDFCBANK_spot_proxy,1h,49.89523277443888,210.31937474113917,747.05,0.7454846728828913,rehedge
2026-07-23 09:00:00,stock,INFY,short,INFY_spot_proxy,1h,-36.69799161604355,-117.3560648447234,1042.5,7.651531251945081,rehedge
2026-07-23 09:00:00,index,NIFTY,short,spot_as_fut_proxy,1h,-80.97804236604233,-124.68096084155509,23942.95,387.77064389360663,rehedge
2026-07-23 10:00:00,stock,TCS,long,TCS_spot_proxy,1h,-7.5411307509148315,-78.34792888864003,2218.3,3.345698068950875,rehedge
2026-07-23 10:00:00,stock,HDFCBANK,long,HDFCBANK_spot_proxy,1h,-4.843362261576317,205.47601247956285,747.8,0.724373259841354,rehedge
2026-07-23 10:00:00,stock,INFY,short,INFY_spot_proxy,1h,7.434381436455979,-109.92168340826743,1046.3,0.15557186593927783,rehedge
2026-07-23 10:00:00,index,NIFTY,short,spot_as_fut_proxy,1h,43.454567163217106,-81.22639367833798,23977.3,20.838463864852113,rehedge
2026-07-23 10:00:00,stock,BAJFINANCE,short,BAJFINANCE_spot_proxy,1h,24.642641803381654,24.642641803381654,1051.0,0.5179883307070824,entry
2026-07-23 11:00:00,stock,TCS,long,TCS_spot_proxy,1h,-5.257652550111217,-83.60558143875124,2226.0,2.3407069153095144,rehedge
2026-07-23 11:00:00,stock,HDFCBANK,long,HDFCBANK_spot_proxy,1h,15.442654620155622,220.91866709971848,745.75,0.23032719365962115,rehedge
2026-07-23 11:00:00,stock,INFY,short,INFY_spot_proxy,1h,30.847970469829477,-79.07371293843795,1052.4,0.649288082448971,rehedge
2026-07-23 11:00:00,index,NIFTY,short,spot_as_fut_proxy,1h,-33.77039812968306,-114.99679180802104,23953.5,161.78384631987265,rehedge
2026-07-23 11:00:00,stock,BAJFINANCE,short,BAJFINANCE_spot_proxy,1h,1.0107020684788424,25.653343871860496,1052.2,0.02126921432906876,rehedge
2026-07-23 12:00:00,stock,TCS,long,TCS_spot_proxy,1h,4.171073087593612,-79.43450835115763,2223.2,0.18546259376676238,rehedge
2026-07-23 12:00:00,stock,HDFCBANK,long,HDFCBANK_spot_proxy,1h,13.606874346076665,234.52554144579514,744.2,0.20252471776700512,rehedge
2026-07-23 12:00:00,stock,INFY,short,INFY_spot_proxy,1h,-34.04346781391985,-113.1171807523578,1043.5,7.104871732765073,rehedge
2026-07-23 12:00:00,index,NIFTY,short,spot_as_fut_proxy,1h,-123.89923781484762,-238.89602962286867,23852.6,591.0637919804868,rehedge
2026-07-23 12:00:00,stock,BAJFINANCE,short,BAJFINANCE_spot_proxy,1h,-5.086146504242439,20.567197367618057,1047.7,1.0657511384989609,rehedge
2026-07-23 13:00:00,stock,TCS,long,TCS_spot_proxy,1h,-10.73471036240285,-90.16921871356048,2238.8,4.806573911869501,rehedge
2026-07-23 13:00:00,stock,HDFCBANK,long,HDFCBANK_spot_proxy,1h,-9.440011278159716,225.08553016763543,745.15,1.4068448807841425,rehedge
2026-07-23 13:00:00,stock,INFY,short,INFY_spot_proxy,1h,7.67300953104737,-105.44417122131043,1045.9,0.16050401337044892,rehedge
2026-07-23 13:00:00,index,NIFTY,short,spot_as_fut_proxy,1h,6.1466301063071285,-232.74939951656154,23861.9,2.9334054586738016,rehedge
2026-07-23 13:00:00,stock,BAJFINANCE,short,BAJFINANCE_spot_proxy,1h,-0.9203209667408068,19.64687640087725,1047.0,0.19271521043552495,rehedge
2026-07-23 14:00:00,stock,TCS,long,TCS_spot_proxy,1h,-0.6342271134864035,-90.80344582704689,2240.9,0.2842479077223363,rehedge
2026-07-23 14:00:00,stock,HDFCBANK,long,HDFCBANK_spot_proxy,1h,-21.140393264158092,203.94513690347733,748.0,3.162602832318051,rehedge
2026-07-23 14:00:00,stock,INFY,short,INFY_spot_proxy,1h,-4.989115947740487,-110.43328716905091,1045.3,1.0430245800346263,rehedge
2026-07-23 14:00:00,index,NIFTY,short,spot_as_fut_proxy,1h,-28.495425881390474,-261.244825397952,23840.35,135.86818528228147,rehedge
2026-07-23 14:00:00,stock,BAJFINANCE,short,BAJFINANCE_spot_proxy,1h,-8.403777447093331,11.24309895378392,1039.6,1.7473134067996454,rehedge
2026-07-23 15:00:00,stock,TCS,long,TCS_spot_proxy,1h,-1.6438933053865412,-92.44733913243343,2242.9,0.7374176589302948,rehedge
2026-07-23 15:00:00,stock,HDFCBANK,long,HDFCBANK_spot_proxy,1h,3.3381123458847526,207.2832492493621,747.25,0.04988808900924763,rehedge
2026-07-23 15:00:00,stock,INFY,short,INFY_spot_proxy,1h,6.336596884004976,-104.09669028504594,1047.4,0.13273903152613625,rehedge
2026-07-23 15:00:00,index,NIFTY,short,spot_as_fut_proxy,1h,36.02648940667797,-225.21833599127405,23869.6,17.198757830832808,rehedge
2026-07-23 15:00:00,stock,BAJFINANCE,short,BAJFINANCE_spot_proxy,1h,0.1753616850890065,11.418460638872926,1039.8,0.0036468216031109793,rehedge
2026-07-24 09:00:00,stock,TCS,long,TCS_spot_proxy,1h,0.9189836845327051,-91.52835544790072,2241.8,0.041203552479708375,rehedge
2026-07-24 09:00:00,stock,HDFCBANK,long,HDFCBANK_spot_proxy,1h,49.41995018408812,256.7031994334502,739.8,0.7312175829237678,rehedge
2026-07-24 09:00:00,stock,INFY,short,INFY_spot_proxy,1h,-57.97329478538485,-162.0699850704308,1035.3,12.003950418261788,rehedge
2026-07-24 09:00:00,index,NIFTY,short,spot_as_fut_proxy,1h,-229.2694596510317,-454.48779564230574,23646.05,1084.2634212762555,rehedge
2026-07-24 09:00:00,stock,BAJFINANCE,short,BAJFINANCE_spot_proxy,1h,-29.871273334678296,-18.45281269580537,1013.6,6.055504530405985,rehedge
2026-07-24 09:00:00,stock,BAJFINANCE,short,BAJFINANCE_spot_proxy,1h,18.45281269580537,0.0,1013.6,0.3740754189693665,flatten
2026-07-24 10:00:00,stock,TCS,long,TCS_spot_proxy,1h,2.7119582358572245,-88.8163972120435,2237.0,0.12133301147225223,rehedge
2026-07-24 10:00:00,stock,HDFCBANK,long,HDFCBANK_spot_proxy,1h,-4.202128542971792,252.50107089047842,740.9,0.6226714074975601,rehedge
2026-07-24 10:00:00,stock,INFY,short,INFY_spot_proxy,1h,-55.701687508307714,-217.7716725787385,1021.0,11.374284589196435,rehedge
2026-07-24 10:00:00,index,NIFTY,short,spot_as_fut_proxy,1h,-19.025289181433436,-473.5130848237392,23627.65,89.90457478553915,rehedge
2026-07-24 11:00:00,stock,TCS,long,TCS_spot_proxy,1h,-1.222636196537195,-90.03903340858069,2237.3,0.5470807925025334,rehedge
2026-07-24 11:00:00,stock,HDFCBANK,long,HDFCBANK_spot_proxy,1h,-0.2777289906584315,252.22334189981999,740.95,0.04115665912567296,rehedge
2026-07-24 11:00:00,stock,INFY,short,INFY_spot_proxy,1h,0.006589364931386399,-217.76508321380712,1019.9,0.00013440986587041976,rehedge
2026-07-24 11:00:00,index,NIFTY,short,spot_as_fut_proxy,1h,49.39525612587585,-424.11782869786333,23696.7,23.410091316760845,rehedge
2026-07-24 12:00:00,stock,TCS,long,TCS_spot_proxy,1h,-16.85424409055321,-106.8932774991339,2250.7,7.586769434921622,rehedge
2026-07-24 12:00:00,stock,HDFCBANK,long,HDFCBANK_spot_proxy,1h,-38.42373513566022,213.79960676415976,745.95,5.732437044889149,rehedge
2026-07-24 12:00:00,stock,INFY,short,INFY_spot_proxy,1h,43.23398921784141,-174.5310939959657,1029.4,0.8901013700169191,rehedge
2026-07-24 12:00:00,index,NIFTY,short,spot_as_fut_proxy,1h,110.056821860139,-314.06100683772434,23797.5,52.38154436433316,rehedge
2026-07-24 13:00:00,stock,TCS,long,TCS_spot_proxy,1h,7.787022018056533,-99.10625548107737,2249.3,0.3503069725042912,rehedge
2026-07-24 13:00:00,stock,HDFCBANK,long,HDFCBANK_spot_proxy,1h,-7.280150340677977,206.51945642348178,747.2,1.087945666910917,rehedge
2026-07-24 13:00:00,stock,INFY,short,INFY_spot_proxy,1h,-25.787574967506686,-200.3186689634724,1026.7,5.2952206438278235,rehedge
2026-07-24 13:00:00,index,NIFTY,short,spot_as_fut_proxy,1h,0.221462149158981,-313.83954468856535,23802.95,0.10542904926647535,rehedge
2026-07-24 14:00:00,stock,TCS,long,TCS_spot_proxy,1h,-11.530659289494665,-110.63691477057203,2255.6,5.201711018676834,rehedge
2026-07-24 14:00:00,stock,HDFCBANK,long,HDFCBANK_spot_proxy,1h,23.504933238487837,230.02438966196962,743.2,0.34937732765688323,rehedge
2026-07-24 14:00:00,stock,INFY,short,INFY_spot_proxy,1h,36.94360957609052,-163.37505938738187,1038.6,0.7673926581145524,rehedge
2026-07-24 14:00:00,index,NIFTY,short,spot_as_fut_proxy,1h,-38.800743210678945,-352.6402878992443,23776.8,184.51150223433422,rehedge
2026-07-24 15:00:00,stock,TCS,long,TCS_spot_proxy,1h,1.7605955222002052,-108.87631924837183,2254.3,0.07937820971391847,rehedge
2026-07-24 15:00:00,stock,HDFCBANK,long,HDFCBANK_spot_proxy,1h,2.260207925445343,232.28459758741496,742.8,0.03357764894041601,rehedge
2026-07-24 15:00:00,stock,INFY,short,INFY_spot_proxy,1h,6.815684091303382,-156.55937529607849,1040.9,0.14188891141275384,rehedge
2026-07-24 15:00:00,index,NIFTY,short,spot_as_fut_proxy,1h,-12.260772067782739,-364.90105996702704,23767.45,58.28145741648458,rehedge
2026-07-27 09:00:00,stock,TCS,long,TCS_spot_proxy,1h,-21.038212251376024,-129.91453149974785,2302.2,9.686834449023577,rehedge
2026-07-27 09:00:00,stock,HDFCBANK,long,HDFCBANK_spot_proxy,1h,18.790597807099743,251.0751953945147,741.95,0.2788336808595531,rehedge
2026-07-27 09:00:00,stock,INFY,short,INFY_spot_proxy,1h,97.04098596988362,-59.518389326194864,1073.4,2.083275886801462,rehedge
2026-07-27 09:00:00,index,NIFTY,short,spot_as_fut_proxy,1h,196.344030808076,-168.55702915895102,23933.85,93.9853716351174,rehedge
2026-07-27 10:00:00,stock,TCS,long,TCS_spot_proxy,1h,-0.30966000602060717,-130.22419150576846,2303.5,0.14266036477369373,rehedge
2026-07-27 10:00:00,stock,HDFCBANK,long,HDFCBANK_spot_proxy,1h,3.816239111892145,254.89143450640685,741.55,0.0565986422684724,rehedge
2026-07-27 10:00:00,stock,INFY,short,INFY_spot_proxy,1h,13.050451779737273,-46.46793754645759,1076.9,0.28108063043198145,rehedge
2026-07-27 10:00:00,index,NIFTY,short,spot_as_fut_proxy,1h,-6.0148285837341575,-174.57185774268518,23933.45,28.791119833474458,rehedge
2026-07-27 10:00:00,stock,LT,short,LT_spot_proxy,1h,26.537730603716703,26.537730603716703,3820.9,2.027960297274823,entry
2026-07-27 11:00:00,stock,TCS,long,TCS_spot_proxy,1h,-0.8996514833911533,-131.1238429891596,2305.0,0.4147393338433217,rehedge
2026-07-27 11:00:00,stock,HDFCBANK,long,HDFCBANK_spot_proxy,1h,13.74216887773835,268.6336033841452,739.75,0.2033153885461389,rehedge
2026-07-27 11:00:00,stock,INFY,short,INFY_spot_proxy,1h,10.725177916125745,-35.74275963033185,1080.2,0.2317067436999806,rehedge
2026-07-27 11:00:00,index,NIFTY,short,spot_as_fut_proxy,1h,37.701103991255906,-136.87075375142928,23963.4,18.06893270768124,rehedge
2026-07-27 11:00:00,stock,LT,short,LT_spot_proxy,1h,-3.1394838564702994,23.398246747246404,3814.7,2.39523781345545,rehedge
2026-07-27 12:00:00,stock,TCS,long,TCS_spot_proxy,1h,0.8465448360434493,-130.27729815311616,2300.8,0.03895460717537537,rehedge
2026-07-27 12:00:00,stock,HDFCBANK,long,HDFCBANK_spot_proxy,1h,2.296543382668119,270.9301467668133,739.0,0.033942911195834806,rehedge
2026-07-27 12:00:00,stock,INFY,short,INFY_spot_proxy,1h,-6.813446803067855,-42.5562064333997,1078.8,1.4700692822299204,rehedge
2026-07-27 12:00:00,index,NIFTY,short,spot_as_fut_proxy,1h,-20.26543292500034,-157.13618667642962,23953.9,97.08723074843313,rehedge
2026-07-27 12:00:00,stock,LT,short,LT_spot_proxy,1h,-2.5959392409320934,20.80230750631431,3809.5,1.9778461076661622,rehedge
2026-07-27 13:00:00,stock,TCS,long,TCS_spot_proxy,1h,4.741210271791061,-125.5360878813251,2293.4,0.2174698327465124,rehedge
2026-07-27 13:00:00,stock,HDFCBANK,long,HDFCBANK_spot_proxy,1h,-6.700441672941906,264.2297050938714,740.45,0.992268407345967,rehedge
2026-07-27 13:00:00,stock,INFY,short,INFY_spot_proxy,1h,-1.5259135251326938,-44.082119958532395,1078.3,0.32907851083011674,rehedge
2026-07-27 13:00:00,index,NIFTY,short,spot_as_fut_proxy,1h,22.44686125155326,-134.68932542487636,23971.35,10.761631349248423,rehedge
2026-07-27 13:00:00,stock,LT,short,LT_spot_proxy,1h,4.164522703316791,24.9668302096311,3817.4,0.31795297935283046,rehedge
2026-07-27 14:00:00,stock,TCS,long,TCS_spot_proxy,1h,-3.4732005092557188,-129.00928839058082,2296.6,1.5953104579113369,rehedge
2026-07-27 14:00:00,stock,HDFCBANK,long,HDFCBANK_spot_proxy,1h,1.951838128271561,266.181543222143,740.35,0.028900867165317007,rehedge
2026-07-27 14:00:00,stock,INFY,short,INFY_spot_proxy,1h,2.7461828717831622,-41.33593708674923,1078.9,0.059257134007337085,rehedge
2026-07-27 14:00:00,index,NIFTY,short,spot_as_fut_proxy,1h,28.184316126797285,-106.50500929807907,23989.15,13.522355744263184,rehedge
2026-07-27 14:00:00,stock,LT,short,LT_spot_proxy,1h,-1.378113332676179,23.588716876954923,3815.0,1.0515004728319246,rehedge
2026-07-27 15:00:00,stock,TCS,long,TCS_spot_proxy,1h,3.452226958386902,-125.55706143219392,2295.6,0.15849864411345946,rehedge
2026-07-27 15:00:00,stock,HDFCBANK,long,HDFCBANK_spot_proxy,1h,5.821430226801851,272.00297344894483,739.55,0.08610477448462618,rehedge
2026-07-27 15:00:00,stock,INFY,short,INFY_spot_proxy,1h,0.7003196465634574,-40.635617440185776,1079.2,0.015115699251425667,rehedge
2026-07-27 15:00:00,index,NIFTY,short,spot_as_fut_proxy,1h,11.933039089966698,-94.57197020811238,23995.95,5.726892187017728,rehedge
2026-07-27 15:00:00,stock,LT,short,LT_spot_proxy,1h,-4.660846693468901,18.92787018348602,3806.0,3.547836503068528,rehedge
2026-07-28 09:00:00,stock,TCS,long,TCS_spot_proxy,1h,-30.840897187311796,-156.39795861950572,2390.2,14.74318249142253,rehedge
2026-07-28 09:00:00,stock,HDFCBANK,long,HDFCBANK_spot_proxy,1h,21.532310638173442,293.53528408711827,734.1,0.3161373847896625,rehedge
2026-07-28 09:00:00,stock,INFY,short,INFY_spot_proxy,1h,116.27323977245862,75.63762233227284,1112.1,2.5861493990190247,rehedge
2026-07-28 09:00:00,index,NIFTY,short,spot_as_fut_proxy,1h,3.688258787189099,-90.88371142092328,24012.25,1.7712678412536291,rehedge
2026-07-28 09:00:00,stock,LT,short,LT_spot_proxy,1h,0.683457859963795,19.611328043449817,3808.0,0.052052150614842634,rehedge
2026-07-28 10:00:00,stock,TCS,long,TCS_spot_proxy,1h,-2.7348434393117884,-159.1328020588175,2402.3,1.313982878851742,rehedge
2026-07-28 10:00:00,stock,HDFCBANK,long,HDFCBANK_spot_proxy,1h,-3.3455367630452884,290.189747324073,737.05,0.4931655742405059,rehedge
2026-07-28 10:00:00,stock,INFY,short,INFY_spot_proxy,1h,-16.807372028710027,58.83025030356281,1107.0,3.7211521671564,rehedge
2026-07-28 10:00:00,index,NIFTY,short,spot_as_fut_proxy,1h,43.23197966506254,-47.65173175586074,24035.75,20.78226110469054,rehedge
2026-07-28 10:00:00,stock,LT,short,LT_spot_proxy,1h,6.766956954891338,26.378284998341154,3820.9,0.5171173165788864,rehedge
2026-07-28 10:00:00,stock,BAJFINANCE,long,BAJFINANCE_spot_proxy,1h,-70.93160888671568,-70.93160888671568,1046.0,14.838892579100921,entry
2026-07-28 10:00:00,stock,KOTAKBANK,short,KOTAKBANK_spot_proxy,1h,-33.59178984256479,-33.59178984256479,384.85,2.5855600641822125,entry
2026-07-28 11:00:00,stock,TCS,long,TCS_spot_proxy,1h,-1.3610116770990999,-160.4938137359166,2412.2,0.6566064734996897,rehedge
2026-07-28 11:00:00,stock,HDFCBANK,long,HDFCBANK_spot_proxy,1h,-5.102207908371668,285.0875394157013,738.0,0.7530858872756582,rehedge
2026-07-28 11:00:00,stock,INFY,short,INFY_spot_proxy,1h,17.38554495402625,76.21579525758906,1112.0,0.38665451977754384,rehedge
2026-07-28 11:00:00,index,NIFTY,short,spot_as_fut_proxy,1h,-48.553817255578664,-96.2055490114394,24011.0,233.16514122473984,rehedge
2026-07-28 11:00:00,stock,LT,short,LT_spot_proxy,1h,-4.810261257500795,21.56802374084036,3811.7,3.667054567043156,rehedge
2026-07-28 11:00:00,stock,BAJFINANCE,long,BAJFINANCE_spot_proxy,1h,-13.756626725872408,-84.68823561258809,1049.1,2.8864154196225487,rehedge
2026-07-28 11:00:00,stock,KOTAKBANK,short,KOTAKBANK_spot_proxy,1h,20.917437630478044,-12.674352212086749,386.5,0.16169179288359528,rehedge
2026-07-28 12:00:00,stock,TCS,long,TCS_spot_proxy,1h,1.8709102542459277,-158.62290348167068,2404.0,0.08995336502414421,rehedge
2026-07-28 12:00:00,stock,HDFCBANK,long,HDFCBANK_spot_proxy,1h,6.345285547531148,291.43282496323246,737.65,0.09361199768272704,rehedge
2026-07-28 12:00:00,stock,INFY,short,INFY_spot_proxy,1h,-5.238348689496803,70.97744656809226,1110.7,1.1636467778848198,rehedge
2026-07-28 12:00:00,index,NIFTY,short,spot_as_fut_proxy,1h,-12.030633506659498,-108.2361825180989,24004.05,57.756785645105985,rehedge
2026-07-28 12:00:00,stock,LT,short,LT_spot_proxy,1h,6.705394259494934,28.273418000335294,3825.0,0.5129626608513624,rehedge
2026-07-28 12:00:00,stock,BAJFINANCE,long,BAJFINANCE_spot_proxy,1h,-2.078678268757443,-86.76691388134553,1049.9,0.43648086287368787,rehedge
2026-07-28 12:00:00,stock,KOTAKBANK,short,KOTAKBANK_spot_proxy,1h,-6.080617288306598,-18.754969500393347,386.05,0.46948446083015255,rehedge
2026-07-28 13:00:00,stock,TCS,long,TCS_spot_proxy,1h,-0.00366408239329985,-158.62656756406398,2404.2,0.0017618373779943,rehedge
2026-07-28 13:00:00,stock,HDFCBANK,long,HDFCBANK_spot_proxy,1h,-4.585070096494576,286.8477548667379,738.05,0.6768021969435644,rehedge
2026-07-28 13:00:00,stock,INFY,short,INFY_spot_proxy,1h,-8.667560406882856,62.309886161209405,1108.2,1.9210780885815162,rehedge
2026-07-28 13:00:00,index,NIFTY,short,spot_as_fut_proxy,1h,-3.6766276728932326,-111.91281019099213,24001.9,17.649209948403218,rehedge
2026-07-28 13:00:00,stock,LT,short,LT_spot_proxy,1h,4.61512623147895,32.888544231814244,3834.8,0.3539617214495096,rehedge
2026-07-28 13:00:00,stock,BAJFINANCE,long,BAJFINANCE_spot_proxy,1h,8.218007203102431,-78.5489066782431,1048.0,0.172249430977027,rehedge
2026-07-28 13:00:00,stock,KOTAKBANK,short,KOTAKBANK_spot_proxy,1h,-1.016832643889522,-19.77180214428287,386.0,0.07849948010827111,rehedge
2026-07-28 14:00:00,stock,TCS,long,TCS_spot_proxy,1h,-0.4272009577183269,-159.0537685217823,2403.8,0.20538113243266284,rehedge
2026-07-28 14:00:00,stock,HDFCBANK,long,HDFCBANK_spot_proxy,1h,17.178365881991,304.0261207487289,736.8,0.25314039963701934,rehedge
2026-07-28 14:00:00,stock,INFY,short,INFY_spot_proxy,1h,-9.034739328048367,53.27514683316104,1105.8,1.998122949791177,rehedge
2026-07-28 14:00:00,index,NIFTY,short,spot_as_fut_proxy,1h,-39.876679301400145,-151.78948949239228,23980.9,191.25573173178935,rehedge
2026-07-28 14:00:00,stock,LT,short,LT_spot_proxy,1h,-2.662106292231691,30.226437939582553,3830.0,2.0391734198494755,rehedge
2026-07-28 14:00:00,stock,BAJFINANCE,long,BAJFINANCE_spot_proxy,1h,11.711595059106898,-66.8373116191362,1045.6,0.24491287587604346,rehedge
2026-07-28 14:00:00,stock,KOTAKBANK,short,KOTAKBANK_spot_proxy,1h,-0.6049713249925972,-20.376773469275467,386.0,0.046703786289428506,rehedge
2026-07-28 15:00:00,stock,TCS,long,TCS_spot_proxy,1h,0.9277258003752991,-158.126042721407,2398.0,0.044493729385999346,rehedge
2026-07-28 15:00:00,stock,HDFCBANK,long,HDFCBANK_spot_proxy,1h,3.9448846041013894,307.9710053528303,735.4,0.05802136275712324,rehedge
2026-07-28 15:00:00,stock,INFY,short,INFY_spot_proxy,1h,-0.35222414727560647,52.92292268588543,1105.7,0.07789084792852762,rehedge
2026-07-28 15:00:00,index,NIFTY,short,spot_as_fut_proxy,1h,9.778199636040625,-142.01128985635165,23985.35,4.6906708128061405,rehedge
2026-07-28 15:00:00,stock,LT,short,LT_spot_proxy,1h,0.5556800072372816,30.782117946819834,3832.0,0.04258731575466526,rehedge
2026-07-28 15:00:00,stock,BAJFINANCE,long,BAJFINANCE_spot_proxy,1h,-11.84200997497642,-78.67932159411262,1048.4,2.483032651553056,rehedge
2026-07-28 15:00:00,stock,KOTAKBANK,short,KOTAKBANK_spot_proxy,1h,-11.127371442779488,-31.504144912054954,385.3,0.8574752433805874,rehedge
2026-07-29 09:00:00,stock,TCS,long,TCS_spot_proxy,1h,-5.487442531690164,-163.61348525309717,2458.3,2.697955995130786,rehedge
2026-07-29 09:00:00,stock,HDFCBANK,long,HDFCBANK_spot_proxy,1h,-58.419948004006756,249.55105734882352,745.5,8.710414247397408,rehedge
2026-07-29 09:00:00,stock,INFY,short,INFY_spot_proxy,1h,119.01977768178736,171.94270036767278,1143.2,2.7212681969163866,rehedge
2026-07-29 09:00:00,index,NIFTY,short,spot_as_fut_proxy,1h,372.82353529983595,230.81224544348433,24187.65,180.35450367190157,rehedge
2026-07-29 09:00:00,stock,LT,short,LT_spot_proxy,1h,73.30737642828419,104.08949437510402,3954.6,5.798027016465853,rehedge
2026-07-29 09:00:00,stock,LT,short,LT_spot_proxy,1h,-104.08949437510402,0.0,3954.6,82.32646289115728,flatten
2026-07-29 09:00:00,stock,BAJFINANCE,long,BAJFINANCE_spot_proxy,1h,-7.758558798770096,-86.43788039288272,1050.4,1.629918032445622,rehedge
2026-07-29 09:00:00,stock,KOTAKBANK,short,KOTAKBANK_spot_proxy,1h,32.0334565835467,0.5293116714917501,387.45,0.2482272550659034,rehedge
2026-07-29 10:00:00,stock,TCS,long,TCS_spot_proxy,1h,0.3129177283135789,-163.3005675247836,2454.3,0.015359879612000336,rehedge
2026-07-29 10:00:00,stock,HDFCBANK,long,HDFCBANK_spot_proxy,1h,-11.552988670061467,237.99806867876205,747.3,1.7267096866273868,rehedge
2026-07-29 10:00:00,stock,INFY,short,INFY_spot_proxy,1h,43.390709362851794,215.33340973052458,1158.8,1.0056230801934534,rehedge
2026-07-29 10:00:00,index,NIFTY,short,spot_as_fut_proxy,1h,66.04621238668878,296.8584578301731,24220.65,31.99364388087308,rehedge
2026-07-29 10:00:00,index,NIFTY,short,spot_as_fut_proxy,1h,-296.8584578301731,0.0,24220.65,1438.0209613288766,flatten
2026-07-29 10:00:00,stock,BAJFINANCE,long,BAJFINANCE_spot_proxy,1h,-33.15387270230016,-119.59175309518288,1058.3,7.017348696168853,rehedge
2026-07-29 10:00:00,stock,KOTAKBANK,short,KOTAKBANK_spot_proxy,1h,11.459927937956337,11.989239609448088,388.2,0.08897488051029301,rehedge
2026-07-29 10:00:00,index,NIFTY,long,spot_as_fut_proxy,1h,90.852294065608,90.852294065608,24220.65,44.010032325203376,entry
2026-07-29 10:00:00,stock,AXISBANK,short,AXISBANK_spot_proxy,1h,61.197280537728524,61.197280537728524,1220.2,1.493458434242727,entry
2026-07-29 11:00:00,stock,TCS,long,TCS_spot_proxy,1h,0.7234967742230936,-162.5770707505605,2451.7,0.03547594082725517,rehedge
2026-07-29 11:00:00,stock,HDFCBANK,long,HDFCBANK_spot_proxy,1h,-9.522072412157996,228.47599626660406,749.15,1.4266921095136327,rehedge
2026-07-29 11:00:00,stock,INFY,short,INFY_spot_proxy,1h,-10.188354499311629,205.14505523121295,1154.4,2.352287286801069,rehedge
2026-07-29 11:00:00,stock,BAJFINANCE,long,BAJFINANCE_spot_proxy,1h,2.8530800152290965,-116.73867307995378,1057.8,0.060359760802186774,rehedge
2026-07-29 11:00:00,stock,KOTAKBANK,short,KOTAKBANK_spot_proxy,1h,0.6341437940553085,12.623383403503396,388.25,0.004924126560839471,rehedge
2026-07-29 11:00:00,index,NIFTY,long,spot_as_fut_proxy,1h,-16.937333161328198,73.91496090427981,24225.65,82.0635810199461,rehedge
2026-07-29 11:00:00,stock,AXISBANK,short,AXISBANK_spot_proxy,1h,30.065009992376837,91.26229053010536,1224.1,0.7360515746333697,rehedge
2026-07-29 12:00:00,stock,TCS,long,TCS_spot_proxy,1h,-3.8876078127743483,-166.46467856333484,2443.8,1.9001071945715908,rehedge
2026-07-29 12:00:00,stock,HDFCBANK,long,HDFCBANK_spot_proxy,1h,-6.886691289871237,221.58930497673282,750.2,1.0332791611322807,rehedge
2026-07-29 12:00:00,stock,INFY,short,INFY_spot_proxy,1h,-11.389278094425237,193.7557771367877,1150.3,2.62021731840347,rehedge
2026-07-29 12:00:00,stock,BAJFINANCE,long,BAJFINANCE_spot_proxy,1h,13.410272152845764,-103.32840092710802,1054.4,0.28279581915921154,rehedge
2026-07-29 12:00:00,stock,KOTAKBANK,short,KOTAKBANK_spot_proxy,1h,31.335074925800384,43.95845832930378,390.3,0.24460159487079783,rehedge
2026-07-29 12:00:00,index,NIFTY,long,spot_as_fut_proxy,1h,-18.418997330773777,55.49596357350603,24228.75,89.25385631559703,rehedge
2026-07-29 12:00:00,stock,AXISBANK,short,AXISBANK_spot_proxy,1h,10.700868831021666,101.96315936112703,1225.7,0.26232109852366514,rehedge
2026-07-29 13:00:00,stock,TCS,long,TCS_spot_proxy,1h,-0.5780130383210178,-167.04269160165586,2448.8,0.2830876656481017,rehedge
2026-07-29 13:00:00,stock,HDFCBANK,long,HDFCBANK_spot_proxy,1h,11.935639788280582,233.5249447650134,748.35,0.17864072071119547,rehedge
2026-07-29 13:00:00,stock,INFY,short,INFY_spot_proxy,1h,19.847300888084533,213.60307802487225,1157.8,0.45958409936448547,rehedge
2026-07-29 13:00:00,stock,BAJFINANCE,long,BAJFINANCE_spot_proxy,1h,5.133318459245416,-98.1950824678626,1053.8,0.10818981984705639,rehedge
2026-07-29 13:00:00,stock,KOTAKBANK,short,KOTAKBANK_spot_proxy,1h,7.099292948386449,51.05775127769023,390.8,0.05548807368458848,rehedge
2026-07-29 13:00:00,index,NIFTY,long,spot_as_fut_proxy,1h,-179.89633934349882,-124.40037576999278,24250.5,872.5152354499037,rehedge
2026-07-29 13:00:00,stock,AXISBANK,short,AXISBANK_spot_proxy,1h,55.597146918319,157.56030627944602,1233.2,1.37124803159342,rehedge
2026-07-29 14:00:00,stock,TCS,long,TCS_spot_proxy,1h,5.151673727047921,-161.89101787460794,2452.5,0.2526895963117005,rehedge
2026-07-29 14:00:00,stock,HDFCBANK,long,HDFCBANK_spot_proxy,1h,-2.7774664231733084,230.7474783418401,749.0,0.4160644701913616,rehedge
2026-07-29 14:00:00,stock,INFY,short,INFY_spot_proxy,1h,-10.958277800065474,202.64480022480677,1154.9,2.5311430062591236,rehedge
2026-07-29 14:00:00,stock,BAJFINANCE,long,BAJFINANCE_spot_proxy,1h,-5.523421831526733,-103.71850429938934,1055.4,1.1658838801986628,rehedge
2026-07-29 14:00:00,stock,KOTAKBANK,short,KOTAKBANK_spot_proxy,1h,0.9162652834104961,51.974016561100726,390.85,0.007162445720419849,rehedge
2026-07-29 14:00:00,index,NIFTY,long,spot_as_fut_proxy,1h,-202.40670975912292,-326.8070855291157,24272.5,982.5833725256622,rehedge
2026-07-29 14:00:00,stock,AXISBANK,short,AXISBANK_spot_proxy,1h,15.937902668354411,173.49820894780044,1235.3,0.3937618233243641,rehedge
2026-07-29 15:00:00,stock,TCS,long,TCS_spot_proxy,1h,-4.874395920921472,-166.7654137955294,2446.6,2.385139412025295,rehedge
2026-07-29 15:00:00,stock,HDFCBANK,long,HDFCBANK_spot_proxy,1h,6.2986628834427165,237.0461412252828,748.2,0.09425319138783682,rehedge
2026-07-29 15:00:00,stock,INFY,short,INFY_spot_proxy,1h,0.9259407243976625,203.57074094920443,1155.6,0.021400342022278775,rehedge
2026-07-29 15:00:00,stock,BAJFINANCE,long,BAJFINANCE_spot_proxy,1h,1.85064110379885,-101.86786319559049,1054.4,0.03902631959691016,rehedge
2026-07-29 15:00:00,stock,KOTAKBANK,short,KOTAKBANK_spot_proxy,1h,-9.60874449856766,42.365272062533066,390.2,0.7498664206682202,rehedge
2026-07-29 15:00:00,index,NIFTY,long,spot_as_fut_proxy,1h,204.29343511943853,-122.51365040967715,24250.2,99.08313320666817,rehedge
2026-07-29 15:00:00,stock,AXISBANK,short,AXISBANK_spot_proxy,1h,-0.019769811921179326,173.47843913587926,1235.4,0.004884725129484988,rehedge
2026-07-30 09:00:00,stock,TCS,long,TCS_spot_proxy,1h,-2.8687716073331444,-169.63418540286256,2475.0,1.4200419456299065,rehedge
2026-07-30 09:00:00,stock,HDFCBANK,long,HDFCBANK_spot_proxy,1h,11.484815539740197,248.530956765023,747.1,0.17160611379479807,rehedge
2026-07-30 09:00:00,stock,INFY,short,INFY_spot_proxy,1h,49.67592825411077,253.2466692033152,1180.2,1.1725506105100307,rehedge
2026-07-30 09:00:00,stock,BAJFINANCE,long,BAJFINANCE_spot_proxy,1h,13.53794259009652,-88.32992060549397,1051.5,0.28470293266972985,rehedge
2026-07-30 09:00:00,stock,KOTAKBANK,short,KOTAKBANK_spot_proxy,1h,-25.251911414297034,17.113360648236032,388.6,1.9625785551191657,rehedge
2026-07-30 09:00:00,index,NIFTY,long,spot_as_fut_proxy,1h,-160.26390143806964,-282.7775518477468,24275.6,778.1004731500007,rehedge
2026-07-30 09:00:00,stock,AXISBANK,short,AXISBANK_spot_proxy,1h,-77.61500829643664,95.86343083944261,1224.9,19.014124732461053,rehedge
2026-07-30 10:00:00,stock,TCS,long,TCS_spot_proxy,1h,2.4415035508316976,-167.19268185203086,2463.9,0.1203124119778844,rehedge
2026-07-30 10:00:00,stock,HDFCBANK,long,HDFCBANK_spot_proxy,1h,-19.894782553121416,228.6361742119016,750.05,2.9844163307937435,rehedge
2026-07-30 10:00:00,stock,INFY,short,INFY_spot_proxy,1h,3.392660556764042,256.63932976007925,1173.6,0.0796325285883656,rehedge
2026-07-30 10:00:00,stock,BAJFINANCE,long,BAJFINANCE_spot_proxy,1h,37.10155019788466,-51.228370407609304,1042.7,0.7737157278266868,rehedge
2026-07-30 10:00:00,stock,KOTAKBANK,short,KOTAKBANK_spot_proxy,1h,-2.3927872335361755,14.720573414699857,388.45,0.1858956401734255,rehedge
2026-07-30 10:00:00,index,NIFTY,long,spot_as_fut_proxy,1h,116.13930909953987,-166.63824274820692,24256.9,56.34359213793259,rehedge
2026-07-30 10:00:00,stock,AXISBANK,short,AXISBANK_spot_proxy,1h,38.79796323803909,134.6613940774817,1230.1,0.9545074915822377,rehedge
2026-07-30 11:00:00,stock,TCS,long,TCS_spot_proxy,1h,0.3714327907038353,-166.82124906132702,2452.5,0.018218778384023124,rehedge
2026-07-30 11:00:00,stock,HDFCBANK,long,HDFCBANK_spot_proxy,1h,9.567867876638559,238.20404208854015,749.1,0.14334579652779889,rehedge
2026-07-30 11:00:00,stock,INFY,short,INFY_spot_proxy,1h,1.2762867475624944,257.91561650764174,1172.8,0.02993658195082587,rehedge
2026-07-30 11:00:00,stock,BAJFINANCE,long,BAJFINANCE_spot_proxy,1h,-22.807154017137478,-74.03552442474678,1048.1,4.780835625072358,rehedge
2026-07-30 11:00:00,stock,KOTAKBANK,short,KOTAKBANK_spot_proxy,1h,-14.09028911004695,0.6302843046529061,387.55,1.0921383089197392,rehedge
2026-07-30 11:00:00,index,NIFTY,long,spot_as_fut_proxy,1h,-45.943029168495514,-212.58127191670243,24262.5,222.93854904012449,rehedge
2026-07-30 11:00:00,stock,AXISBANK,short,AXISBANK_spot_proxy,1h,-57.193632929889986,77.46776114759172,1222.4,13.982699378699504,rehedge
2026-07-30 12:00:00,stock,TCS,long,TCS_spot_proxy,1h,-0.9669646751210621,-167.78821373644809,2460.9,0.4759206738010844,rehedge
2026-07-30 12:00:00,stock,HDFCBANK,long,HDFCBANK_spot_proxy,1h,-8.17090317366393,230.03313891487622,750.3,1.2261257302400095,rehedge
2026-07-30 12:00:00,stock,INFY,short,INFY_spot_proxy,1h,7.716569999358171,265.6321865069999,1176.9,0.18163262464489266,rehedge
2026-07-30 12:00:00,stock,BAJFINANCE,long,BAJFINANCE_spot_proxy,1h,12.3530799897352,-61.68244443501158,1045.2,0.25822878410542466,rehedge
2026-07-30 12:00:00,stock,KOTAKBANK,short,KOTAKBANK_spot_proxy,1h,16.341357396534328,16.971641701187234,388.6,0.1270050296858648,rehedge
2026-07-30 12:00:00,index,NIFTY,long,spot_as_fut_proxy,1h,-231.01666200984326,-443.5979339265457,24295.7,1122.5423030385098,rehedge
2026-07-30 12:00:00,stock,AXISBANK,short,AXISBANK_spot_proxy,1h,28.768217368848426,106.23597851644014,1226.2,0.7055117627536388,rehedge
2026-07-30 13:00:00,stock,TCS,long,TCS_spot_proxy,1h,1.4251166401368494,-166.36309709631124,2452.6,0.06990482143199274,rehedge
2026-07-30 13:00:00,stock,HDFCBANK,long,HDFCBANK_spot_proxy,1h,-12.399710334718492,217.63342858015773,751.9,1.8646684401349667,rehedge
2026-07-30 13:00:00,stock,INFY,short,INFY_spot_proxy,1h,-13.954033080952257,251.67815342604766,1170.4,3.2663600635893046,rehedge
2026-07-30 13:00:00,stock,BAJFINANCE,long,BAJFINANCE_spot_proxy,1h,5.331932282688129,-56.350512152323454,1043.7,0.11129875446883201,rehedge
2026-07-30 13:00:00,stock,KOTAKBANK,short,KOTAKBANK_spot_proxy,1h,-14.265936778143097,2.705704923044139,387.7,1.1061807377772157,rehedge
2026-07-30 13:00:00,index,NIFTY,long,spot_as_fut_proxy,1h,90.398351307062,-353.1995826194837,24283.85,43.90440006775995,rehedge
2026-07-30 13:00:00,stock,AXISBANK,short,AXISBANK_spot_proxy,1h,-27.1550530114217,79.08092550501844,1222.6,6.639953562352835,rehedge
2026-07-30 14:00:00,stock,TCS,long,TCS_spot_proxy,1h,0.6953300263185156,-165.66776706999272,2429.6,0.03378747663886931,rehedge
2026-07-30 14:00:00,stock,HDFCBANK,long,HDFCBANK_spot_proxy,1h,0.7896088059695217,218.42303738612725,752.05,0.011876506050587576,rehedge
2026-07-30 14:00:00,stock,INFY,short,INFY_spot_proxy,1h,-41.1845862108527,210.49356721519496,1154.7,9.511168339534324,rehedge
2026-07-30 14:00:00,stock,BAJFINANCE,long,BAJFINANCE_spot_proxy,1h,-15.863982169611042,-72.2144943219345,1047.3,3.322869705246729,rehedge
2026-07-30 14:00:00,stock,KOTAKBANK,short,KOTAKBANK_spot_proxy,1h,4.693676282068804,7.399381205112943,388.0,0.03642292794885392,rehedge
2026-07-30 14:00:00,index,NIFTY,long,spot_as_fut_proxy,1h,65.25931515610768,-287.940267463376,24272.85,31.680591357738564,rehedge
2026-07-30 14:00:00,stock,AXISBANK,short,AXISBANK_spot_proxy,1h,24.13475181752753,103.21567732254597,1225.7,0.5916393060548699,rehedge
2026-07-30 15:00:00,stock,TCS,long,TCS_spot_proxy,1h,0.4262673709249043,-165.24149969906782,2431.8,0.02073193985230365,rehedge
2026-07-30 15:00:00,stock,HDFCBANK,long,HDFCBANK_spot_proxy,1h,-19.2681304835491,199.15490690257815,753.95,2.905441395614369,rehedge
2026-07-30 15:00:00,stock,INFY,short,INFY_spot_proxy,1h,-0.3885393753132007,210.10502783988176,1155.1,0.08976036648485562,rehedge
2026-07-30 15:00:00,stock,BAJFINANCE,long,BAJFINANCE_spot_proxy,1h,-33.1101643132248,-105.3246586351593,1053.5,6.976311620796467,rehedge
2026-07-30 15:00:00,stock,KOTAKBANK,short,KOTAKBANK_spot_proxy,1h,22.31379144666117,29.713172651774112,389.4,0.1737798077865972,rehedge
2026-07-30 15:00:00,index,NIFTY,long,spot_as_fut_proxy,1h,-329.71640887381284,-617.6566763371889,24317.15,1603.5526744091678,rehedge
2026-07-30 15:00:00,stock,AXISBANK,short,AXISBANK_spot_proxy,1h,23.744494740809117,126.96017206335509,1228.9,0.5835921917396065,rehedge
2026-07-31 09:00:00,stock,TCS,long,TCS_spot_proxy,1h,14.314268118099932,-150.92723158096788,2356.9,0.6747459705509947,rehedge
2026-07-31 09:00:00,stock,HDFCBANK,long,HDFCBANK_spot_proxy,1h,24.544894693515488,223.69980159609364,751.8,0.36905703661169886,rehedge
2026-07-31 09:00:00,stock,INFY,short,INFY_spot_proxy,1h,-95.80911728708753,114.29591055279423,1122.4,21.507230648605415,rehedge
2026-07-31 09:00:00,stock,BAJFINANCE,long,BAJFINANCE_spot_proxy,1h,-295.5147483199074,-400.8394069550667,1126.3,66.56765220654235,rehedge
2026-07-31 09:00:00,stock,KOTAKBANK,short,KOTAKBANK_spot_proxy,1h,-2.4410784629079316,27.27209418886618,389.3,0.19006236912201158,rehedge
2026-07-31 09:00:00,index,NIFTY,long,spot_as_fut_proxy,1h,-485.7945368780479,-1103.4512132152367,24357.55,2366.552944346779,rehedge
2026-07-31 09:00:00,stock,AXISBANK,short,AXISBANK_spot_proxy,1h,-2.6446296437104877,124.3155424196446,1228.6,0.649838396052541,rehedge
2026-07-31 10:00:00,stock,TCS,long,TCS_spot_proxy,1h,-2.1974228868864145,-153.1246544678543,2372.0,1.0424574175389152,rehedge
2026-07-31 10:00:00,stock,HDFCBANK,long,HDFCBANK_spot_proxy,1h,15.207351362542283,238.90715295863592,750.05,0.2281254777894968,rehedge
2026-07-31 10:00:00,stock,INFY,short,INFY_spot_proxy,1h,31.086086976709993,145.38199752950422,1132.3,0.7039755256745746,rehedge
2026-07-31 10:00:00,stock,BAJFINANCE,long,BAJFINANCE_spot_proxy,1h,-10.911733997120962,-411.75114095218765,1127.5,2.460596016350777,rehedge
2026-07-31 10:00:00,stock,KOTAKBANK,short,KOTAKBANK_spot_proxy,1h,2.5140275967438406,29.78612178561002,389.45,0.019581760951037776,rehedge
2026-07-31 10:00:00,index,NIFTY,long,spot_as_fut_proxy,1h,31.818699224827014,-1071.6325139904097,24354.2,15.498379293225645,rehedge
2026-07-31 10:00:00,stock,AXISBANK,short,AXISBANK_spot_proxy,1h,3.1624275205227264,127.47796994016733,1229.1,0.07773879330948966,rehedge
2026-07-31 11:00:00,stock,TCS,long,TCS_spot_proxy,1h,-1.2539993642591014,-154.3786538321134,2376.9,0.5961262177814917,rehedge
2026-07-31 11:00:00,stock,HDFCBANK,long,HDFCBANK_spot_proxy,1h,7.739628729146318,246.64678168778224,748.75,0.11590094021896613,rehedge
2026-07-31 11:00:00,stock,INFY,short,INFY_spot_proxy,1h,10.814742114406243,156.19673964391046,1135.4,0.245581163933937,rehedge
2026-07-31 11:00:00,stock,BAJFINANCE,long,BAJFINANCE_spot_proxy,1h,-17.521982275493315,-429.27312322768097,1131.7,3.9659254682351577,rehedge
2026-07-31 11:00:00,stock,KOTAKBANK,short,KOTAKBANK_spot_proxy,1h,2.2518630468832725,32.037984832493294,389.6,0.017546516861314462,rehedge
2026-07-31 11:00:00,index,NIFTY,long,spot_as_fut_proxy,1h,-115.46597982274716,-1187.098493813157,24364.45,562.6530184184664,rehedge
2026-07-31 11:00:00,stock,AXISBANK,short,AXISBANK_spot_proxy,1h,1.0045283626795936,128.48249830284692,1229.2,0.02469532526811513,rehedge
2026-07-31 12:00:00,stock,TCS,long,TCS_spot_proxy,1h,-3.1545361540550516,-157.53318998616845,2384.5,1.5043982918688543,rehedge
2026-07-31 12:00:00,stock,HDFCBANK,long,HDFCBANK_spot_proxy,1h,-7.921303842239382,238.72547784554285,750.3,1.1886708545664417,rehedge
2026-07-31 12:00:00,stock,INFY,short,INFY_spot_proxy,1h,5.116461163601485,161.31320080751195,1137.2,0.1163687927049522,rehedge
2026-07-31 12:00:00,stock,BAJFINANCE,long,BAJFINANCE_spot_proxy,1h,-13.642586149641659,-442.9157093773226,1140.0,3.1105096421182985,rehedge
2026-07-31 12:00:00,stock,KOTAKBANK,short,KOTAKBANK_spot_proxy,1h,14.505658576458558,46.54364340895185,390.5,0.11328919348214134,rehedge
2026-07-31 12:00:00,index,NIFTY,long,spot_as_fut_proxy,1h,-288.3806141291127,-1475.4791079422696,24413.75,1408.090443638925,rehedge
2026-07-31 12:00:00,stock,AXISBANK,short,AXISBANK_spot_proxy,1h,-2.035194970527158,126.44730333231976,1228.8,0.5001695159567543,rehedge
2026-07-31 13:00:00,stock,TCS,long,TCS_spot_proxy,1h,6.74973318856226,-150.7834567976062,2363.0,0.31899239049145245,rehedge
2026-07-31 13:00:00,stock,HDFCBANK,long,HDFCBANK_spot_proxy,1h,1.4332998487372492,240.1587776942801,750.0,0.021499497731058737,rehedge
2026-07-31 13:00:00,stock,INFY,short,INFY_spot_proxy,1h,-15.755448748351057,145.5577520591609,1132.7,3.5692393594514487,rehedge
2026-07-31 13:00:00,stock,BAJFINANCE,long,BAJFINANCE_spot_proxy,1h,-11.70997277764883,-454.62568215497146,1148.8,2.690483345392595,rehedge
2026-07-31 13:00:00,stock,KOTAKBANK,short,KOTAKBANK_spot_proxy,1h,-0.380544291237328,46.16309911771452,390.45,0.02971670370272295,rehedge
2026-07-31 13:00:00,index,NIFTY,long,spot_as_fut_proxy,1h,0.7735506708788762,-1474.7055572713907,24412.2,0.37768147375258604,rehedge
2026-07-31 13:00:00,stock,AXISBANK,short,AXISBANK_spot_proxy,1h,16.06189353982643,142.5091968721462,1230.6,0.395315323802208,rehedge
2026-07-31 14:00:00,stock,TCS,long,TCS_spot_proxy,1h,0.15690657604437774,-150.6265502215618,2362.1,0.0074125804654884934,rehedge
2026-07-31 14:00:00,stock,HDFCBANK,long,HDFCBANK_spot_proxy,1h,22.852254200714697,263.0110318949948,748.05,0.3418925750968926,rehedge
2026-07-31 14:00:00,stock,INFY,short,INFY_spot_proxy,1h,-12.64430620809938,132.9134458510615,1127.5,2.8512910499264104,rehedge
2026-07-31 14:00:00,stock,BAJFINANCE,long,BAJFINANCE_spot_proxy,1h,14.881506951853282,-439.7441752031182,1139.0,0.3390007283632178,rehedge
2026-07-31 14:00:00,stock,KOTAKBANK,short,KOTAKBANK_spot_proxy,1h,-9.337827690090975,36.82527142762355,389.85,0.7280704249963934,rehedge
2026-07-31 14:00:00,index,NIFTY,long,spot_as_fut_proxy,1h,380.56718518612706,-1094.1383720852637,24360.55,185.41651886171815,rehedge
2026-07-31 14:00:00,stock,AXISBANK,short,AXISBANK_spot_proxy,1h,-16.91222265577177,125.59697421637442,1228.6,4.155671350976239,rehedge
2026-07-31 15:00:00,stock,TCS,long,TCS_spot_proxy,1h,-1.394513403988725,-152.02106362555054,2365.6,0.6597721816951456,rehedge
2026-07-31 15:00:00,stock,HDFCBANK,long,HDFCBANK_spot_proxy,1h,0.7417183371374563,263.75275023213226,748.15,0.01109833147858776,rehedge
2026-07-31 15:00:00,stock,INFY,short,INFY_spot_proxy,1h,-0.03665057957525164,132.87679527148626,1130.1,0.008283763995598376,rehedge
2026-07-31 15:00:00,stock,BAJFINANCE,long,BAJFINANCE_spot_proxy,1h,-4.287161093849704,-444.0313362969679,1141.2,0.9785016480602566,rehedge
2026-07-31 15:00:00,stock,KOTAKBANK,short,KOTAKBANK_spot_proxy,1h,7.995583815573866,44.820855243197414,390.3,0.06241352726436961,rehedge
2026-07-31 15:00:00,index,NIFTY,long,spot_as_fut_proxy,1h,-229.37801793180142,-1323.516390017065,24383.6,1118.6123676083746,rehedge
2026-07-31 15:00:00,stock,AXISBANK,short,AXISBANK_spot_proxy,1h,9.230880716680772,134.8278549330552,1229.5,0.22698735682318022,rehedge
2026-08-03 09:00:00,stock,TCS,long,TCS_spot_proxy,1h,-11.527589261383895,-163.54865288693443,2404.5,5.543617675799515,rehedge
2026-08-03 09:00:00,stock,HDFCBANK,long,HDFCBANK_spot_proxy,1h,-35.26816526085227,228.48458497128,753.4,5.3142071415052206,rehedge
2026-08-03 09:00:00,stock,INFY,short,INFY_spot_proxy,1h,68.07355848778923,200.9503537592755,1148.8,1.5640580798154453,rehedge
2026-08-03 09:00:00,stock,BAJFINANCE,long,BAJFINANCE_spot_proxy,1h,-19.42461402608899,-463.45595032305687,1160.7,4.509229900016298,rehedge
2026-08-03 09:00:00,stock,KOTAKBANK,short,KOTAKBANK_spot_proxy,1h,48.7673467971013,93.58820204029871,393.25,0.38355518255920173,rehedge
2026-08-03 09:00:00,index,NIFTY,long,spot_as_fut_proxy,1h,-1043.1136405181205,-2366.6300305351856,24564.7,5124.754729047096,rehedge
2026-08-03 09:00:00,stock,AXISBANK,short,AXISBANK_spot_proxy,1h,118.36820427046354,253.19605920351873,1245.0,2.9473682863345423,rehedge
2026-08-03 10:00:00,stock,TCS,long,TCS_spot_proxy,1h,-3.23816117589584,-166.78681406283027,2424.8,1.5703786438624467,rehedge
2026-08-03 10:00:00,stock,HDFCBANK,long,HDFCBANK_spot_proxy,1h,-21.403762491450237,207.08082247982975,755.7,3.2349646629577893,rehedge
2026-08-03 10:00:00,stock,INFY,short,INFY_spot_proxy,1h,23.31800961106748,224.26836337034297,1157.0,0.5395787424001016,rehedge
2026-08-03 10:00:00,stock,BAJFINANCE,long,BAJFINANCE_spot_proxy,1h,-5.966992805964992,-469.42294312902186,1152.5,1.3753918417749307,rehedge
2026-08-03 10:00:00,stock,KOTAKBANK,short,KOTAKBANK_spot_proxy,1h,-29.29422902766018,64.29397301263853,391.55,2.294031075156069,rehedge
2026-08-03 10:00:00,index,NIFTY,long,spot_as_fut_proxy,1h,-30.792488609140946,-2397.4225191443265,24586.45,151.4155963128427,rehedge
2026-08-03 10:00:00,stock,AXISBANK,short,AXISBANK_spot_proxy,1h,-5.3362556129234235,247.8598035905953,1244.0,1.327660396495348,rehedge
2026-08-03 10:00:00,stock,ITC,long,ITC_spot_proxy,1h,-297.7035008133557,-297.7035008133557,289.9,17.26084897715836,entry
2026-08-03 11:00:00,stock,TCS,long,TCS_spot_proxy,1h,-0.20121503119167983,-166.98802909402195,2429.6,0.09777440795666106,rehedge
2026-08-03 11:00:00,stock,HDFCBANK,long,HDFCBANK_spot_proxy,1h,23.720446937757032,230.80126941758678,753.75,0.35758573758668727,rehedge
2026-08-03 11:00:00,stock,INFY,short,INFY_spot_proxy,1h,5.804086492442366,230.07244986278533,1159.6,0.13460837393272335,rehedge
2026-08-03 11:00:00,stock,BAJFINANCE,long,BAJFINANCE_spot_proxy,1h,10.46591983089769,-458.95702329812417,1155.8,0.241930202811031,rehedge
2026-08-03 11:00:00,stock,KOTAKBANK,short,KOTAKBANK_spot_proxy,1h,-4.136689895791108,60.157283116847424,391.35,0.32377871814357,rehedge
2026-08-03 11:00:00,index,NIFTY,long,spot_as_fut_proxy,1h,-13.931013620430804,-2411.3535327647573,24592.0,68.51829739072686,rehedge
2026-08-03 11:00:00,stock,AXISBANK,short,AXISBANK_spot_proxy,1h,46.81671328766876,294.67651687826407,1249.7,1.1701369319119932,rehedge
2026-08-03 11:00:00,stock,ITC,long,ITC_spot_proxy,1h,381.77926150677894,84.07576069342326,288.1,2.1998121048020605,rehedge
2026-08-03 12:00:00,stock,TCS,long,TCS_spot_proxy,1h,-0.6819498134507285,-167.66997890747268,2437.5,0.33245053405723013,rehedge
2026-08-03 12:00:00,stock,HDFCBANK,long,HDFCBANK_spot_proxy,1h,13.001976954876625,243.8032463724634,751.85,0.19551072747047982,rehedge
2026-08-03 12:00:00,stock,INFY,short,INFY_spot_proxy,1h,15.806104562487292,245.87855442527263,1165.8,0.3685351339789537,rehedge
2026-08-03 12:00:00,stock,BAJFINANCE,long,BAJFINANCE_spot_proxy,1h,-2.430228230779221,-461.3872515289034,1158.1,0.5628894628130832,rehedge
2026-08-03 12:00:00,stock,KOTAKBANK,short,KOTAKBANK_spot_proxy,1h,17.205060883751713,77.36234400059914,392.3,0.13499090769391595,rehedge
2026-08-03 12:00:00,index,NIFTY,long,spot_as_fut_proxy,1h,203.50963937224424,-2207.843893392513,24584.65,100.0642651118569,rehedge
2026-08-03 12:00:00,stock,AXISBANK,short,AXISBANK_spot_proxy,1h,7.088027317409399,301.76454419567347,1250.6,0.1772857392630439,rehedge
2026-08-03 12:00:00,stock,ITC,long,ITC_spot_proxy,1h,265.68963833941285,349.7653990328361,286.7,1.5234643862381934,rehedge
2026-08-03 13:00:00,stock,TCS,long,TCS_spot_proxy,1h,-0.7520500265173098,-168.42202893399,2436.4,0.3664589369213547,rehedge
2026-08-03 13:00:00,stock,HDFCBANK,long,HDFCBANK_spot_proxy,1h,4.724196656035019,248.52744302849842,751.2,0.07097633056027014,rehedge
2026-08-03 13:00:00,stock,INFY,short,INFY_spot_proxy,1h,8.407908198387645,254.28646262366027,1167.5,0.19632465643235153,rehedge
2026-08-03 13:00:00,stock,BAJFINANCE,long,BAJFINANCE_spot_proxy,1h,-13.793816649363919,-475.1810681782673,1155.0,3.1863716460030655,rehedge
2026-08-03 13:00:00,stock,KOTAKBANK,short,KOTAKBANK_spot_proxy,1h,8.683413668627466,86.0457576692266,392.75,0.06820821436706875,rehedge
2026-08-03 13:00:00,index,NIFTY,long,spot_as_fut_proxy,1h,-182.25197910605584,-2390.095872498569,24586.8,896.1985919769548,rehedge
2026-08-03 13:00:00,stock,AXISBANK,short,AXISBANK_spot_proxy,1h,13.832040219698968,315.59658441537243,1252.7,0.34654793566433795,rehedge
2026-08-03 13:00:00,stock,ITC,long,ITC_spot_proxy,1h,73.54152145997881,423.3069204928149,286.35,0.4211722934012987,rehedge
2026-08-03 14:00:00,stock,TCS,long,TCS_spot_proxy,1h,-1.1724385404949658,-169.59446747448496,2445.3,0.5733927926144681,rehedge
2026-08-03 14:00:00,stock,HDFCBANK,long,HDFCBANK_spot_proxy,1h,-8.681765454576492,239.84567757392193,752.65,1.3068661538773994,rehedge
2026-08-03 14:00:00,stock,INFY,short,INFY_spot_proxy,1h,7.230312485454704,261.516775109115,1168.3,0.1689434815351346,rehedge
2026-08-03 14:00:00,stock,BAJFINANCE,long,BAJFINANCE_spot_proxy,1h,5.01141484367281,-470.1696533345945,1149.8,0.11524249574509994,rehedge
2026-08-03 14:00:00,stock,KOTAKBANK,short,KOTAKBANK_spot_proxy,1h,25.72182442074272,111.76758208996932,394.3,0.20284230738197714,rehedge
2026-08-03 14:00:00,index,NIFTY,long,spot_as_fut_proxy,1h,132.55595383296668,-2257.5399186656023,24595.0,65.20427369043631,rehedge
2026-08-03 14:00:00,stock,AXISBANK,short,AXISBANK_spot_proxy,1h,12.003423394985987,327.6000078103584,1254.0,0.30104585874624856,rehedge
2026-08-03 14:00:00,stock,ITC,long,ITC_spot_proxy,1h,-67.79362194409794,355.513298548717,286.7,3.8872862822745753,rehedge
2026-08-03 15:00:00,stock,TCS,long,TCS_spot_proxy,1h,-2.4004248261580585,-171.99489230064302,2473.7,1.1875861784934378,rehedge
2026-08-03 15:00:00,stock,HDFCBANK,long,HDFCBANK_spot_proxy,1h,-4.38362049977647,235.46205707414546,753.0,0.6601732472663364,rehedge
2026-08-03 15:00:00,stock,INFY,short,INFY_spot_proxy,1h,13.938470569885453,275.4552456790004,1180.0,0.3289479054492967,rehedge
2026-08-03 15:00:00,stock,BAJFINANCE,long,BAJFINANCE_spot_proxy,1h,-14.926222088290388,-485.0958754228849,1153.0,3.441986813559764,rehedge
2026-08-03 15:00:00,stock,KOTAKBANK,short,KOTAKBANK_spot_proxy,1h,49.175414110185955,160.94299620015528,397.5,0.3909445421759784,rehedge
2026-08-03 15:00:00,index,NIFTY,long,spot_as_fut_proxy,1h,857.8586059594052,-1399.681312706197,24774.3,425.0569292324019,rehedge
2026-08-03 15:00:00,stock,AXISBANK,short,AXISBANK_spot_proxy,1h,79.44485361477325,407.04486142513167,1272.0,2.0210770759598318,rehedge
2026-08-03 15:00:00,stock,ITC,long,ITC_spot_proxy,1h,-38.87270798940591,316.6405905593111,287.0,2.2312934385918997,rehedge
2026-08-04 09:00:00,stock,TCS,long,TCS_spot_proxy,1h,1.8813087832787403,-170.11358351736428,2441.2,0.09185302003480122,rehedge
2026-08-04 09:00:00,stock,HDFCBANK,long,HDFCBANK_spot_proxy,1h,52.818548881721,288.28060595586646,747.15,0.7892675759395569,rehedge
2026-08-04 09:00:00,stock,INFY,short,INFY_spot_proxy,1h,-29.918335994544947,245.53690968445548,1161.1,6.947635984653227,rehedge
2026-08-04 09:00:00,stock,BAJFINANCE,long,BAJFINANCE_spot_proxy,1h,25.49499394479949,-459.6008814780854,1155.1,0.5889853501127578,rehedge
2026-08-04 09:00:00,stock,KOTAKBANK,short,KOTAKBANK_spot_proxy,1h,6.323361332000843,167.26635753215612,397.5,0.05027072258940671,rehedge
2026-08-04 09:00:00,index,NIFTY,long,spot_as_fut_proxy,1h,-1882.711633639594,-3282.392946345791,24631.55,9274.821147915069,rehedge
2026-08-04 09:00:00,stock,AXISBANK,short,AXISBANK_spot_proxy,1h,-52.23331526140129,354.8115461637304,1256.4,13.125187458884918,rehedge
2026-08-04 09:00:00,stock,ITC,long,ITC_spot_proxy,1h,124.37946411811168,441.02005467742276,286.55,0.7128187088608982,rehedge
2026-08-04 10:00:00,stock,TCS,long,TCS_spot_proxy,1h,-0.7894083398605289,-170.9029918572248,2448.7,0.3866048403632954,rehedge
2026-08-04 10:00:00,stock,HDFCBANK,long,HDFCBANK_spot_proxy,1h,26.309347334849406,314.58995329071587,744.2,0.3915883257318986,rehedge
2026-08-04 10:00:00,stock,INFY,short,INFY_spot_proxy,1h,-5.962509966630961,239.57439971782452,1158.3,1.3812750588697285,rehedge
2026-08-04 10:00:00,stock,BAJFINANCE,long,BAJFINANCE_spot_proxy,1h,-7.032585446002429,-466.6334669240878,1147.1,1.6134157530218771,rehedge
2026-08-04 10:00:00,stock,KOTAKBANK,short,KOTAKBANK_spot_proxy,1h,-29.63957568708898,137.62678184506714,395.75,2.3459724156330926,rehedge
2026-08-04 10:00:00,index,NIFTY,long,spot_as_fut_proxy,1h,743.5484203659671,-2538.844525979824,24575.4,365.4599969972358,rehedge
2026-08-04 10:00:00,stock,AXISBANK,short,AXISBANK_spot_proxy,1h,-28.741830231025915,326.06971593270447,1252.8,7.201552982685854,rehedge
2026-08-04 10:00:00,stock,ITC,long,ITC_spot_proxy,1h,298.21340213564633,739.2334568130691,285.15,1.700711032379591,rehedge
2026-08-04 10:00:00,stock,LT,long,LT_spot_proxy,1h,-28.635614462656367,-28.635614462656367,4017.0,23.005852659298125,entry
2026-08-04 11:00:00,stock,TCS,long,TCS_spot_proxy,1h,-0.3986136188662215,-171.30160547609103,2451.7,0.19545620187486304,rehedge
2026-08-04 11:00:00,stock,HDFCBANK,long,HDFCBANK_spot_proxy,1h,21.092621325595303,335.6825746163112,740.95,0.31257155542399684,rehedge
2026-08-04 11:00:00,stock,INFY,short,INFY_spot_proxy,1h,-1.0476513983427083,238.5267483194818,1158.0,0.24263606385617123,rehedge
2026-08-04 11:00:00,stock,BAJFINANCE,long,BAJFINANCE_spot_proxy,1h,-1.347890070631479,-467.9813569947193,1148.4,0.30958339142263813,rehedge
2026-08-04 11:00:00,stock,KOTAKBANK,short,KOTAKBANK_spot_proxy,1h,-45.15599973620719,92.47078210885995,393.3,3.5519709392500576,rehedge
2026-08-04 11:00:00,index,NIFTY,long,spot_as_fut_proxy,1h,291.9637971485263,-2246.880728831298,24524.15,143.20327911680064,rehedge
2026-08-04 11:00:00,stock,AXISBANK,short,AXISBANK_spot_proxy,1h,-10.74757328303366,315.3221426496708,1251.7,2.6905474956746467,rehedge
2026-08-04 11:00:00,stock,ITC,long,ITC_spot_proxy,1h,-282.78585733022476,456.44759948284434,286.45,16.200801766448578,rehedge
2026-08-04 11:00:00,stock,LT,long,LT_spot_proxy,1h,-1.8864211935267328,-30.5220356561831,4020.0,1.516682639595493,rehedge
2026-08-04 12:00:00,stock,TCS,long,TCS_spot_proxy,1h,-0.18527257716579015,-171.48687805325682,2452.0,0.0908576718421035,rehedge
2026-08-04 12:00:00,stock,HDFCBANK,long,HDFCBANK_spot_proxy,1h,14.177346275843206,349.8599208921544,739.0,0.20954117795696262,rehedge
2026-08-04 12:00:00,stock,INFY,short,INFY_spot_proxy,1h,3.066703246381678,241.5934515658635,1158.4,0.07104938081217073,rehedge
2026-08-04 12:00:00,stock,BAJFINANCE,long,BAJFINANCE_spot_proxy,1h,11.63145373023201,-456.3499032644873,1142.2,0.2657089290134201,rehedge
2026-08-04 12:00:00,stock,KOTAKBANK,short,KOTAKBANK_spot_proxy,1h,14.192285664742244,106.6630677736022,394.2,0.11189198018082785,rehedge
2026-08-04 12:00:00,index,NIFTY,long,spot_as_fut_proxy,1h,311.8116122152228,-1935.069116616075,24491.75,152.73624106944368,rehedge
2026-08-04 12:00:00,stock,AXISBANK,short,AXISBANK_spot_proxy,1h,-29.079604554802245,286.24253809486856,1247.7,7.256524520605353,rehedge
2026-08-04 12:00:00,stock,ITC,long,ITC_spot_proxy,1h,-280.6282078132082,175.8193916696362,287.8,16.152959641728263,rehedge
2026-08-04 12:00:00,stock,LT,long,LT_spot_proxy,1h,-5.003861219856823,-35.52589687603992,4027.0,4.030109826472685,rehedge
2026-08-04 13:00:00,stock,TCS,long,TCS_spot_proxy,1h,-0.46976110145132566,-171.95663915470814,2455.2,0.23067149125665892,rehedge
2026-08-04 13:00:00,stock,HDFCBANK,long,HDFCBANK_spot_proxy,1h,-2.444124265877008,347.41579662627737,739.3,0.36138821395257437,rehedge
2026-08-04 13:00:00,stock,INFY,short,INFY_spot_proxy,1h,2.978690811301391,244.57214237716488,1159.6,0.06908179729570187,rehedge
2026-08-04 13:00:00,stock,BAJFINANCE,long,BAJFINANCE_spot_proxy,1h,-5.210035240828972,-461.55993850531627,1146.1,1.194244277902817,rehedge
2026-08-04 13:00:00,stock,KOTAKBANK,short,KOTAKBANK_spot_proxy,1h,-22.07705453635853,84.58601323724366,392.8,1.7343734043763264,rehedge
2026-08-04 13:00:00,index,NIFTY,long,spot_as_fut_proxy,1h,324.35135740439637,-1610.7177592116786,24448.9,158.60067804088695,rehedge
2026-08-04 13:00:00,stock,AXISBANK,short,AXISBANK_spot_proxy,1h,-12.334346077340626,273.90819201752794,1246.3,3.0744591032379245,rehedge
2026-08-04 13:00:00,stock,ITC,long,ITC_spot_proxy,1h,223.0377083165587,398.8570999861949,286.7,1.2788982194871477,rehedge
2026-08-04 13:00:00,stock,LT,long,LT_spot_proxy,1h,15.513209753037742,-20.01268712300218,4006.4,1.2430424710914083,rehedge
2026-08-04 14:00:00,stock,TCS,long,TCS_spot_proxy,1h,0.9659264179162221,-170.99071273679192,2447.4,0.04728016630416324,rehedge
2026-08-04 14:00:00,stock,HDFCBANK,long,HDFCBANK_spot_proxy,1h,-4.056075921805871,343.3597207044715,739.0,0.5994880212429077,rehedge
2026-08-04 14:00:00,stock,INFY,short,INFY_spot_proxy,1h,-1.0310250726910795,243.5411173044738,1159.4,0.23907409385560754,rehedge
2026-08-04 14:00:00,stock,BAJFINANCE,long,BAJFINANCE_spot_proxy,1h,8.314863125992474,-453.2450753793238,1141.9,0.18989484407141616,rehedge
2026-08-04 14:00:00,stock,KOTAKBANK,short,KOTAKBANK_spot_proxy,1h,18.991706449112925,103.57771968635659,393.95,0.14963565511256074,rehedge
2026-08-04 14:00:00,index,NIFTY,long,spot_as_fut_proxy,1h,-155.43918430100393,-1766.1569435126826,24465.85,760.5903534461435,rehedge
2026-08-04 14:00:00,stock,AXISBANK,short,AXISBANK_spot_proxy,1h,25.705289059534323,299.61348107706226,1249.4,0.6423237630196438,rehedge
2026-08-04 14:00:00,stock,ITC,long,ITC_spot_proxy,1h,71.0727500665044,469.9298500526993,286.5,0.4072468578810702,rehedge
2026-08-04 14:00:00,stock,LT,long,LT_spot_proxy,1h,2.74132466051266,-17.27136246248952,4002.9,0.21946496967132256,rehedge
2026-08-04 15:00:00,stock,TCS,long,TCS_spot_proxy,1h,0.7870029713049576,-170.20370976548696,2460.0,0.03872054618820391,rehedge
2026-08-04 15:00:00,stock,HDFCBANK,long,HDFCBANK_spot_proxy,1h,-15.938269900188857,327.42145080428264,742.0,2.3652392531880264,rehedge
2026-08-04 15:00:00,stock,INFY,short,INFY_spot_proxy,1h,23.476075542492197,267.017192846966,1167.5,0.5481663639171929,rehedge
2026-08-04 15:00:00,stock,BAJFINANCE,long,BAJFINANCE_spot_proxy,1h,-27.184310363311795,-480.4293857426356,1149.0,6.246954521489051,rehedge
2026-08-04 15:00:00,stock,KOTAKBANK,short,KOTAKBANK_spot_proxy,1h,64.20300919520842,167.780728881565,398.0,0.5110559531938591,rehedge
2026-08-04 15:00:00,index,NIFTY,long,spot_as_fut_proxy,1h,-2086.4090665277377,-3852.56601004042,24614.9,10271.350106334723,rehedge
2026-08-04 15:00:00,stock,AXISBANK,short,AXISBANK_spot_proxy,1h,81.34998794966185,380.9634690267241,1261.8,2.0529482958976666,rehedge
2026-08-04 15:00:00,stock,ITC,long,ITC_spot_proxy,1h,-557.8496672555275,-87.9198172028282,289.0,32.24371076736949,rehedge
2026-08-04 15:00:00,stock,LT,long,LT_spot_proxy,1h,9.471223231119653,-7.800139231369867,3990.0,0.7558036138433484,rehedge
2026-08-05 09:00:00,stock,TCS,long,TCS_spot_proxy,1h,-0.0479925802893888,-170.25170234577635,2433.6,0.023358948678451317,rehedge
2026-08-05 09:00:00,stock,HDFCBANK,long,HDFCBANK_spot_proxy,1h,11.600624627086574,339.0220754313692,739.25,0.17151523511147504,rehedge
2026-08-05 09:00:00,stock,INFY,short,INFY_spot_proxy,1h,-8.389113660776331,258.62807918618967,1164.0,1.9529856602287299,rehedge
2026-08-05 09:00:00,stock,BAJFINANCE,long,BAJFINANCE_spot_proxy,1h,9.964031825366988,-470.4653539172686,1158.7,0.2309064735210546,rehedge
2026-08-05 09:00:00,stock,KOTAKBANK,short,KOTAKBANK_spot_proxy,1h,-13.849419206114732,153.93130967545028,396.75,1.098951414005204,rehedge
2026-08-05 09:00:00,index,NIFTY,long,spot_as_fut_proxy,1h,962.9383860144949,-2889.6276240259253,24594.25,473.6549480047398,rehedge
2026-08-05 09:00:00,stock,AXISBANK,short,AXISBANK_spot_proxy,1h,-43.471652957783874,337.49181606894024,1254.6,10.90790716016713,rehedge
2026-08-05 09:00:00,stock,ITC,long,ITC_spot_proxy,1h,618.5620932618699,530.6422760590417,286.3,3.5418865460174676,rehedge
2026-08-05 09:00:00,stock,LT,long,LT_spot_proxy,1h,-52.90791264112603,-60.7080518724959,4059.0,42.95064348206612,rehedge
2026-08-05 10:00:00,stock,TCS,long,TCS_spot_proxy,1h,-0.874711666596653,-171.126414012373,2444.4,0.42762903956577175,rehedge
2026-08-05 10:00:00,stock,HDFCBANK,long,HDFCBANK_spot_proxy,1h,-4.704541407961926,334.3175340234073,741.1,0.6973071274881167,rehedge
2026-08-05 10:00:00,stock,INFY,short,INFY_spot_proxy,1h,30.316414607716922,288.9444937939066,1173.9,0.7117687821599781,rehedge
2026-08-05 10:00:00,stock,BAJFINANCE,long,BAJFINANCE_spot_proxy,1h,-2.496235979769665,-472.96158989703827,1159.8,0.5790268978673715,rehedge
2026-08-05 10:00:00,stock,KOTAKBANK,short,KOTAKBANK_spot_proxy,1h,-2.252844009693689,151.6784656657566,396.55,0.1786730584088065,rehedge
2026-08-05 10:00:00,index,NIFTY,long,spot_as_fut_proxy,1h,-153.67645888769766,-3043.304082913623,24643.5,757.4251629197955,rehedge
2026-08-05 10:00:00,index,NIFTY,long,spot_as_fut_proxy,1h,3043.304082913623,0.0,24643.5,1499.9532833456374,flatten
2026-08-05 10:00:00,stock,AXISBANK,short,AXISBANK_spot_proxy,1h,21.904521701745352,359.3963377706856,1256.9,0.5506358665384747,rehedge
2026-08-05 10:00:00,stock,ITC,long,ITC_spot_proxy,1h,115.07398520262677,645.7162612616685,285.85,0.6578779734034174,rehedge
2026-08-05 10:00:00,stock,LT,long,LT_spot_proxy,1h,-1.3272820251593416,-62.03533389765524,4060.5,1.0778857326319013,rehedge
2026-08-05 11:00:00,stock,TCS,long,TCS_spot_proxy,1h,1.203128288236229,-169.92328572413678,2431.3,0.05850331614377489,rehedge
2026-08-05 11:00:00,stock,HDFCBANK,long,HDFCBANK_spot_proxy,1h,28.64646490791432,362.9639989313216,736.9,0.42219159981284127,rehedge
2026-08-05 11:00:00,stock,INFY,short,INFY_spot_proxy,1h,-5.9719828319430235,282.97251096196356,1170.5,1.398041180957862,rehedge
2026-08-05 11:00:00,stock,BAJFINANCE,long,BAJFINANCE_spot_proxy,1h,4.632908218183161,-468.3286816788551,1155.9,0.10710357218795834,rehedge
2026-08-05 11:00:00,stock,KOTAKBANK,short,KOTAKBANK_spot_proxy,1h,-8.3927186478453,143.2857470179113,396.05,0.6647872440958262,rehedge
2026-08-05 11:00:00,stock,AXISBANK,short,AXISBANK_spot_proxy,1h,-36.749535797031,322.6468019736546,1252.0,9.202083763576562,rehedge
2026-08-05 11:00:00,stock,ITC,long,ITC_spot_proxy,1h,92.39431547378786,738.1105767354563,285.15,0.5269247811470121,rehedge
2026-08-05 11:00:00,stock,LT,long,LT_spot_proxy,1h,9.286815618740057,-52.748518278915185,4050.8,0.7523806541678445,rehedge
2026-08-05 12:00:00,stock,TCS,long,TCS_spot_proxy,1h,1.9690290349229542,-167.95425668921382,2414.9,0.09510016432870885,rehedge
2026-08-05 12:00:00,stock,HDFCBANK,long,HDFCBANK_spot_proxy,1h,-2.571235353958116,360.3927635773635,734.25,0.37758591172874933,rehedge
2026-08-05 12:00:00,stock,INFY,short,INFY_spot_proxy,1h,-13.626608223599192,269.3459027383644,1166.6,3.1793602307301634,rehedge
2026-08-05 12:00:00,stock,BAJFINANCE,long,BAJFINANCE_spot_proxy,1h,1.999300877411713,-466.3293808014434,1150.1,0.04598791878222422,rehedge
2026-08-05 12:00:00,stock,KOTAKBANK,short,KOTAKBANK_spot_proxy,1h,-5.915482136393024,137.37026488151827,396.0,0.4685061852023275,rehedge
2026-08-05 12:00:00,stock,AXISBANK,short,AXISBANK_spot_proxy,1h,-43.93606694727322,278.71073502638137,1247.1,10.958533817988886,rehedge
2026-08-05 12:00:00,stock,ITC,long,ITC_spot_proxy,1h,-94.70531755572529,643.405259179731,285.55,5.408620685607471,rehedge
2026-08-05 12:00:00,stock,LT,long,LT_spot_proxy,1h,2.6373578569916205,-50.111160421923564,4047.5,0.21349411852347172,rehedge
2026-08-05 13:00:00,stock,TCS,long,TCS_spot_proxy,1h,0.5025460965007937,-167.45171059271303,2411.6,0.024238803326426285,rehedge
2026-08-05 13:00:00,stock,HDFCBANK,long,HDFCBANK_spot_proxy,1h,2.411450780601001,362.8042143579645,733.95,0.0353976860084421,rehedge
2026-08-05 13:00:00,stock,INFY,short,INFY_spot_proxy,1h,-5.978572083373024,263.36733065499135,1164.7,1.3926485811009124,rehedge
2026-08-05 13:00:00,stock,BAJFINANCE,long,BAJFINANCE_spot_proxy,1h,4.953368211027453,-461.37601259041594,1146.8,0.11361045328812565,rehedge
2026-08-05 13:00:00,stock,KOTAKBANK,short,KOTAKBANK_spot_proxy,1h,4.273017775155068,141.64328265667334,396.2,0.03385939285032877,rehedge
2026-08-05 13:00:00,stock,AXISBANK,short,AXISBANK_spot_proxy,1h,17.552821355492483,296.26355638187385,1249.1,0.4385045831029132,rehedge
2026-08-05 13:00:00,stock,ITC,long,ITC_spot_proxy,1h,-137.70347910709756,505.7017800726335,286.3,7.884901213672407,rehedge
2026-08-05 13:00:00,stock,LT,long,LT_spot_proxy,1h,-2.5916118896566047,-52.70277231158017,4052.1,2.1002941076155057,rehedge
2026-08-05 14:00:00,stock,TCS,long,TCS_spot_proxy,1h,0.4844894954054553,-166.96722109730757,2409.5,0.02334754878358889,rehedge
2026-08-05 14:00:00,stock,HDFCBANK,long,HDFCBANK_spot_proxy,1h,2.6954954422893707,365.49970980025387,733.2,0.03952674516573134,rehedge
2026-08-05 14:00:00,stock,INFY,short,INFY_spot_proxy,1h,0.0024057312347736115,263.3697363862261,1165.4,5.6072783620103344e-05,rehedge
2026-08-05 14:00:00,stock,BAJFINANCE,long,BAJFINANCE_spot_proxy,1h,-8.63120113110773,-470.00721372152367,1151.3,1.9874203724488662,rehedge
2026-08-05 14:00:00,stock,KOTAKBANK,short,KOTAKBANK_spot_proxy,1h,21.486288173054845,163.12957082972818,397.45,0.17079450468761298,rehedge
2026-08-05 14:00:00,stock,AXISBANK,short,AXISBANK_spot_proxy,1h,28.185874854007864,324.4494312358817,1252.5,0.706056165092897,rehedge
2026-08-05 14:00:00,stock,ITC,long,ITC_spot_proxy,1h,-74.79521323086169,430.9065668417718,286.7,4.2887575266576095,rehedge
2026-08-05 14:00:00,stock,LT,long,LT_spot_proxy,1h,4.458012992472199,-48.24475931910797,4044.0,0.36056409083115143,rehedge
2026-08-05 15:00:00,stock,TCS,long,TCS_spot_proxy,1h,-0.6762707684180782,-167.64349186572565,2413.0,0.32636827283856457,rehedge
2026-08-05 15:00:00,stock,HDFCBANK,long,HDFCBANK_spot_proxy,1h,-8.67994639888127,356.8197634013726,735.0,1.2759521206355469,rehedge
2026-08-05 15:00:00,stock,INFY,short,INFY_spot_proxy,1h,25.56669339462212,288.93642978084824,1174.0,0.6003059609057274,rehedge
2026-08-05 15:00:00,stock,BAJFINANCE,long,BAJFINANCE_spot_proxy,1h,10.997347115195282,-459.0098666063284,1158.8,0.25487451674176587,rehedge
2026-08-05 15:00:00,stock,KOTAKBANK,short,KOTAKBANK_spot_proxy,1h,43.831565804852886,206.96113663458107,400.0,0.35065252643882316,rehedge
2026-08-05 15:00:00,stock,AXISBANK,short,AXISBANK_spot_proxy,1h,12.292161131194916,336.74159236707663,1253.9,0.30826281684810614,rehedge
2026-08-05 15:00:00,stock,ITC,long,ITC_spot_proxy,1h,-98.49412648207851,332.4124403596933,286.95,5.652577918806486,rehedge
2026-08-05 15:00:00,stock,LT,long,LT_spot_proxy,1h,-7.525620187840779,-55.77037950694875,4057.0,6.106288220414009,rehedge
2026-08-06 09:00:00,stock,TCS,long,TCS_spot_proxy,1h,0.7597083653922141,-166.88378350033344,2405.0,0.0365419723753655,rehedge
2026-08-06 09:00:00,stock,HDFCBANK,long,HDFCBANK_spot_proxy,1h,18.95567235192499,375.7754357532976,735.95,0.2790085413479839,rehedge
2026-08-06 09:00:00,stock,INFY,short,INFY_spot_proxy,1h,-5.589339301424786,283.34709047942346,1171.5,1.3095821983238276,rehedge
2026-08-06 09:00:00,stock,BAJFINANCE,long,BAJFINANCE_spot_proxy,1h,-13.64015100258365,-472.65001760891204,1157.4,3.1574221540780636,rehedge
2026-08-06 09:00:00,stock,KOTAKBANK,short,KOTAKBANK_spot_proxy,1h,-42.1929550784142,164.76818155616687,397.2,3.351808351429224,rehedge
2026-08-06 09:00:00,stock,AXISBANK,short,AXISBANK_spot_proxy,1h,-15.149490955316423,321.5921014117602,1251.3,3.7913116064774877,rehedge
2026-08-06 09:00:00,stock,ITC,long,ITC_spot_proxy,1h,425.420303618901,757.8327439785943,285.35,2.4278736727530688,rehedge
2026-08-06 09:00:00,stock,LT,long,LT_spot_proxy,1h,1.1088443234755232,-54.66153518347323,4052.5,0.08987183241769116,rehedge
2026-08-06 10:00:00,stock,TCS,long,TCS_spot_proxy,1h,0.07272464118207722,-166.81105885915136,2399.0,0.0034893282839160654,rehedge
2026-08-06 10:00:00,stock,HDFCBANK,long,HDFCBANK_spot_proxy,1h,-9.75554734211056,366.019888411187,734.0,1.4321143498218303,rehedge
2026-08-06 10:00:00,stock,INFY,short,INFY_spot_proxy,1h,-14.274509227410135,269.0725812520133,1167.5,3.3330979046002667,rehedge
2026-08-06 10:00:00,stock,BAJFINANCE,long,BAJFINANCE_spot_proxy,1h,0.11242975874148442,-472.53758785017055,1156.2,0.0025998257411380863,rehedge
2026-08-06 10:00:00,stock,KOTAKBANK,short,KOTAKBANK_spot_proxy,1h,14.322360497340952,179.09054205350782,398.0,0.11400598955883398,rehedge
2026-08-06 10:00:00,stock,AXISBANK,short,AXISBANK_spot_proxy,1h,30.751901858795122,352.34400327055533,1255.8,0.7723647670854984,rehedge
2026-08-06 10:00:00,stock,ITC,long,ITC_spot_proxy,1h,239.13378123988662,996.9665252184809,284.4,1.360192947692475,rehedge
2026-08-06 10:00:00,stock,LT,long,LT_spot_proxy,1h,-4.361009241020199,-59.022544424493425,4059.7,3.5408778431539405,rehedge
2026-08-06 10:00:00,index,NIFTY,short,spot_as_fut_proxy,1h,54.42524119298909,54.42524119298909,24630.7,26.81063576504313,entry
2026-08-06 11:00:00,stock,TCS,long,TCS_spot_proxy,1h,-1.0292756778320609,-167.84033453698342,2403.1,0.49469047627964513,rehedge
2026-08-06 11:00:00,stock,HDFCBANK,long,HDFCBANK_spot_proxy,1h,7.288727348288944,373.30861575947597,735.8,0.1072609116574201,rehedge
2026-08-06 11:00:00,stock,INFY,short,INFY_spot_proxy,1h,19.31694663673062,288.38952788874394,1172.7,0.45305966641788004,rehedge
2026-08-06 11:00:00,stock,BAJFINANCE,long,BAJFINANCE_spot_proxy,1h,-3.740131144851375,-476.2777189950219,1152.7,0.8622498341340361,rehedge
2026-08-06 11:00:00,stock,KOTAKBANK,short,KOTAKBANK_spot_proxy,1h,-9.871773623067696,169.21876843044012,397.65,0.7851021562425738,rehedge
2026-08-06 11:00:00,stock,AXISBANK,short,AXISBANK_spot_proxy,1h,7.46357148632984,359.8075747568852,1256.7,0.18758940573741423,rehedge
2026-08-06 11:00:00,stock,ITC,long,ITC_spot_proxy,1h,-209.61129689109214,787.3552283273888,285.45,11.96670893951245,rehedge
2026-08-06 11:00:00,stock,LT,long,LT_spot_proxy,1h,-6.417253424853008,-65.43979784934643,4067.7,5.220692351254916,rehedge
2026-08-06 11:00:00,index,NIFTY,short,spot_as_fut_proxy,1h,34.949587984185754,89.37482917717485,24659.9,17.237066894624448,rehedge
2026-08-06 12:00:00,stock,TCS,long,TCS_spot_proxy,1h,2.1336971630650794,-165.70663737391834,2391.8,0.10206753749238115,rehedge
2026-08-06 12:00:00,stock,HDFCBANK,long,HDFCBANK_spot_proxy,1h,-0.5760004963004235,372.73261526317555,736.15,0.08480455307031136,rehedge
2026-08-06 12:00:00,stock,INFY,short,INFY_spot_proxy,1h,-16.694964984857563,271.6945629038864,1167.5,3.8982743239642415,rehedge
2026-08-06 12:00:00,stock,BAJFINANCE,long,BAJFINANCE_spot_proxy,1h,3.2264000071030523,-473.0513189879189,1150.9,0.07426527536349807,rehedge
2026-08-06 12:00:00,stock,KOTAKBANK,short,KOTAKBANK_spot_proxy,1h,-26.020304321448066,143.19846410899206,396.15,2.0615887113883304,rehedge
2026-08-06 12:00:00,stock,AXISBANK,short,AXISBANK_spot_proxy,1h,8.23872456258482,368.04629931947,1257.8,0.20725335509638376,rehedge
2026-08-06 12:00:00,stock,ITC,long,ITC_spot_proxy,1h,148.5863724362522,935.941600763641,284.8,0.8463479773968926,rehedge
2026-08-06 12:00:00,stock,LT,long,LT_spot_proxy,1h,3.314204713621642,-62.12559313572479,4063.7,0.2693586738948853,rehedge
2026-08-06 12:00:00,index,NIFTY,short,spot_as_fut_proxy,1h,-37.64003505412004,51.734794123054805,24629.05,185.40766106993505,rehedge
2026-08-06 13:00:00,stock,TCS,long,TCS_spot_proxy,1h,0.43544338898882984,-165.2711939849295,2390.2,0.020815935767222023,rehedge
2026-08-06 13:00:00,stock,HDFCBANK,long,HDFCBANK_spot_proxy,1h,1.3409366597908843,374.07355192296643,735.25,0.019718473582224956,rehedge
2026-08-06 13:00:00,stock,INFY,short,INFY_spot_proxy,1h,-0.6182124678099967,271.0763504360764,1167.1,0.14430315423620943,rehedge
2026-08-06 13:00:00,stock,BAJFINANCE,long,BAJFINANCE_spot_proxy,1h,-0.7724668336936702,-473.82378582161255,1153.3,0.17817719985978198,rehedge
2026-08-06 13:00:00,stock,KOTAKBANK,short,KOTAKBANK_spot_proxy,1h,-20.721559798207508,122.47690431078455,394.9,1.636588792862429,rehedge
2026-08-06 13:00:00,stock,AXISBANK,short,AXISBANK_spot_proxy,1h,-18.37594815094087,349.6703511685291,1255.4,4.613833061738235,rehedge
2026-08-06 13:00:00,stock,ITC,long,ITC_spot_proxy,1h,-59.58253879077711,876.3590619728639,285.05,3.3968005364622034,rehedge
2026-08-06 13:00:00,stock,LT,long,LT_spot_proxy,1h,7.78795390226577,-54.33763923345902,4052.4,0.6311980878708362,rehedge
2026-08-06 13:00:00,index,NIFTY,short,spot_as_fut_proxy,1h,25.23709797422415,76.97189209727895,24647.25,12.440501260903924,rehedge
2026-08-06 14:00:00,stock,TCS,long,TCS_spot_proxy,1h,5.652594152223827,-159.61859983270568,2375.5,0.2685547481721541,rehedge
2026-08-06 14:00:00,stock,HDFCBANK,long,HDFCBANK_spot_proxy,1h,-10.754860126154028,363.3186917968124,733.7,1.5781681749118424,rehedge
2026-08-06 14:00:00,stock,INFY,short,INFY_spot_proxy,1h,-7.194105369031945,263.88224506704444,1164.4,1.6753632583401596,rehedge
2026-08-06 14:00:00,stock,BAJFINANCE,long,BAJFINANCE_spot_proxy,1h,-3.4779147694250696,-477.3017005910376,1153.5,0.8023549373063635,rehedge
2026-08-06 14:00:00,stock,KOTAKBANK,short,KOTAKBANK_spot_proxy,1h,-3.6193011308992737,118.85760317988527,394.7,0.28570763127318866,rehedge
2026-08-06 14:00:00,stock,AXISBANK,short,AXISBANK_spot_proxy,1h,-1.860317189687919,347.8100339788412,1255.5,0.4671256463306365,rehedge
2026-08-06 14:00:00,stock,ITC,long,ITC_spot_proxy,1h,125.12106582323736,1001.4801277961012,284.65,0.7123142277316903,rehedge
2026-08-06 14:00:00,stock,LT,long,LT_spot_proxy,1h,-3.3387087274386786,-57.6763479608977,4054.7,2.7074924554291218,rehedge
2026-08-06 14:00:00,index,NIFTY,short,spot_as_fut_proxy,1h,-20.004194066076877,56.967698031202076,24633.0,98.55266248593435,rehedge
2026-08-06 15:00:00,stock,TCS,long,TCS_spot_proxy,1h,4.63998981931789,-154.9786100133878,2373.0,0.22021391682482708,rehedge
2026-08-06 15:00:00,stock,HDFCBANK,long,HDFCBANK_spot_proxy,1h,-6.530599546378426,356.788092250434,734.3,0.9590838493811357,rehedge
2026-08-06 15:00:00,stock,INFY,short,INFY_spot_proxy,1h,1.470977733247537,265.353222800292,1165.0,0.03427378118466761,rehedge
2026-08-06 15:00:00,stock,BAJFINANCE,long,BAJFINANCE_spot_proxy,1h,24.980808288007893,-452.3208923030297,1144.8,0.5719605865622287,rehedge
2026-08-06 15:00:00,stock,KOTAKBANK,short,KOTAKBANK_spot_proxy,1h,-13.640813203815384,105.21678997606989,394.0,1.0748960804606522,rehedge
2026-08-06 15:00:00,stock,AXISBANK,short,AXISBANK_spot_proxy,1h,11.6609492671152,359.4709832459564,1256.0,0.2929230455899339,rehedge
2026-08-06 15:00:00,stock,ITC,long,ITC_spot_proxy,1h,-333.3660368513413,668.1140909447599,285.9,19.061869987159696,rehedge
2026-08-06 15:00:00,stock,LT,long,LT_spot_proxy,1h,-4.853632392514477,-62.52998035341218,4061.8,3.942896810383061,rehedge
2026-08-06 15:00:00,index,NIFTY,short,spot_as_fut_proxy,1h,4.296844603461821,61.2645426346639,24636.0,2.1171412730177086,rehedge
2026-08-07 09:00:00,stock,TCS,long,TCS_spot_proxy,1h,-16.103872482403204,-171.082482495791,2445.6,7.876726108593056,rehedge
2026-08-07 09:00:00,stock,TCS,long,TCS_spot_proxy,1h,171.082482495791,0.0,2445.6,8.367986383834129,flatten
2026-08-07 09:00:00,stock,HDFCBANK,long,HDFCBANK_spot_proxy,1h,10.857040423293654,367.64513267372763,734.6,0.1595116378990304,rehedge
2026-08-07 09:00:00,stock,INFY,short,INFY_spot_proxy,1h,39.202217576868236,304.5554403771602,1178.6,0.924074672721938,rehedge
2026-08-07 09:00:00,stock,BAJFINANCE,long,BAJFINANCE_spot_proxy,1h,99.04992695507673,-353.270965347953,1100.5,2.180088892281239,rehedge
2026-08-07 09:00:00,stock,BAJFINANCE,long,BAJFINANCE_spot_proxy,1h,353.270965347953,0.0,1100.5,7.775493947308446,flatten
2026-08-07 09:00:00,stock,KOTAKBANK,short,KOTAKBANK_spot_proxy,1h,-23.829875476528997,81.3869144995409,392.6,1.8711218224170572,rehedge
2026-08-07 09:00:00,stock,AXISBANK,short,AXISBANK_spot_proxy,1h,-60.34297426283047,299.12800898312594,1248.5,15.06764067342877,rehedge
2026-08-07 09:00:00,stock,ITC,long,ITC_spot_proxy,1h,230.9487911225167,899.0628820672766,285.2,1.3173319045628353,rehedge
2026-08-07 09:00:00,stock,LT,long,LT_spot_proxy,1h,2.5127155830035406,-60.01726477040864,4058.6,0.2039621493035634,rehedge
2026-08-07 09:00:00,index,NIFTY,short,spot_as_fut_proxy,1h,-17.096072029737762,44.168470604926135,24625.8,84.20089011798323,rehedge
2026-08-07 10:00:00,stock,HDFCBANK,long,HDFCBANK_spot_proxy,1h,3.3047900158548487,370.9499226895825,733.8,0.04850109827268576,rehedge
2026-08-07 10:00:00,stock,INFY,short,INFY_spot_proxy,1h,-13.101810072813805,291.4536303043464,1173.1,3.073946679283575,rehedge
2026-08-07 10:00:00,stock,KOTAKBANK,short,KOTAKBANK_spot_proxy,1h,-1.9625498403726738,79.42436465916822,392.45,0.15404053697085118,rehedge
2026-08-07 10:00:00,stock,AXISBANK,short,AXISBANK_spot_proxy,1h,-19.545482584558272,279.58252639856767,1245.8,4.869952440768539,rehedge
2026-08-07 10:00:00,stock,ITC,long,ITC_spot_proxy,1h,15.17831798518489,914.2412000524615,284.95,0.0865012341975687,rehedge
2026-08-07 10:00:00,stock,LT,long,LT_spot_proxy,1h,10.623804872018567,-49.39345989839007,4043.9,0.8592320904391179,rehedge
2026-08-07 10:00:00,index,NIFTY,short,spot_as_fut_proxy,1h,-71.42354295937326,-27.255072354447126,24570.35,350.9802897503674,rehedge
2026-08-07 11:00:00,stock,HDFCBANK,long,HDFCBANK_spot_proxy,1h,5.544653701695836,376.4945763912783,733.15,0.08130125722796605,rehedge
2026-08-07 11:00:00,stock,INFY,short,INFY_spot_proxy,1h,-2.553336266337567,288.90029403800884,1171.9,0.598450954104199,rehedge
2026-08-07 11:00:00,stock,KOTAKBANK,short,KOTAKBANK_spot_proxy,1h,-49.72350463185791,29.700860027310316,389.85,3.8769416561459615,rehedge
2026-08-07 11:00:00,stock,AXISBANK,short,AXISBANK_spot_proxy,1h,-19.968931703298438,259.6135946952692,1243.5,4.966273314610322,rehedge
2026-08-07 11:00:00,stock,ITC,long,ITC_spot_proxy,1h,-123.99783020496784,790.2433698474937,285.4,7.077796148099564,rehedge
2026-08-07 11:00:00,stock,LT,long,LT_spot_proxy,1h,3.8857185940239702,-45.5077413043661,4040.8,0.31402823389464124,rehedge
2026-08-07 11:00:00,index,NIFTY,short,spot_as_fut_proxy,1h,-13.981539729004563,-41.23661208345169,24560.95,68.67997964141892,rehedge
2026-08-07 12:00:00,stock,HDFCBANK,long,HDFCBANK_spot_proxy,1h,6.754578005275164,383.2491543965535,732.6,0.09896807693329171,rehedge
2026-08-07 12:00:00,stock,INFY,short,INFY_spot_proxy,1h,3.0063347199808277,291.90662875798967,1172.5,0.07049854918355042,rehedge
2026-08-07 12:00:00,stock,KOTAKBANK,short,KOTAKBANK_spot_proxy,1h,-9.625218200319186,20.07564182699113,389.35,0.749515741258855,rehedge
2026-08-07 12:00:00,stock,AXISBANK,short,AXISBANK_spot_proxy,1h,23.83150897015264,283.44510366542187,1246.8,0.5942625076797262,rehedge
2026-08-07 12:00:00,stock,ITC,long,ITC_spot_proxy,1h,167.10934018600267,957.3527100334964,284.65,0.9513534736789132,rehedge
2026-08-07 12:00:00,stock,LT,long,LT_spot_proxy,1h,-5.899064378617133,-51.40680568298323,4048.8,4.77682637122901,rehedge
2026-08-07 12:00:00,index,NIFTY,short,spot_as_fut_proxy,1h,-10.185256688638468,-51.42186877209016,24553.65,50.01704557859759,rehedge
2026-08-07 13:00:00,stock,HDFCBANK,long,HDFCBANK_spot_proxy,1h,13.087694194014205,396.3368485905677,730.6,0.19123738756293557,rehedge
2026-08-07 13:00:00,stock,INFY,short,INFY_spot_proxy,1h,18.74127386792958,310.64790262591924,1179.4,0.4420691679967229,rehedge
2026-08-07 13:00:00,stock,KOTAKBANK,short,KOTAKBANK_spot_proxy,1h,3.630669898867179,23.70631172585831,389.55,0.028286549182074194,rehedge
2026-08-07 13:00:00,stock,AXISBANK,short,AXISBANK_spot_proxy,1h,-33.58122594229724,249.86387772312463,1242.4,8.34426302214202,rehedge
2026-08-07 13:00:00,stock,ITC,long,ITC_spot_proxy,1h,-69.52046659925418,887.8322434342422,284.9,3.9612761868255024,rehedge
2026-08-07 13:00:00,stock,LT,long,LT_spot_proxy,1h,1.0752392820157866,-50.331566400967446,4048.7,0.0870664256219463,rehedge
2026-08-07 13:00:00,index,NIFTY,short,spot_as_fut_proxy,1h,13.099834092224619,-38.32203467986554,24563.95,6.435673392994019,rehedge
2026-08-07 14:00:00,stock,HDFCBANK,long,HDFCBANK_spot_proxy,1h,-1.9309361559293166,394.40591243463837,730.8,0.2822256285506289,rehedge
2026-08-07 14:00:00,stock,INFY,short,INFY_spot_proxy,1h,-4.3434764546054225,306.3044261713138,1177.4,1.022801835530485,rehedge
2026-08-07 14:00:00,stock,KOTAKBANK,short,KOTAKBANK_spot_proxy,1h,-8.323572923465129,15.382738802393181,389.1,0.6477404449040565,rehedge
2026-08-07 14:00:00,stock,AXISBANK,short,AXISBANK_spot_proxy,1h,16.42558025983493,266.28945798295956,1243.9,0.40863558570417347,rehedge
2026-08-07 14:00:00,stock,ITC,long,ITC_spot_proxy,1h,11.784861919851892,899.6171053540941,284.9,0.06715014321931609,rehedge
2026-08-07 14:00:00,stock,LT,long,LT_spot_proxy,1h,5.697239054348032,-44.634327346619415,4038.9,0.4602115763321254,rehedge
2026-08-07 14:00:00,index,NIFTY,short,spot_as_fut_proxy,1h,-41.363288024870585,-79.68532270473612,24542.15,203.02880383991553,rehedge
2026-08-07 15:00:00,stock,HDFCBANK,long,HDFCBANK_spot_proxy,1h,-12.906817350839106,381.49909508379926,731.0,1.886976696692677,rehedge
2026-08-07 15:00:00,stock,INFY,short,INFY_spot_proxy,1h,-2.7326347686646386,303.5717914026492,1175.1,0.6422238233315634,rehedge
2026-08-07 15:00:00,stock,KOTAKBANK,short,KOTAKBANK_spot_proxy,1h,32.293865472861484,47.67660427525466,390.75,0.25237655867041253,rehedge
2026-08-07 15:00:00,stock,AXISBANK,short,AXISBANK_spot_proxy,1h,-47.520555072715894,218.76890291024367,1238.0,11.766089436004455,rehedge
2026-08-07 15:00:00,stock,ITC,long,ITC_spot_proxy,1h,-314.7493121652815,584.8677931888126,286.1,18.00995564209741,rehedge
2026-08-07 15:00:00,stock,LT,long,LT_spot_proxy,1h,-10.647441259745221,-55.281768606364636,4056.0,8.637204349905325,rehedge
2026-08-07 15:00:00,index,NIFTY,short,spot_as_fut_proxy,1h,41.44211591876814,-38.243206785967985,24570.65,20.36519450998961,rehedge
2026-08-10 09:00:00,stock,HDFCBANK,long,HDFCBANK_spot_proxy,1h,18.48877276514048,399.98786784893974,731.75,0.270583189417831,rehedge
2026-08-10 09:00:00,stock,INFY,short,INFY_spot_proxy,1h,36.02445450463614,339.5962459072853,1189.0,0.8566615281202474,rehedge
2026-08-10 09:00:00,stock,KOTAKBANK,short,KOTAKBANK_spot_proxy,1h,-61.44129087030237,-13.764686595047703,387.85,4.766000932809355,rehedge
2026-08-10 09:00:00,stock,AXISBANK,short,AXISBANK_spot_proxy,1h,48.75903745109335,267.527940361337,1243.5,1.2126372614086915,rehedge
2026-08-10 09:00:00,stock,ITC,long,ITC_spot_proxy,1h,628.3268426351462,1213.1946358239588,284.05,3.5695247930102663,rehedge
2026-08-10 09:00:00,stock,LT,long,LT_spot_proxy,1h,11.41813261316046,-43.86363599320418,4037.0,0.9219000271865755,rehedge
2026-08-10 09:00:00,index,NIFTY,short,spot_as_fut_proxy,1h,-52.10641923140406,-90.34962601737205,24534.25,255.67838320561503,rehedge
2026-08-10 10:00:00,stock,HDFCBANK,long,HDFCBANK_spot_proxy,1h,-6.413632537049466,393.5742353118903,734.7,0.9424191649940485,rehedge
2026-08-10 10:00:00,stock,INFY,short,INFY_spot_proxy,1h,0.3493038797677741,339.9455497870531,1188.0,0.008299460183282313,rehedge
2026-08-10 10:00:00,stock,KOTAKBANK,short,KOTAKBANK_spot_proxy,1h,10.815170570331656,-2.949516024716048,388.4,0.0840122449903363,rehedge
2026-08-10 10:00:00,stock,AXISBANK,short,AXISBANK_spot_proxy,1h,-21.31100251754583,246.2169378437912,1240.5,5.28725972460312,rehedge
2026-08-10 10:00:00,stock,ITC,long,ITC_spot_proxy,1h,-51.2495919045939,1161.945043919365,284.15,2.9125143079380713,rehedge
2026-08-10 10:00:00,stock,LT,long,LT_spot_proxy,1h,-12.977822509339745,-56.84145850254392,4055.8,10.527090506676029,rehedge
2026-08-10 10:00:00,index,NIFTY,short,spot_as_fut_proxy,1h,68.32709119424365,-22.022534823128392,24588.2,33.600803674046034,rehedge
2026-08-10 11:00:00,stock,HDFCBANK,long,HDFCBANK_spot_proxy,1h,-3.1418335921779885,390.4324017197123,734.4,0.461472518019103,rehedge
2026-08-10 11:00:00,stock,INFY,short,INFY_spot_proxy,1h,-10.565636070158632,329.37991371689446,1182.8,2.499406868756726,rehedge
2026-08-10 11:00:00,stock,KOTAKBANK,short,KOTAKBANK_spot_proxy,1h,50.0131872955299,47.063671270813856,390.85,0.39095308508915727,rehedge
2026-08-10 11:00:00,stock,AXISBANK,short,AXISBANK_spot_proxy,1h,26.794587224497036,273.0115250682882,1243.3,0.6662742059243433,rehedge
2026-08-10 11:00:00,stock,ITC,long,ITC_spot_proxy,1h,68.35647326849517,1230.30151718786,284.05,0.38833312463832104,rehedge
2026-08-10 11:00:00,stock,LT,long,LT_spot_proxy,1h,-4.853582190014407,-61.69504069255833,4061.4,3.9424677413049034,rehedge
2026-08-10 11:00:00,index,NIFTY,short,spot_as_fut_proxy,1h,-1.1456309121761414,-23.168165735304534,24588.2,5.6338003989538805,rehedge
2026-08-10 12:00:00,stock,HDFCBANK,long,HDFCBANK_spot_proxy,1h,8.983077981569693,399.415479701282,733.25,0.13173683859971955,rehedge
2026-08-10 12:00:00,stock,INFY,short,INFY_spot_proxy,1h,3.960750142221684,333.34066385911615,1183.9,0.09378264186752507,rehedge
2026-08-10 12:00:00,stock,KOTAKBANK,short,KOTAKBANK_spot_proxy,1h,22.313220564285885,69.37689183509974,392.0,0.17493564922400137,rehedge
2026-08-10 12:00:00,stock,AXISBANK,short,AXISBANK_spot_proxy,1h,1.7499957392244596,274.7615208075127,1243.4,0.043518894043033864,rehedge
2026-08-10 12:00:00,stock,ITC,long,ITC_spot_proxy,1h,222.27388160428882,1452.575398792149,283.0,1.258070169880275,rehedge
2026-08-10 12:00:00,stock,LT,long,LT_spot_proxy,1h,-0.21910332312915415,-61.914144015687484,4060.0,0.17791189838087318,rehedge
2026-08-10 12:00:00,index,NIFTY,short,spot_as_fut_proxy,1h,-2.1245098839769234,-25.292675619281457,24587.75,10.44738357995072,rehedge
2026-08-10 13:00:00,stock,HDFCBANK,long,HDFCBANK_spot_proxy,1h,7.068129009264567,406.48360871054655,732.75,0.10358343063077223,rehedge
2026-08-10 13:00:00,stock,INFY,short,INFY_spot_proxy,1h,-0.41801307676053057,332.9226507823556,1185.8,0.09913598128452743,rehedge
2026-08-10 13:00:00,stock,KOTAKBANK,short,KOTAKBANK_spot_proxy,1h,-0.41382483518903257,68.96306699991071,391.95,0.032439728830468265,rehedge
2026-08-10 13:00:00,stock,AXISBANK,short,AXISBANK_spot_proxy,1h,15.463287655698593,290.2248084632113,1245.3,0.3851286423528292,rehedge
2026-08-10 13:00:00,stock,ITC,long,ITC_spot_proxy,1h,-33.07353766496908,1419.5018611271798,282.95,1.8716314964606002,rehedge
2026-08-10 13:00:00,stock,LT,long,LT_spot_proxy,1h,-4.669913531643246,-66.58405754733073,4065.3,3.796919896037858,rehedge
2026-08-10 13:00:00,index,NIFTY,short,spot_as_fut_proxy,1h,5.1366073591523325,-20.156068260129125,24591.85,2.5263735537034058,rehedge
2026-08-10 14:00:00,stock,HDFCBANK,long,HDFCBANK_spot_proxy,1h,9.272963003835685,415.75657171438223,731.0,0.1355707191160777,rehedge
2026-08-10 14:00:00,stock,INFY,short,INFY_spot_proxy,1h,0.5882121452784759,333.5108629276341,1183.4,0.013921805054450969,rehedge
2026-08-10 14:00:00,stock,KOTAKBANK,short,KOTAKBANK_spot_proxy,1h,-13.282697628530116,55.68036937138059,391.3,1.039503916408767,rehedge
2026-08-10 14:00:00,stock,AXISBANK,short,AXISBANK_spot_proxy,1h,7.284514994687754,297.50932345789903,1245.5,0.18145726851767197,rehedge
2026-08-10 14:00:00,stock,ITC,long,ITC_spot_proxy,1h,38.59673487397322,1458.098596001153,282.75,0.21826453571231855,rehedge
2026-08-10 14:00:00,stock,LT,long,LT_spot_proxy,1h,-5.45395107475855,-72.03800862208928,4073.0,4.442788545498315,rehedge
2026-08-10 14:00:00,index,NIFTY,short,spot_as_fut_proxy,1h,-41.36051187292425,-61.516580133053374,24567.85,203.2277703234444,rehedge
2026-08-10 15:00:00,stock,HDFCBANK,long,HDFCBANK_spot_proxy,1h,-8.029831798541238,407.726739915841,731.0,1.173961408946729,rehedge
2026-08-10 15:00:00,stock,INFY,short,INFY_spot_proxy,1h,0.3870826868653694,333.89794561449946,1183.0,0.009158376371234641,rehedge
2026-08-10 15:00:00,stock,KOTAKBANK,short,KOTAKBANK_spot_proxy,1h,46.81188140703121,102.4922507784118,393.5,0.36840950667333566,rehedge
2026-08-10 15:00:00,stock,AXISBANK,short,AXISBANK_spot_proxy,1h,17.040759604457378,314.5500830623564,1247.3,0.42509878909279375,rehedge
2026-08-10 15:00:00,stock,ITC,long,ITC_spot_proxy,1h,36.53903331969423,1494.6376293208473,282.65,0.20655515535623145,rehedge
2026-08-10 15:00:00,stock,LT,long,LT_spot_proxy,1h,-0.5229389139075522,-72.56094753599683,4080.0,0.42671815374856265,rehedge
2026-08-10 15:00:00,index,NIFTY,short,spot_as_fut_proxy,1h,29.95719332028738,-31.559386812765993,24583.8,14.729232982945618,rehedge
2026-08-11 09:00:00,stock,HDFCBANK,long,HDFCBANK_spot_proxy,1h,36.748004264192105,444.4747441800331,727.7,0.534830454061052,rehedge
2026-08-11 09:00:00,stock,INFY,short,INFY_spot_proxy,1h,17.788110771604977,351.68605638610444,1191.5,0.4238906796873466,rehedge
2026-08-11 09:00:00,stock,KOTAKBANK,short,KOTAKBANK_spot_proxy,1h,-69.29443438783801,33.1978163905738,390.2,5.4077376596268785,rehedge
2026-08-11 09:00:00,stock,AXISBANK,short,AXISBANK_spot_proxy,1h,-155.47792793771347,159.07215512464293,1231.2,38.284884975382575,rehedge
2026-08-11 09:00:00,stock,ITC,long,ITC_spot_proxy,1h,454.6997271294317,1949.337356450279,280.85,2.5540483672860184,rehedge
2026-08-11 09:00:00,stock,LT,long,LT_spot_proxy,1h,18.601410053598748,-53.95953748239808,4048.8,1.5062677805002125,rehedge
2026-08-11 09:00:00,index,NIFTY,short,spot_as_fut_proxy,1h,-185.711219364121,-217.270606176887,24486.85,909.4965543772653,rehedge
2026-08-11 10:00:00,stock,HDFCBANK,long,HDFCBANK_spot_proxy,1h,-3.6437649064413336,440.83097927359177,727.9,0.5304592950797293,rehedge
2026-08-11 10:00:00,stock,INFY,short,INFY_spot_proxy,1h,-6.939472779972107,344.74658360613233,1185.1,1.6447938383089888,rehedge
2026-08-11 10:00:00,stock,KOTAKBANK,short,KOTAKBANK_spot_proxy,1h,-1.8883238005027465,31.309492590071052,390.1,0.14732702291522431,rehedge
2026-08-11 10:00:00,stock,AXISBANK,short,AXISBANK_spot_proxy,1h,13.57172800305355,172.64388312769648,1232.1,0.33443452145124564,rehedge
2026-08-11 10:00:00,stock,ITC,long,ITC_spot_proxy,1h,-50.974723899802484,1898.3626325504765,281.25,2.86732821936389,rehedge
2026-08-11 10:00:00,stock,LT,long,LT_spot_proxy,1h,9.792635086139363,-44.16690239625872,4036.9,0.7906377715847199,rehedge
2026-08-11 10:00:00,index,NIFTY,short,spot_as_fut_proxy,1h,-36.70425761452435,-253.97486379141134,24469.0,179.62329591395928,rehedge
2026-08-11 11:00:00,stock,HDFCBANK,long,HDFCBANK_spot_proxy,1h,-1.9049825249398395,438.9259967486519,728.8,0.277670252835231,rehedge
2026-08-11 11:00:00,stock,INFY,short,INFY_spot_proxy,1h,12.481434647918832,357.22801825405116,1190.8,0.2972578475748349,rehedge
2026-08-11 11:00:00,stock,KOTAKBANK,short,KOTAKBANK_spot_proxy,1h,-28.322459302292422,2.9870332877786288,388.8,2.2023544353462587,rehedge
2026-08-11 11:00:00,stock,AXISBANK,short,AXISBANK_spot_proxy,1h,-16.100157478941924,156.54372564875456,1230.5,3.962248755567608,rehedge
2026-08-11 11:00:00,stock,ITC,long,ITC_spot_proxy,1h,22.2367501822539,1920.5993827327304,281.25,0.1250817197751782,rehedge
2026-08-11 11:00:00,stock,LT,long,LT_spot_proxy,1h,-1.4830728488122347,-45.649975245070955,4039.1,1.1980559087274996,rehedge
2026-08-11 11:00:00,index,NIFTY,short,spot_as_fut_proxy,1h,-49.48077819887533,-303.45564199028667,24444.05,241.9021232664437,rehedge
2026-08-11 12:00:00,stock,HDFCBANK,long,HDFCBANK_spot_proxy,1h,1.4651709845413166,440.39116773319324,729.4,0.021373914322488727,rehedge
2026-08-11 12:00:00,stock,INFY,short,INFY_spot_proxy,1h,-2.0566682188475056,355.17135003520366,1189.2,0.48915796917069077,rehedge
2026-08-11 12:00:00,stock,KOTAKBANK,short,KOTAKBANK_spot_proxy,1h,20.97495797995674,23.96199126773537,389.75,0.1634997974537628,rehedge
2026-08-11 12:00:00,stock,AXISBANK,short,AXISBANK_spot_proxy,1h,-3.3565208441831658,153.1872048045714,1230.1,0.8257712580859425,rehedge
2026-08-11 12:00:00,stock,ITC,long,ITC_spot_proxy,1h,87.29924361711733,2007.8986263498477,280.55,0.4898360559356454,rehedge
2026-08-11 12:00:00,stock,LT,long,LT_spot_proxy,1h,-3.787561315562968,-49.43753656063392,4042.7,3.0623948260852822,rehedge
2026-08-11 12:00:00,index,NIFTY,short,spot_as_fut_proxy,1h,-13.074025031207213,-316.5296670214939,24440.5,63.90714175504399,rehedge
2026-08-11 13:00:00,stock,HDFCBANK,long,HDFCBANK_spot_proxy,1h,1.651038951949431,442.0422066851427,728.7,0.024062241685711014,rehedge
2026-08-11 13:00:00,stock,INFY,short,INFY_spot_proxy,1h,4.346603901096216,359.5179539362999,1188.7,0.10333616114466146,rehedge
2026-08-11 13:00:00,stock,KOTAKBANK,short,KOTAKBANK_spot_proxy,1h,35.67708988195659,59.63908114969196,391.35,0.27924458250607426,rehedge
2026-08-11 13:00:00,stock,AXISBANK,short,AXISBANK_spot_proxy,1h,-16.428544167884922,136.75866063668647,1228.8,4.037479014699398,rehedge
2026-08-11 13:00:00,stock,ITC,long,ITC_spot_proxy,1h,39.41766140253844,2047.3162877523862,280.3,0.22097540982263053,rehedge
2026-08-11 13:00:00,stock,LT,long,LT_spot_proxy,1h,0.44055345631490894,-48.996983104319014,4041.8,0.035612579194671985,rehedge
2026-08-11 13:00:00,index,NIFTY,short,spot_as_fut_proxy,1h,9.380892903819415,-307.14877411767446,24450.15,4.587284772646406,rehedge
2026-08-11 14:00:00,stock,HDFCBANK,long,HDFCBANK_spot_proxy,1h,-2.498626627082217,439.54358005806046,729.2,0.36439970729367055,rehedge
2026-08-11 14:00:00,stock,INFY,short,INFY_spot_proxy,1h,-1.8378543499896978,357.6800995863102,1188.0,0.4366741935575522,rehedge
2026-08-11 14:00:00,stock,KOTAKBANK,short,KOTAKBANK_spot_proxy,1h,-2.5407135276088013,57.09836762208316,391.25,0.1988108335353887,rehedge
2026-08-11 14:00:00,stock,AXISBANK,short,AXISBANK_spot_proxy,1h,40.368236423276585,177.12689705996306,1231.9,0.9945926089966886,rehedge
2026-08-11 14:00:00,stock,ITC,long,ITC_spot_proxy,1h,173.11342345538264,2220.429711207769,279.2,0.9666653565748567,rehedge
2026-08-11 14:00:00,stock,LT,long,LT_spot_proxy,1h,-7.2541977201335754,-56.25118082445259,4051.0,5.877350992852223,rehedge
2026-08-11 14:00:00,index,NIFTY,short,spot_as_fut_proxy,1h,16.33802650374281,-290.81074761393165,24464.2,7.993934959857298,rehedge
2026-08-11 15:00:00,stock,HDFCBANK,long,HDFCBANK_spot_proxy,1h,-2.5861600470514645,436.957420011009,729.0,0.37706213486010354,rehedge
2026-08-11 15:00:00,stock,INFY,short,INFY_spot_proxy,1h,9.788763735515374,367.46886332182555,1190.7,0.23310961959756316,rehedge
2026-08-11 15:00:00,stock,KOTAKBANK,short,KOTAKBANK_spot_proxy,1h,37.67800929167923,94.77637691376239,392.9,0.2960737970140154,rehedge
2026-08-11 15:00:00,stock,AXISBANK,short,AXISBANK_spot_proxy,1h,-29.040117003882443,148.0867800560806,1229.8,7.142707178274925,rehedge
2026-08-11 15:00:00,stock,ITC,long,ITC_spot_proxy,1h,53.22017132370729,2273.649882531476,279.0,0.2969685559862867,rehedge
2026-08-11 15:00:00,stock,LT,long,LT_spot_proxy,1h,11.929795551623492,-44.3213852728291,4037.4,0.9633071312024939,rehedge
2026-08-11 15:00:00,index,NIFTY,short,spot_as_fut_proxy,1h,31.170386545593374,-259.6403610683383,24471.7,15.25584696855595,rehedge
2026-08-12 09:00:00,stock,HDFCBANK,long,HDFCBANK_spot_proxy,1h,25.910544886726655,462.86796489773565,725.55,0.37598791685129046,rehedge
2026-08-12 09:00:00,stock,INFY,short,INFY_spot_proxy,1h,-17.042537858469757,350.4263254633558,1184.6,4.037718069428655,rehedge
2026-08-12 09:00:00,stock,KOTAKBANK,short,KOTAKBANK_spot_proxy,1h,-88.22335438474946,6.553022529012931,389.05,6.864659204677356,rehedge
2026-08-12 09:00:00,stock,AXISBANK,short,AXISBANK_spot_proxy,1h,24.35650243134549,172.4432824874261,1231.4,0.5998519418791768,rehedge
2026-08-12 09:00:00,stock,ITC,long,ITC_spot_proxy,1h,176.48177434958916,2450.1316568810653,278.3,0.9822975560298134,rehedge
2026-08-12 09:00:00,stock,LT,long,LT_spot_proxy,1h,32.83719416005812,-11.484191112770976,3999.3,2.626515812086409,rehedge
2026-08-12 09:00:00,index,NIFTY,short,spot_as_fut_proxy,1h,-183.07853509641154,-442.7188961647498,24378.55,892.6378443549248,rehedge
2026-08-12 10:00:00,stock,HDFCBANK,long,HDFCBANK_spot_proxy,1h,22.54020979022863,485.4081746879643,723.35,0.32608921503523763,rehedge
2026-08-12 10:00:00,stock,INFY,short,INFY_spot_proxy,1h,-31.278208260941256,319.14811720241454,1169.0,7.312845091408066,rehedge
2026-08-12 10:00:00,stock,KOTAKBANK,short,KOTAKBANK_spot_proxy,1h,-13.509664123674781,-6.95664159466185,388.45,1.0495658057682937,rehedge
2026-08-12 10:00:00,stock,AXISBANK,short,AXISBANK_spot_proxy,1h,-45.83934836592189,126.60393412150421,1227.6,11.254476810801144,rehedge
2026-08-12 10:00:00,stock,ITC,long,ITC_spot_proxy,1h,126.21153711916259,2576.343194000228,277.35,0.700095396399995,rehedge
2026-08-12 10:00:00,stock,LT,long,LT_spot_proxy,1h,6.601442052714613,-4.882749060056363,3992.3,0.527098742141051,rehedge
2026-08-12 10:00:00,index,NIFTY,short,spot_as_fut_proxy,1h,-75.81064867194812,-518.5295448366979,24318.65,368.72252626521424,rehedge
2026-08-12 11:00:00,stock,HDFCBANK,long,HDFCBANK_spot_proxy,1h,3.3276278153944645,488.73580250335874,722.3,0.04807091142118843,rehedge
2026-08-12 11:00:00,stock,INFY,short,INFY_spot_proxy,1h,-10.436006428428527,308.712110773986,1166.9,2.43555518026665,rehedge
2026-08-12 11:00:00,stock,KOTAKBANK,short,KOTAKBANK_spot_proxy,1h,30.3300491195988,23.37340752493695,389.8,0.2364530629363923,rehedge
2026-08-12 11:00:00,stock,AXISBANK,short,AXISBANK_spot_proxy,1h,-54.954985803377596,71.64894831812661,1222.6,13.43759312864189,rehedge
2026-08-12 11:00:00,stock,ITC,long,ITC_spot_proxy,1h,29.17157544669999,2605.514769446928,277.0,0.16161052797471798,rehedge
2026-08-12 11:00:00,stock,LT,long,LT_spot_proxy,1h,-1.556056417798474,-6.438805477854837,3994.0,1.242977866537421,rehedge
2026-08-12 11:00:00,index,NIFTY,short,spot_as_fut_proxy,1h,-50.26264033832729,-568.7921851750252,24279.65,244.07186309809364,rehedge
2026-08-12 12:00:00,stock,HDFCBANK,long,HDFCBANK_spot_proxy,1h,-0.4785390836671013,488.25726341969164,722.9,0.06918718071658951,rehedge
2026-08-12 12:00:00,stock,INFY,short,INFY_spot_proxy,1h,-0.37315530148140397,308.3389554725046,1166.0,0.0870198163054634,rehedge
2026-08-12 12:00:00,stock,KOTAKBANK,short,KOTAKBANK_spot_proxy,1h,6.40277047800506,29.77617800294201,390.1,0.04995441526939548,rehedge
2026-08-12 12:00:00,stock,AXISBANK,short,AXISBANK_spot_proxy,1h,-49.54409209592281,22.10485622220381,1218.1,12.069931716408714,rehedge
2026-08-12 12:00:00,stock,ITC,long,ITC_spot_proxy,1h,46.18688278989657,2651.7016522368244,276.95,0.2558291437732371,rehedge
2026-08-12 12:00:00,stock,LT,long,LT_spot_proxy,1h,2.630669269743817,-3.8081362081110197,3991.2,0.20999054378803048,rehedge
2026-08-12 12:00:00,index,NIFTY,short,spot_as_fut_proxy,1h,-7.226647852441715,-576.0188330274669,24276.55,35.08761558443879,rehedge
2026-08-12 13:00:00,stock,HDFCBANK,long,HDFCBANK_spot_proxy,1h,3.642691788140553,491.8999552078322,723.15,0.05268425133187682,rehedge
2026-08-12 13:00:00,stock,INFY,short,INFY_spot_proxy,1h,-1.4528747428516908,306.8860807296529,1165.6,0.33869416005358616,rehedge
2026-08-12 13:00:00,stock,KOTAKBANK,short,KOTAKBANK_spot_proxy,1h,28.679488634596858,58.45566663753887,391.4,0.22450303703162422,rehedge
2026-08-12 13:00:00,stock,AXISBANK,short,AXISBANK_spot_proxy,1h,1.0106301254934174,23.115486347697228,1218.2,0.024622992377521625,rehedge
2026-08-12 13:00:00,stock,ITC,long,ITC_spot_proxy,1h,-173.1329380064517,2478.5687142303727,278.25,9.634848000059037,rehedge
2026-08-12 13:00:00,stock,LT,long,LT_spot_proxy,1h,-3.3322534385373284,-7.140389646648348,3994.8,2.6623372072537843,rehedge
2026-08-12 13:00:00,index,NIFTY,short,spot_as_fut_proxy,1h,1.681254319490563,-574.3375787079764,24286.4,0.8166322980975124,rehedge
2026-08-12 14:00:00,stock,HDFCBANK,long,HDFCBANK_spot_proxy,1h,-44.631725613206584,447.2682295946256,730.3,6.518909843064954,rehedge
2026-08-12 14:00:00,stock,INFY,short,INFY_spot_proxy,1h,19.602361600468555,326.4884423301215,1171.2,0.4591657181293755,rehedge
2026-08-12 14:00:00,stock,KOTAKBANK,short,KOTAKBANK_spot_proxy,1h,54.693854590713016,113.14952122825188,394.05,0.43104226802940937,rehedge
2026-08-12 14:00:00,stock,AXISBANK,short,AXISBANK_spot_proxy,1h,57.08997670783249,80.20546305552972,1223.3,1.3967633701338298,rehedge
2026-08-12 14:00:00,stock,ITC,long,ITC_spot_proxy,1h,77.31238031962084,2555.8810945499936,277.45,0.42900639839357607,rehedge
2026-08-12 14:00:00,stock,LT,long,LT_spot_proxy,1h,-13.047446771883525,-20.187836418531873,4008.5,10.460138077019023,rehedge
2026-08-12 14:00:00,index,NIFTY,short,spot_as_fut_proxy,1h,41.309782752734236,-533.0277959552421,24371.15,20.135338238685982,rehedge
2026-08-12 14:00:00,index,NIFTY,short,spot_as_fut_proxy,1h,533.0277959552421,0.0,24371.15,259.810007387892,flatten
2026-08-12 15:00:00,stock,HDFCBANK,long,HDFCBANK_spot_proxy,1h,-2.8060731058110946,444.4621564888145,729.0,0.4091254588272576,rehedge
2026-08-12 15:00:00,stock,INFY,short,INFY_spot_proxy,1h,8.348714748590794,334.83715707871227,1176.1,0.19637846831635264,rehedge
2026-08-12 15:00:00,stock,KOTAKBANK,short,KOTAKBANK_spot_proxy,1h,-74.95257226334911,38.196948964902774,390.5,5.853795893767566,rehedge
2026-08-12 15:00:00,stock,AXISBANK,short,AXISBANK_spot_proxy,1h,76.66123527965769,156.8666983351874,1230.0,1.8858663878795794,rehedge
2026-08-12 15:00:00,stock,ITC,long,ITC_spot_proxy,1h,-86.94241342611576,2468.938681123878,276.15,4.801829493524374,rehedge
2026-08-12 15:00:00,stock,LT,long,LT_spot_proxy,1h,-10.79055103699466,-30.978387455526534,4020.0,8.675603033743707,rehedge
2026-08-13 09:00:00,stock,HDFCBANK,long,HDFCBANK_spot_proxy,1h,14.116998616383341,458.57915510519786,728.2,0.20559996784900703,rehedge
2026-08-13 09:00:00,stock,INFY,short,INFY_spot_proxy,1h,-30.62712045968283,304.21003661902944,1162.0,7.11774279483029,rehedge
2026-08-13 09:00:00,stock,KOTAKBANK,short,KOTAKBANK_spot_proxy,1h,-30.994920490288553,7.202028474614219,389.15,2.412334661759158,rehedge
2026-08-13 09:00:00,stock,AXISBANK,short,AXISBANK_spot_proxy,1h,-110.25914011139976,46.60755822378765,1220.4,26.912050918390456,rehedge
2026-08-13 09:00:00,stock,ITC,long,ITC_spot_proxy,1h,238.97985752838622,2707.918538652264,276.4,1.321080652416919,rehedge
2026-08-13 09:00:00,stock,LT,long,LT_spot_proxy,1h,19.81809663405456,-11.160290821471975,3999.5,1.5852495497580243,rehedge
2026-08-13 10:00:00,stock,HDFCBANK,long,HDFCBANK_spot_proxy,1h,7.72190588162573,466.3010609868236,727.3,0.11232284295412787,rehedge
2026-08-13 10:00:00,stock,INFY,short,INFY_spot_proxy,1h,-4.176113057321004,300.03392356170843,1159.9,0.9687747070373266,rehedge
2026-08-13 10:00:00,stock,KOTAKBANK,short,KOTAKBANK_spot_proxy,1h,19.947707496594113,27.149735971208333,390.0,0.1555921184734341,rehedge
2026-08-13 10:00:00,stock,AXISBANK,short,AXISBANK_spot_proxy,1h,-39.40989091484753,7.1976673089401215,1217.0,9.59236744867389,rehedge
2026-08-13 10:00:00,stock,ITC,long,ITC_spot_proxy,1h,-8.86316247088962,2699.0553761813744,276.75,0.49057604276374045,rehedge
2026-08-13 10:00:00,stock,LT,long,LT_spot_proxy,1h,3.492998074277441,-7.667292747194534,3995.9,0.2791534201001046,rehedge
2026-08-13 11:00:00,stock,HDFCBANK,long,HDFCBANK_spot_proxy,1h,1.3898668049125718,467.69092779173616,727.0,0.020208663343428794,rehedge
2026-08-13 11:00:00,stock,INFY,short,INFY_spot_proxy,1h,34.71385024765067,334.7477738093591,1171.0,0.8129983727999788,rehedge
2026-08-13 11:00:00,stock,KOTAKBANK,short,KOTAKBANK_spot_proxy,1h,37.54767319574778,64.6974091669561,391.6,0.29407337646909665,rehedge
2026-08-13 11:00:00,stock,AXISBANK,short,AXISBANK_spot_proxy,1h,33.42360387934937,40.62127118828949,1219.9,0.8154690874483661,rehedge
2026-08-13 11:00:00,stock,ITC,long,ITC_spot_proxy,1h,-107.1794216083631,2591.8759545730113,277.75,5.95381687034457,rehedge
2026-08-13 11:00:00,stock,LT,long,LT_spot_proxy,1h,-49.137979237834145,-56.805271985028675,4044.7,39.74967692465355,rehedge
2026-08-13 12:00:00,stock,HDFCBANK,long,HDFCBANK_spot_proxy,1h,-1.1566471372519231,466.53428065448423,727.15,0.1682111931705472,rehedge
2026-08-13 12:00:00,stock,INFY,short,INFY_spot_proxy,1h,-1.5773459976622348,333.17042781169687,1168.9,0.3687519473334773,rehedge
2026-08-13 12:00:00,stock,KOTAKBANK,short,KOTAKBANK_spot_proxy,1h,10.797507466420683,75.49491663337679,392.05,0.08466325604420458,rehedge
2026-08-13 12:00:00,stock,AXISBANK,short,AXISBANK_spot_proxy,1h,6.807907612515031,47.42917880080452,1220.5,0.16618102482149194,rehedge
2026-08-13 12:00:00,stock,ITC,long,ITC_spot_proxy,1h,-4.951789635391378,2586.92416493762,277.6,0.27492336055692934,rehedge
2026-08-13 12:00:00,stock,LT,long,LT_spot_proxy,1h,7.5094994871015786,-49.295772497927096,4035.6,0.6061067226029426,rehedge
2026-08-13 13:00:00,stock,HDFCBANK,long,HDFCBANK_spot_proxy,1h,-4.461168684616553,462.0731119698677,728.0,0.6495461604801701,rehedge
2026-08-13 13:00:00,stock,INFY,short,INFY_spot_proxy,1h,9.740507822965583,342.91093563466245,1172.7,0.22845387047983481,rehedge
2026-08-13 13:00:00,stock,KOTAKBANK,short,KOTAKBANK_spot_proxy,1h,-24.323666086770494,51.171250546606295,391.0,1.9021106879854528,rehedge
2026-08-13 13:00:00,stock,AXISBANK,short,AXISBANK_spot_proxy,1h,-5.257616164621481,42.17156263618304,1220.0,1.2828583441676416,rehedge
2026-08-13 13:00:00,stock,ITC,long,ITC_spot_proxy,1h,47.85898563415094,2634.783150571771,277.45,0.2655695112839036,rehedge
2026-08-13 13:00:00,stock,LT,long,LT_spot_proxy,1h,-15.407700144469622,-64.70347264239672,4049.4,12.478388193003058,rehedge
2026-08-13 14:00:00,stock,HDFCBANK,long,HDFCBANK_spot_proxy,1h,7.819990277983379,469.89310224785106,726.7,0.11365573870021045,rehedge
2026-08-13 14:00:00,stock,INFY,short,INFY_spot_proxy,1h,-23.575255874336165,319.3356797603263,1164.7,5.491620103367866,rehedge
2026-08-13 14:00:00,stock,KOTAKBANK,short,KOTAKBANK_spot_proxy,1h,-0.8235161119056542,50.34773443470064,391.0,0.06439895995102217,rehedge
2026-08-13 14:00:00,stock,AXISBANK,short,AXISBANK_spot_proxy,1h,-15.492537118258419,26.67902551792462,1218.7,3.7761509972043075,rehedge
2026-08-13 14:00:00,stock,ITC,long,ITC_spot_proxy,1h,52.64156477866345,2687.4247153504343,277.15,0.2917921935681315,rehedge
2026-08-13 14:00:00,stock,LT,long,LT_spot_proxy,1h,-0.15443564201206073,-64.85790828440878,4048.8,0.1250558054756863,rehedge
2026-08-13 15:00:00,stock,HDFCBANK,long,HDFCBANK_spot_proxy,1h,19.504982117105442,489.3980843649565,725.0,0.2828222406980289,rehedge
2026-08-13 15:00:00,stock,INFY,short,INFY_spot_proxy,1h,30.981444769475218,350.3171245298015,1175.0,0.7280639520826677,rehedge
2026-08-13 15:00:00,stock,KOTAKBANK,short,KOTAKBANK_spot_proxy,1h,32.45780294945895,82.80553738415959,392.4,0.25472883754735387,rehedge
2026-08-13 15:00:00,stock,AXISBANK,short,AXISBANK_spot_proxy,1h,37.811134077529,64.49015959545362,1221.8,0.9239528723184987,rehedge
2026-08-13 15:00:00,stock,ITC,long,ITC_spot_proxy,1h,-149.8115193568924,2537.613195993542,278.5,8.344501628178907,rehedge
2026-08-13 15:00:00,stock,LT,long,LT_spot_proxy,1h,-9.892001592450626,-74.7499098768594,4070.7,8.053474176477753,rehedge
2026-08-14 09:00:00,stock,HDFCBANK,long,HDFCBANK_spot_proxy,1h,-17.8086528150518,471.5894315499047,728.9,2.5961454073782515,rehedge
2026-08-14 09:00:00,stock,INFY,short,INFY_spot_proxy,1h,-4.901305310227372,345.41581921957413,1169.6,1.1465133381683867,rehedge
2026-08-14 09:00:00,stock,KOTAKBANK,short,KOTAKBANK_spot_proxy,1h,3.5539262601610915,86.35946364432068,392.5,0.02789832114226457,rehedge
2026-08-14 09:00:00,stock,AXISBANK,short,AXISBANK_spot_proxy,1h,-123.26455863436641,-58.7743990389128,1211.9,29.876863721797733,rehedge
2026-08-14 09:00:00,stock,ITC,long,ITC_spot_proxy,1h,190.12763716248037,2727.7408331560223,277.3,1.0544478757031162,rehedge
2026-08-14 09:00:00,stock,LT,long,LT_spot_proxy,1h,14.036033272742912,-60.71387660411649,4046.5,1.135936172763084,rehedge
2026-08-14 10:00:00,stock,HDFCBANK,long,HDFCBANK_spot_proxy,1h,13.993356356834,485.5827879067387,727.35,0.2035613549228642,rehedge
2026-08-14 10:00:00,stock,INFY,short,INFY_spot_proxy,1h,-31.288171496844427,314.1276477227297,1159.6,7.256352733548159,rehedge
2026-08-14 10:00:00,stock,KOTAKBANK,short,KOTAKBANK_spot_proxy,1h,-25.0923153068926,61.26714833742808,391.4,1.9642264422235527,rehedge
2026-08-14 10:00:00,stock,AXISBANK,short,AXISBANK_spot_proxy,1h,-5.750869774130273,-64.52526881304307,1211.6,1.3935507636672475,rehedge
2026-08-14 10:00:00,stock,ITC,long,ITC_spot_proxy,1h,-65.19693683083142,2662.543896325191,277.85,3.622993779689302,rehedge
2026-08-14 10:00:00,stock,LT,long,LT_spot_proxy,1h,5.874510210263068,-54.839366393853425,4039.3,0.47457818184631223,rehedge
2026-08-14 10:00:00,index,NIFTY,short,spot_as_fut_proxy,1h,49.0283988249219,49.0283988249219,24312.2,23.83976475822533,entry
2026-08-14 11:00:00,stock,HDFCBANK,long,HDFCBANK_spot_proxy,1h,8.217525574875538,493.80031348161424,726.75,0.11944173423081596,rehedge
2026-08-14 11:00:00,stock,INFY,short,INFY_spot_proxy,1h,17.1438820516712,331.2715297744009,1165.3,0.399555315096249,rehedge
2026-08-14 11:00:00,stock,KOTAKBANK,short,KOTAKBANK_spot_proxy,1h,-19.969767652019037,41.297380685409045,390.6,1.5600382489757274,rehedge
2026-08-14 11:00:00,stock,AXISBANK,short,AXISBANK_spot_proxy,1h,-6.959044990201974,-71.48431380324504,1211.1,1.6856198775267222,rehedge
2026-08-14 11:00:00,stock,ITC,long,ITC_spot_proxy,1h,101.1807285476666,2763.7246248728575,276.85,0.56023769396843,rehedge
2026-08-14 11:00:00,stock,LT,long,LT_spot_proxy,1h,-10.779296226027938,-65.61866261988136,4049.5,8.730152013460028,rehedge
2026-08-14 11:00:00,index,NIFTY,short,spot_as_fut_proxy,1h,48.50359068561625,97.53198951053815,24326.9,23.598840004998365,rehedge
2026-08-14 12:00:00,stock,HDFCBANK,long,HDFCBANK_spot_proxy,1h,0.7904069592570409,494.5907204408713,726.55,0.011485403524964062,rehedge
2026-08-14 12:00:00,stock,INFY,short,INFY_spot_proxy,1h,4.330665558500527,335.60219533290143,1166.7,0.10105175014205132,rehedge
2026-08-14 12:00:00,stock,KOTAKBANK,short,KOTAKBANK_spot_proxy,1h,27.193214098547863,68.49059478395691,391.7,0.21303163924802399,rehedge
2026-08-14 12:00:00,stock,AXISBANK,short,AXISBANK_spot_proxy,1h,43.242342919717174,-28.241970883527873,1214.6,1.0504429942057696,rehedge
2026-08-14 12:00:00,stock,ITC,long,ITC_spot_proxy,1h,10.061380605575778,2773.7860054784333,276.85,0.05570986441307309,rehedge
2026-08-14 12:00:00,stock,LT,long,LT_spot_proxy,1h,-2.860134294545091,-68.47879691442645,4053.7,2.318825277959487,rehedge
2026-08-14 12:00:00,index,NIFTY,short,spot_as_fut_proxy,1h,72.0183071851938,169.55029669573196,24349.55,35.07226743442472,rehedge
2026-08-14 13:00:00,stock,HDFCBANK,long,HDFCBANK_spot_proxy,1h,-1.404124569232863,493.1865958716384,727.6,0.20432820731476622,rehedge
2026-08-14 13:00:00,stock,HDFCBANK,long,HDFCBANK_spot_proxy,1h,-493.1865958716384,0.0,727.6,71.76851343124083,flatten
2026-08-14 13:00:00,stock,INFY,short,INFY_spot_proxy,1h,12.75129735684959,348.353492689751,1168.7,0.2980488244190024,rehedge
2026-08-14 13:00:00,stock,KOTAKBANK,short,KOTAKBANK_spot_proxy,1h,38.17944505621958,106.67003984017649,393.25,0.300281335367167,rehedge
2026-08-14 13:00:00,stock,AXISBANK,short,AXISBANK_spot_proxy,1h,25.276359866998366,-2.9656110165295066,1216.6,0.6150243882838042,rehedge
2026-08-14 13:00:00,stock,AXISBANK,short,AXISBANK_spot_proxy,1h,2.9656110165295066,0.0,1216.6,0.07215924725419595,flatten
2026-08-14 13:00:00,stock,ITC,long,ITC_spot_proxy,1h,24.72897085303339,2798.5149763314666,277.0,0.13699849852580498,rehedge
2026-08-14 13:00:00,stock,LT,long,LT_spot_proxy,1h,-10.87752489641646,-79.35632181084291,4064.8,8.842992639790726,rehedge
2026-08-14 13:00:00,index,NIFTY,short,spot_as_fut_proxy,1h,115.34369009714493,284.8939867928769,24395.0,56.276186398397016,rehedge
2026-08-14 14:00:00,stock,INFY,short,INFY_spot_proxy,1h,7.421216541126569,355.7747092308776,1170.5,0.17373067922777297,rehedge
2026-08-14 14:00:00,stock,KOTAKBANK,short,KOTAKBANK_spot_proxy,1h,6.807672589733556,113.47771242991004,393.45,0.053569575608613355,rehedge
2026-08-14 14:00:00,stock,KOTAKBANK,short,KOTAKBANK_spot_proxy,1h,-113.47771242991004,0.0,393.45,8.92956119110962,flatten
2026-08-14 14:00:00,stock,ITC,long,ITC_spot_proxy,1h,-36.33404870793356,2762.180927623533,277.6,2.0172663842644716,rehedge
2026-08-14 14:00:00,stock,LT,long,LT_spot_proxy,1h,2.105497899799815,-77.2508239110431,4062.0,0.171050649379737,rehedge
2026-08-14 14:00:00,index,NIFTY,short,spot_as_fut_proxy,1h,-3.710913965765201,281.1830728271117,24374.6,18.090408709988093,rehedge
2026-08-14 15:00:00,stock,INFY,short,INFY_spot_proxy,1h,4.127468747274463,359.90217797815205,1169.2,0.09651672918626607,rehedge
2026-08-14 15:00:00,stock,ITC,long,ITC_spot_proxy,1h,-42.949544877385506,2719.2313827461476,278.2,2.3897126769777293,rehedge
2026-08-14 15:00:00,stock,LT,long,LT_spot_proxy,1h,6.938389701880368,-70.31243420916273,4057.0,0.5629809404105731,rehedge
2026-08-14 15:00:00,index,NIFTY,short,spot_as_fut_proxy,1h,-37.92269155201643,243.26038127509526,24366.0,184.80486047128647,rehedge
2026-08-17 09:00:00,stock,INFY,short,INFY_spot_proxy,1h,-54.701337845347155,305.2008401328049,1149.9,12.58021367767294,rehedge
2026-08-17 09:00:00,stock,ITC,long,ITC_spot_proxy,1h,250.88297334015851,2970.114356086306,276.2,1.3858775447310356,rehedge
2026-08-17 09:00:00,stock,LT,long,LT_spot_proxy,1h,22.153205933823898,-48.15922827533883,4030.0,1.7855483982662064,rehedge
2026-08-17 09:00:00,index,NIFTY,short,spot_as_fut_proxy,1h,-307.690421944215,-64.43004066911979,24283.95,1494.387764394444,rehedge
2026-08-17 10:00:00,stock,INFY,short,INFY_spot_proxy,1h,-34.58135810040261,270.6194820324023,1143.4,7.90806497040007,rehedge
2026-08-17 10:00:00,stock,ITC,long,ITC_spot_proxy,1h,91.58897400477463,3061.7033300910807,275.15,0.5040141239482747,rehedge
2026-08-17 10:00:00,stock,LT,long,LT_spot_proxy,1h,-1.2317781290506105,-49.391006404389444,4030.5,0.9929363498276972,rehedge
2026-08-17 10:00:00,index,NIFTY,short,spot_as_fut_proxy,1h,-144.2139713072921,-208.6440119764119,24237.55,699.0786680518115,rehedge
2026-08-17 10:00:00,stock,HDFCBANK,short,HDFCBANK_spot_proxy,1h,26.123782923819462,26.123782923819462,725.1,0.37884709996122984,entry
2026-08-17 11:00:00,stock,INFY,short,INFY_spot_proxy,1h,-3.843073297925855,266.77640873447643,1142.1,0.8778348027122238,rehedge
2026-08-17 11:00:00,stock,ITC,long,ITC_spot_proxy,1h,20.853140991336204,3082.556471082417,273.65,0.11412924064558304,rehedge
2026-08-17 11:00:00,stock,LT,long,LT_spot_proxy,1h,-29.541028743856415,-78.93203514824586,4057.0,23.969590722765098,rehedge
2026-08-17 11:00:00,index,NIFTY,short,spot_as_fut_proxy,1h,99.83941639411768,-108.80459558229421,24271.65,48.46534741844574,rehedge
2026-08-17 11:00:00,stock,HDFCBANK,short,HDFCBANK_spot_proxy,1h,3.333895445174562,29.457678368994024,725.55,0.048378156804928074,rehedge
2026-08-17 12:00:00,stock,INFY,short,INFY_spot_proxy,1h,8.252865079342712,275.02927381381915,1143.4,0.18872651863440917,rehedge
2026-08-17 12:00:00,stock,ITC,long,ITC_spot_proxy,1h,-6.040449793803418,3076.5160212886135,273.35,0.3302313902272329,rehedge
2026-08-17 12:00:00,stock,LT,long,LT_spot_proxy,1h,-4.383050017331357,-83.31508516557722,4061.0,3.559913224076528,rehedge
2026-08-17 12:00:00,index,NIFTY,short,spot_as_fut_proxy,1h,190.04978505900672,81.24518947671251,24334.0,92.4934293925174,rehedge
2026-08-17 12:00:00,stock,HDFCBANK,short,HDFCBANK_spot_proxy,1h,14.57668665430456,44.034365023298584,727.55,0.21210536750678563,rehedge
2026-08-17 13:00:00,stock,INFY,short,INFY_spot_proxy,1h,4.312250223317903,279.34152403713705,1144.5,0.09870740761174682,rehedge
2026-08-17 13:00:00,stock,ITC,long,ITC_spot_proxy,1h,-16.36736821712475,3060.1486530714888,273.25,0.8944766730658675,rehedge
2026-08-17 13:00:00,stock,LT,long,LT_spot_proxy,1h,-0.8581459901332522,-84.17323115571047,4060.4,0.6968831956674115,rehedge
2026-08-17 13:00:00,index,NIFTY,short,spot_as_fut_proxy,1h,17.67071094597435,98.91590042268686,24338.3,8.601501284328151,rehedge
2026-08-17 13:00:00,stock,HDFCBANK,short,HDFCBANK_spot_proxy,1h,6.181775866171925,50.21614088947051,728.4,0.09005611081839261,rehedge
2026-08-17 14:00:00,stock,INFY,short,INFY_spot_proxy,1h,-16.592482262058752,262.7490417750783,1141.1,3.786736301847048,rehedge
2026-08-17 14:00:00,stock,ITC,long,ITC_spot_proxy,1h,21.504115207633276,3081.652768279122,273.45,0.1176060060705464,rehedge
2026-08-17 14:00:00,stock,LT,long,LT_spot_proxy,1h,-4.260729566060675,-88.43396072177114,4067.8,3.4663591457643235,rehedge
2026-08-17 14:00:00,index,NIFTY,short,spot_as_fut_proxy,1h,-0.23225382660332627,98.68364659608353,24338.2,1.1305280165274152,rehedge
2026-08-17 14:00:00,stock,HDFCBANK,short,HDFCBANK_spot_proxy,1h,0.9580290907276776,51.17416998019819,728.6,0.013960399910083719,rehedge
2026-08-17 15:00:00,stock,INFY,short,INFY_spot_proxy,1h,-1.6537625484291425,261.09527922664915,1139.9,0.37702478579087595,rehedge
2026-08-17 15:00:00,stock,ITC,long,ITC_spot_proxy,1h,19.578867880933558,3101.2316361600556,273.05,0.10692019749777817,rehedge
2026-08-17 15:00:00,stock,LT,long,LT_spot_proxy,1h,-0.6431088075298561,-89.077069529301,4086.7,0.5256385527464525,rehedge
2026-08-17 15:00:00,index,NIFTY,short,spot_as_fut_proxy,1h,-153.77125117664258,-55.08760458055906,24287.65,746.9484657280767,rehedge
2026-08-17 15:00:00,stock,HDFCBANK,short,HDFCBANK_spot_proxy,1h,3.5678713097902772,54.742041289988464,729.0,0.052019563696742245,rehedge
2026-08-18 09:00:00,stock,INFY,short,INFY_spot_proxy,1h,-107.0126474592403,154.08263176740886,1119.3,23.955851260225533,rehedge
2026-08-18 09:00:00,stock,ITC,long,ITC_spot_proxy,1h,58.708536089563495,3159.940172249619,272.55,0.3200202302242106,rehedge
2026-08-18 09:00:00,stock,LT,long,LT_spot_proxy,1h,3.2816445819511983,-85.7954249473498,4062.7,0.2666467488618627,rehedge
2026-08-18 09:00:00,index,NIFTY,short,spot_as_fut_proxy,1h,-188.96231532736786,-244.04991990792692,24234.5,915.8814461602193,rehedge
2026-08-18 09:00:00,stock,HDFCBANK,short,HDFCBANK_spot_proxy,1h,-23.837360209337174,30.90468108065129,725.9,3.4607079551915714,rehedge
2026-08-18 10:00:00,stock,INFY,short,INFY_spot_proxy,1h,-7.571455734992753,146.5111760324161,1117.7,1.6925232150002802,rehedge
2026-08-18 10:00:00,stock,INFY,short,INFY_spot_proxy,1h,-146.5111760324161,0.0,1117.7,32.7511082902863,flatten
2026-08-18 10:00:00,stock,ITC,long,ITC_spot_proxy,1h,8.908554538128556,3168.8487267877476,272.15,0.04848926235103373,rehedge
2026-08-18 10:00:00,stock,ITC,long,ITC_spot_proxy,1h,-3168.8487267877476,0.0,272.15,172.4804361990571,flatten
2026-08-18 10:00:00,stock,LT,long,LT_spot_proxy,1h,-7.2281769891663,-93.0236019365161,4068.6,5.881712179624403,rehedge
2026-08-18 10:00:00,stock,LT,long,LT_spot_proxy,1h,93.0236019365161,0.0,4068.6,7.569516536778189,flatten
2026-08-18 10:00:00,index,NIFTY,short,spot_as_fut_proxy,1h,-96.49647215231462,-340.54639206024154,24200.25,467.0477500408104,rehedge
2026-08-18 10:00:00,stock,HDFCBANK,short,HDFCBANK_spot_proxy,1h,-13.608869240531789,17.2958118401195,724.2,1.9711086207986246,rehedge
2026-08-18 10:00:00,stock,TCS,long,TCS_spot_proxy,1h,-14.261028969926109,-14.261028969926109,2293.0,6.540107885608114,entry
2026-08-18 11:00:00,index,NIFTY,short,spot_as_fut_proxy,1h,19.18354431818574,-321.3628477420558,24206.8,9.28744441202917,rehedge
2026-08-18 11:00:00,stock,HDFCBANK,short,HDFCBANK_spot_proxy,1h,9.104848317453826,26.400660157573327,725.35,0.13208403454130266,rehedge
2026-08-18 11:00:00,stock,TCS,long,TCS_spot_proxy,1h,2.3577880777326765,-11.903240892193432,2289.8,0.10797726280784567,rehedge
2026-08-18 12:00:00,index,NIFTY,short,spot_as_fut_proxy,1h,-24.31389409562837,-345.6767418376842,24199.05,117.67462778296316,rehedge
2026-08-18 12:00:00,stock,HDFCBANK,short,HDFCBANK_spot_proxy,1h,-3.3482469118546803,23.052413245718647,724.95,0.48546231974981013,rehedge
2026-08-18 12:00:00,stock,TCS,long,TCS_spot_proxy,1h,5.4457595027518,-6.457481389441632,2282.2,0.24856624674360317,rehedge
2026-08-18 13:00:00,index,NIFTY,short,spot_as_fut_proxy,1h,-26.517892508747593,-372.19463434643177,24190.8,128.29780682012225,rehedge
2026-08-18 13:00:00,stock,HDFCBANK,short,HDFCBANK_spot_proxy,1h,-10.33057581232023,12.721837433398417,723.7,1.4952475430752303,rehedge
2026-08-18 13:00:00,stock,TCS,long,TCS_spot_proxy,1h,-1.4365029292189266,-7.893984318660559,2284.4,0.6563094583015433,rehedge
2026-08-18 14:00:00,index,NIFTY,short,spot_as_fut_proxy,1h,59.824427479239205,-312.37020686719256,24214.3,28.97213268621084,rehedge
2026-08-18 14:00:00,stock,HDFCBANK,short,HDFCBANK_spot_proxy,1h,4.117405712931916,16.839243146330332,724.2,0.05963650434610588,rehedge
2026-08-18 14:00:00,stock,TCS,long,TCS_spot_proxy,1h,-5.62051467913771,-13.514498997798269,2292.0,2.5764439289167265,rehedge
2026-08-18 15:00:00,index,NIFTY,short,spot_as_fut_proxy,1h,-162.57417351615288,-474.94438038334545,24154.9,785.3925807730643,rehedge
2026-08-18 15:00:00,stock,HDFCBANK,short,HDFCBANK_spot_proxy,1h,-9.510389562410122,7.328853583920211,723.0,1.3752023307245036,rehedge
2026-08-18 15:00:00,stock,TCS,long,TCS_spot_proxy,1h,8.517504771905942,-4.996994225892326,2280.0,0.388398217598911,rehedge
2026-08-19 09:00:00,index,NIFTY,short,spot_as_fut_proxy,1h,-197.92379893705618,-672.8681793204016,24097.8,953.9056244050785,rehedge
2026-08-19 09:00:00,stock,HDFCBANK,short,HDFCBANK_spot_proxy,1h,-42.26738988672673,-34.93853630280652,718.15,6.07086520943056,rehedge
2026-08-19 09:00:00,stock,TCS,long,TCS_spot_proxy,1h,3.7140913071397943,-1.282902918752532,2275.7,0.16904315175316062,rehedge
2026-08-19 10:00:00,index,NIFTY,short,spot_as_fut_proxy,1h,-98.74172859818873,-771.6099079185904,24056.1,475.0681794661775,rehedge
2026-08-19 10:00:00,stock,HDFCBANK,short,HDFCBANK_spot_proxy,1h,-24.54584715321092,-59.48438345601744,715.5,3.512510727624483,rehedge
2026-08-19 10:00:00,stock,TCS,long,TCS_spot_proxy,1h,9.914325612351142,8.63142269359861,2261.3,0.4483852901441928,rehedge
2026-08-19 10:00:00,stock,BAJFINANCE,long,BAJFINANCE_spot_proxy,1h,-38.12701867182389,-38.12701867182389,1086.0,8.281188455520148,entry
2026-08-19 10:00:00,stock,LT,short,LT_spot_proxy,1h,14.670969640766018,14.670969640766018,4036.4,1.1843580371597593,entry
2026-08-19 11:00:00,index,NIFTY,short,spot_as_fut_proxy,1h,34.7980752952335,-736.8118326233568,24078.3,16.75756992762442,rehedge
2026-08-19 11:00:00,stock,HDFCBANK,short,HDFCBANK_spot_proxy,1h,28.30936878487178,-31.17501467114566,718.75,0.40694717628253185,rehedge
2026-08-19 11:00:00,stock,TCS,long,TCS_spot_proxy,1h,-12.227322891687663,-3.5959001980890526,2278.8,5.57272468111557,rehedge
2026-08-19 11:00:00,stock,BAJFINANCE,long,BAJFINANCE_spot_proxy,1h,23.394133255450786,-14.732885416373104,1081.6,0.5060618905819114,rehedge
2026-08-19 11:00:00,stock,LT,short,LT_spot_proxy,1h,6.099777733003986,20.770747373770003,4048.0,0.49383800526400273,rehedge
2026-08-19 12:00:00,index,NIFTY,short,spot_as_fut_proxy,1h,-51.4125586480867,-788.2243912714436,24055.3,247.34890440946398,rehedge
2026-08-19 12:00:00,stock,HDFCBANK,short,HDFCBANK_spot_proxy,1h,11.789848084736875,-19.385166586408786,720.2,0.16982097181254996,rehedge
2026-08-19 12:00:00,stock,TCS,long,TCS_spot_proxy,1h,0.05206799369805859,-3.543832204390994,2278.7,0.002372946744795322,rehedge
2026-08-19 12:00:00,stock,BAJFINANCE,long,BAJFINANCE_spot_proxy,1h,1.485398999647309,-13.247486416725796,1081.4,0.032126209564372,rehedge
2026-08-19 12:00:00,stock,LT,short,LT_spot_proxy,1h,-4.857227364150779,15.913520009619225,4039.0,3.923668264760999,rehedge
2026-08-19 13:00:00,index,NIFTY,short,spot_as_fut_proxy,1h,-25.166267337084946,-813.3906586085285,24044.95,121.02432796136814,rehedge
2026-08-19 13:00:00,stock,HDFCBANK,short,HDFCBANK_spot_proxy,1h,0.6570576910005208,-18.728108895408266,720.35,0.009466230154244505,rehedge
2026-08-19 13:00:00,stock,TCS,long,TCS_spot_proxy,1h,-0.3531191717712905,-3.8969513761622845,2279.3,0.16097290564366049,rehedge
2026-08-19 13:00:00,stock,BAJFINANCE,long,BAJFINANCE_spot_proxy,1h,14.766296715208904,1.5188102984831087,1078.7,0.31856808533391695,rehedge
2026-08-19 13:00:00,stock,LT,short,LT_spot_proxy,1h,-6.437178269323761,9.476341740295464,4027.4,5.185018352374903,rehedge
2026-08-19 14:00:00,index,NIFTY,short,spot_as_fut_proxy,1h,8.813267970556467,-804.577390637972,24053.1,4.239728316451835,rehedge
2026-08-19 14:00:00,stock,HDFCBANK,short,HDFCBANK_spot_proxy,1h,-6.9456134783122,-25.673722373720466,719.7,0.9997516040682582,rehedge
2026-08-19 14:00:00,stock,TCS,long,TCS_spot_proxy,1h,-1.640485132854527,-5.537436509016811,2281.5,0.7485533661215207,rehedge
2026-08-19 14:00:00,stock,BAJFINANCE,long,BAJFINANCE_spot_proxy,1h,-4.993060501137486,-3.4742502026543773,1079.6,1.0781016234056058,rehedge
2026-08-19 14:00:00,stock,LT,short,LT_spot_proxy,1h,6.345644405639193,15.821986145934657,4038.6,0.512550389932289,rehedge
2026-08-19 15:00:00,index,NIFTY,short,spot_as_fut_proxy,1h,40.62382415608761,-763.9535664818844,24078.3,19.563052503550484,rehedge
2026-08-19 15:00:00,stock,HDFCBANK,short,HDFCBANK_spot_proxy,1h,3.2413353040400494,-22.432387069680416,720.0,0.04667522837817671,rehedge
2026-08-19 15:00:00,stock,TCS,long,TCS_spot_proxy,1h,-5.4023397746699695,-10.939776283686781,2289.0,2.4731911488439122,rehedge
2026-08-19 15:00:00,stock,BAJFINANCE,long,BAJFINANCE_spot_proxy,1h,-3.080470933572638,-6.554721136227015,1080.2,0.6655049404890327,rehedge
2026-08-19 15:00:00,stock,LT,short,LT_spot_proxy,1h,1.1893693807281007,17.011355526662758,4041.3,0.09613196956672948,rehedge
2026-08-20 09:00:00,index,NIFTY,short,spot_as_fut_proxy,1h,294.20272296280325,-469.7508435190812,24203.8,142.41647732094196,rehedge
2026-08-20 09:00:00,stock,HDFCBANK,short,HDFCBANK_spot_proxy,1h,58.30985593905396,35.877468869373544,726.75,0.8475337560741494,rehedge
2026-08-20 09:00:00,stock,TCS,long,TCS_spot_proxy,1h,-12.676996185988637,-23.616772469675418,2306.5,5.847898340596559,rehedge
2026-08-20 09:00:00,stock,BAJFINANCE,long,BAJFINANCE_spot_proxy,1h,-85.8810872612877,-92.43580839751472,1096.0,18.825134327674267,rehedge
2026-08-20 09:00:00,stock,LT,short,LT_spot_proxy,1h,7.28966597039669,24.30102149705945,4053.0,0.5909003235603558,rehedge
2026-08-20 10:00:00,index,NIFTY,short,spot_as_fut_proxy,1h,25.239081394125492,-444.5117621249557,24212.55,12.222050404186664,rehedge
2026-08-20 10:00:00,stock,HDFCBANK,short,HDFCBANK_spot_proxy,1h,2.2112597464387633,38.08872861581231,727.0,0.032151716713219626,rehedge
2026-08-20 10:00:00,stock,TCS,long,TCS_spot_proxy,1h,-3.0884676678886116,-26.70524013756403,2310.4,1.4271191399779697,rehedge
2026-08-20 10:00:00,stock,BAJFINANCE,long,BAJFINANCE_spot_proxy,1h,-26.30402308089556,-118.73983147841028,1100.3,5.7884633191818775,rehedge
2026-08-20 10:00:00,stock,LT,short,LT_spot_proxy,1h,0.33810909934480193,24.63913059640425,4053.8,0.027412533338479164,rehedge
2026-08-20 10:00:00,stock,INFY,long,INFY_spot_proxy,1h,-37.914191561428964,-37.914191561428964,1138.8,8.635336270031061,entry
2026-08-20 11:00:00,index,NIFTY,short,spot_as_fut_proxy,1h,15.800995655383076,-428.7107664695726,24216.6,7.652927827762996,rehedge
2026-08-20 11:00:00,stock,HDFCBANK,short,HDFCBANK_spot_proxy,1h,-8.951798223934837,29.13693039187747,726.0,1.2998011021153384,rehedge
2026-08-20 11:00:00,stock,TCS,long,TCS_spot_proxy,1h,13.957100982455689,-12.74813915510834,2291.8,0.6397376806318391,rehedge
2026-08-20 11:00:00,stock,BAJFINANCE,long,BAJFINANCE_spot_proxy,1h,20.150039983305035,-98.58979149510525,1097.0,0.44209187723371246,rehedge
2026-08-20 11:00:00,stock,LT,short,LT_spot_proxy,1h,15.655613601745365,40.294744198149615,4080.0,1.2774980699024219,rehedge
2026-08-20 11:00:00,stock,INFY,long,INFY_spot_proxy,1h,24.332890354022283,-13.581301207406682,1131.0,0.5504099798079841,rehedge
2026-08-20 12:00:00,index,NIFTY,short,spot_as_fut_proxy,1h,112.73916716235675,-315.97159930721585,24244.25,54.66553106951935,rehedge
2026-08-20 12:00:00,stock,HDFCBANK,short,HDFCBANK_spot_proxy,1h,-0.9675959291634122,28.16933446271406,725.9,0.14047557699594418,rehedge
2026-08-20 12:00:00,stock,TCS,long,TCS_spot_proxy,1h,-5.375519730142791,-18.123658885251132,2298.6,2.471233930341244,rehedge
2026-08-20 12:00:00,stock,BAJFINANCE,long,BAJFINANCE_spot_proxy,1h,-0.601861349857316,-99.19165284496256,1097.0,0.13204838015869513,rehedge
2026-08-20 12:00:00,stock,LT,short,LT_spot_proxy,1h,0.6705210509993762,40.96526524914899,4079.6,0.0547091535931411,rehedge
2026-08-20 12:00:00,stock,INFY,long,INFY_spot_proxy,1h,-7.383207288419591,-20.964508495826273,1133.4,1.673625428138953,rehedge
2026-08-20 13:00:00,index,NIFTY,short,spot_as_fut_proxy,1h,-59.317629373860086,-375.28922868107594,24232.95,287.4882293470566,rehedge
2026-08-20 13:00:00,stock,HDFCBANK,short,HDFCBANK_spot_proxy,1h,-3.7312010364093062,24.438133426304752,725.5,0.5413972703829903,rehedge
2026-08-20 13:00:00,stock,TCS,long,TCS_spot_proxy,1h,-2.2739565356277183,-20.39761542087885,2301.8,1.0468386307415767,rehedge
2026-08-20 13:00:00,stock,BAJFINANCE,long,BAJFINANCE_spot_proxy,1h,9.308041386406757,-89.8836114585558,1095.9,0.20401365110726333,rehedge
2026-08-20 13:00:00,stock,LT,short,LT_spot_proxy,1h,-0.08726853572935056,40.87799671341964,4078.8,0.07119018070657503,rehedge
2026-08-20 13:00:00,stock,INFY,long,INFY_spot_proxy,1h,-3.2023026412709044,-24.166811137097177,1134.4,0.7265384232515428,rehedge
2026-08-20 14:00:00,index,NIFTY,short,spot_as_fut_proxy,1h,19.37540524197442,-355.9138234391015,24238.1,9.392460195910003,rehedge
2026-08-20 14:00:00,stock,HDFCBANK,short,HDFCBANK_spot_proxy,1h,2.7195321265786525,27.157665552883405,725.8,0.03947672834941572,rehedge
2026-08-20 14:00:00,stock,TCS,long,TCS_spot_proxy,1h,5.650879454398787,-14.746735966480063,2294.5,0.25931885816236033,rehedge
2026-08-20 14:00:00,stock,BAJFINANCE,long,BAJFINANCE_spot_proxy,1h,-15.55163501834869,-105.4352464769045,1098.8,3.417627311632308,rehedge
2026-08-20 14:00:00,stock,LT,short,LT_spot_proxy,1h,-1.8052294188576,39.07276729456204,4074.8,1.4711897671921899,rehedge
2026-08-20 14:00:00,stock,INFY,long,INFY_spot_proxy,1h,17.088497914562595,-7.078313222534582,1129.0,0.3858582829108234,rehedge
2026-08-20 15:00:00,index,NIFTY,short,spot_as_fut_proxy,1h,-30.65461646875849,-386.56843990786,24231.85,148.5636136156971,rehedge
2026-08-20 15:00:00,stock,HDFCBANK,short,HDFCBANK_spot_proxy,1h,-6.8584715198303385,20.299194033053066,725.05,0.9945469550905973,rehedge
2026-08-20 15:00:00,stock,TCS,long,TCS_spot_proxy,1h,-2.8299631498311584,-17.57669911631122,2298.0,1.3006510636624005,rehedge
2026-08-20 15:00:00,stock,BAJFINANCE,long,BAJFINANCE_spot_proxy,1h,21.494097660870295,-83.9411488160342,1095.0,0.47072073877305953,rehedge
2026-08-20 15:00:00,stock,LT,short,LT_spot_proxy,1h,3.663282717497971,42.73605001206001,4081.0,0.2989971354021844,rehedge
2026-08-20 15:00:00,stock,INFY,long,INFY_spot_proxy,1h,-2.732971541893626,-9.811284764428208,1130.0,0.6176515684679594,rehedge
2026-08-21 09:00:00,index,NIFTY,short,spot_as_fut_proxy,1h,6.880277218404331,-379.6881626894557,24246.9,3.33650787373856,rehedge
2026-08-21 09:00:00,stock,HDFCBANK,short,HDFCBANK_spot_proxy,1h,48.15325913070012,68.45245316375319,730.4,0.7034228093812673,rehedge
2026-08-21 09:00:00,stock,TCS,long,TCS_spot_proxy,1h,9.269931262917835,-8.306767853393387,2286.2,0.4238583370656551,rehedge
2026-08-21 09:00:00,stock,BAJFINANCE,long,BAJFINANCE_spot_proxy,1h,-23.37788840886057,-107.31903722489477,1099.3,5.139862545572085,rehedge
2026-08-21 09:00:00,stock,LT,short,LT_spot_proxy,1h,-7.595283072386714,35.1407669396733,4068.0,6.179522307693831,rehedge
2026-08-21 09:00:00,stock,INFY,long,INFY_spot_proxy,1h,4.047334949760618,-5.7639498146675905,1128.7,0.09136453915589621,rehedge
2026-08-21 10:00:00,index,NIFTY,short,spot_as_fut_proxy,1h,59.184734913490445,-320.50342777596524,24261.0,28.717617074723837,rehedge
2026-08-21 10:00:00,index,NIFTY,short,spot_as_fut_proxy,1h,320.50342777596524,0.0,24261.0,155.51467322545386,flatten
2026-08-21 10:00:00,stock,HDFCBANK,short,HDFCBANK_spot_proxy,1h,9.618268022415975,78.07072118616917,731.35,0.14068640636387847,rehedge
2026-08-21 10:00:00,stock,TCS,long,TCS_spot_proxy,1h,-8.66854701961987,-16.975314873013257,2298.0,3.984064210217293,rehedge
2026-08-21 10:00:00,stock,BAJFINANCE,long,BAJFINANCE_spot_proxy,1h,32.11473737958336,-75.20429984531141,1093.2,0.7021566180672107,rehedge
2026-08-21 10:00:00,stock,LT,short,LT_spot_proxy,1h,5.156314582151047,40.297081521824346,4074.9,0.42022932581614614,rehedge
2026-08-21 10:00:00,stock,INFY,long,INFY_spot_proxy,1h,-6.308010751383186,-12.071960566050777,1130.7,1.4264935513177939,rehedge
2026-08-21 11:00:00,stock,HDFCBANK,short,HDFCBANK_spot_proxy,1h,-14.996394124454419,63.07432706171475,729.8,2.1888736864053673,rehedge
2026-08-21 11:00:00,stock,TCS,long,TCS_spot_proxy,1h,-5.3037626649751815,-22.27907753798844,2305.4,2.4454588895667566,rehedge
2026-08-21 11:00:00,stock,BAJFINANCE,long,BAJFINANCE_spot_proxy,1h,-22.836224806143193,-98.0405246514546,1097.4,5.0120946204523085,rehedge
2026-08-21 11:00:00,stock,LT,short,LT_spot_proxy,1h,-5.263622438996336,35.03345908282801,4066.9,4.28132521943084,rehedge
2026-08-21 11:00:00,stock,INFY,long,INFY_spot_proxy,1h,-2.6199124376335092,-14.691873003684286,1131.7,0.5929909811339685,rehedge
2026-08-21 12:00:00,stock,HDFCBANK,short,HDFCBANK_spot_proxy,1h,21.35355777892817,84.42788484064292,732.0,0.3126160858835084,rehedge
2026-08-21 12:00:00,stock,TCS,long,TCS_spot_proxy,1h,-0.35925819712861795,-22.638335735117057,2305.5,0.16565395469600575,rehedge
2026-08-21 12:00:00,stock,BAJFINANCE,long,BAJFINANCE_spot_proxy,1h,16.75317128057749,-81.28735337087711,1094.7,0.36679393201696364,rehedge
2026-08-21 12:00:00,stock,LT,short,LT_spot_proxy,1h,1.1681474135948875,36.2016064964229,4069.2,0.09506850910800634,rehedge
2026-08-21 12:00:00,stock,INFY,long,INFY_spot_proxy,1h,6.288219848426468,-8.403653155257818,1129.5,0.14205088637595392,rehedge
2026-08-21 13:00:00,stock,HDFCBANK,short,HDFCBANK_spot_proxy,1h,-11.609543278465821,72.8183415621771,730.85,1.6969669410133492,rehedge
2026-08-21 13:00:00,stock,TCS,long,TCS_spot_proxy,1h,6.888632988492853,-15.749702746624203,2296.3,0.3163673586295228,rehedge
2026-08-21 13:00:00,stock,BAJFINANCE,long,BAJFINANCE_spot_proxy,1h,1.785844962386534,-79.50150840849058,1094.1,0.03907785946694214,rehedge
2026-08-21 13:00:00,stock,LT,short,LT_spot_proxy,1h,11.518580381796937,47.720186878219835,4087.1,0.9415517975688453,rehedge
2026-08-21 13:00:00,stock,INFY,long,INFY_spot_proxy,1h,9.417420332808923,1.013767177551106,1126.6,0.21219331493885066,rehedge
2026-08-21 14:00:00,stock,HDFCBANK,short,HDFCBANK_spot_proxy,1h,-1.991892595766771,70.82644896641033,730.6,0.2910553460934406,rehedge
2026-08-21 14:00:00,stock,TCS,long,TCS_spot_proxy,1h,3.174098824172386,-12.575603922451817,2292.1,0.14550703829771053,rehedge
2026-08-21 14:00:00,stock,BAJFINANCE,long,BAJFINANCE_spot_proxy,1h,5.640832667949468,-73.86067574054111,1092.9,0.12329732045603949,rehedge
2026-08-21 14:00:00,stock,LT,short,LT_spot_proxy,1h,3.2848900959698355,51.00507697418967,4091.9,0.2688288356739794,rehedge
2026-08-21 14:00:00,stock,INFY,long,INFY_spot_proxy,1h,21.413941257590373,22.42770843514148,1120.0,0.4796722841700244,rehedge
2026-08-21 15:00:00,stock,HDFCBANK,short,HDFCBANK_spot_proxy,1h,-34.37769352017535,36.448755446234976,726.95,4.998172860898294,rehedge
2026-08-21 15:00:00,stock,TCS,long,TCS_spot_proxy,1h,-7.504682772618571,-20.080286695070388,2302.0,3.45515594851359,rehedge
2026-08-21 15:00:00,stock,BAJFINANCE,long,BAJFINANCE_spot_proxy,1h,-10.162247312799579,-84.02292305334069,1095.0,2.2255321615031076,rehedge
2026-08-21 15:00:00,stock,LT,short,LT_spot_proxy,1h,1.755830679189998,52.76090765337967,4093.0,0.14373229939849325,rehedge
2026-08-21 15:00:00,stock,INFY,long,INFY_spot_proxy,1h,-1.6130534729712487,20.81465496217023,1121.0,0.361646588640154,rehedge
2026-08-24 09:00:00,stock,HDFCBANK,short,HDFCBANK_spot_proxy,1h,22.926140233421727,59.3748956796567,729.7,0.33458409056655675,rehedge
2026-08-24 09:00:00,stock,TCS,long,TCS_spot_proxy,1h,-1.204189387689162,-21.28447608275955,2304.5,0.5550108887859349,rehedge
2026-08-24 09:00:00,stock,BAJFINANCE,long,BAJFINANCE_spot_proxy,1h,17.613046702122574,-66.40987635121812,1092.1,0.3847041660677613,rehedge
2026-08-24 09:00:00,stock,LT,short,LT_spot_proxy,1h,-1.2291263867765565,51.53178126660311,4095.3,1.0067282583532065,rehedge
2026-08-24 09:00:00,stock,INFY,long,INFY_spot_proxy,1h,-48.2415727577302,-27.42691779555997,1136.3,10.963379824921764,rehedge
2026-08-24 10:00:00,stock,HDFCBANK,short,HDFCBANK_spot_proxy,1h,-10.686515963557817,48.688379716098886,728.7,1.5574528365289164,rehedge
2026-08-24 10:00:00,stock,TCS,long,TCS_spot_proxy,1h,5.025860350642397,-16.258615732117153,2298.1,0.23099859343622584,rehedge
2026-08-24 10:00:00,stock,BAJFINANCE,long,BAJFINANCE_spot_proxy,1h,19.168371213990675,-47.24150513722744,1088.6,0.41733377807100497,rehedge
2026-08-24 10:00:00,stock,LT,short,LT_spot_proxy,1h,-3.913694958304575,47.61808630829854,4088.0,3.1998369979098205,rehedge
2026-08-24 10:00:00,stock,INFY,long,INFY_spot_proxy,1h,7.654993336164374,-19.771924459395596,1134.0,0.173615248864208,rehedge
2026-08-24 10:00:00,index,NIFTY,short,spot_as_fut_proxy,1h,72.81296955384809,72.81296955384809,24243.25,35.304460482726554,entry
2026-08-24 11:00:00,stock,HDFCBANK,short,HDFCBANK_spot_proxy,1h,-19.58123900469515,29.107140711403737,726.55,2.8453498397722523,rehedge
2026-08-24 11:00:00,stock,TCS,long,TCS_spot_proxy,1h,3.947855075860046,-12.310760656257107,2292.9,0.18104073806878998,rehedge
2026-08-24 11:00:00,stock,BAJFINANCE,long,BAJFINANCE_spot_proxy,1h,14.397304291188327,-32.844200846039115,1086.0,0.31270944920461047,rehedge
2026-08-24 11:00:00,stock,LT,short,LT_spot_proxy,1h,0.17035358619099839,47.788439894489535,4088.2,0.013928790621320792,rehedge
2026-08-24 11:00:00,stock,INFY,long,INFY_spot_proxy,1h,7.36784668005539,-12.404077779340206,1131.7,0.1667638417563737,rehedge
2026-08-24 11:00:00,index,NIFTY,short,spot_as_fut_proxy,1h,-129.57461189883696,-56.76164234498886,24181.2,626.6539210496313,rehedge
2026-08-24 12:00:00,stock,HDFCBANK,short,HDFCBANK_spot_proxy,1h,-10.13217956576873,18.974961145635007,725.5,1.4701792549930428,rehedge
2026-08-24 12:00:00,stock,TCS,long,TCS_spot_proxy,1h,-1.7933558960378626,-14.10411655229497,2295.2,0.8232220905172204,rehedge
2026-08-24 12:00:00,stock,BAJFINANCE,long,BAJFINANCE_spot_proxy,1h,14.742529062937905,-18.10167178310121,1083.4,0.3194411197357386,rehedge
2026-08-24 12:00:00,stock,LT,short,LT_spot_proxy,1h,0.06804598304037057,47.856485877529906,4088.5,0.005564120033211103,rehedge
2026-08-24 12:00:00,stock,INFY,long,INFY_spot_proxy,1h,-14.601248778689246,-27.005326558029452,1136.2,3.317987772469345,rehedge
2026-08-24 12:00:00,index,NIFTY,short,spot_as_fut_proxy,1h,-2.7364750247544407,-59.4981173697433,24180.95,13.234113149967179,rehedge
2026-08-24 13:00:00,stock,HDFCBANK,short,HDFCBANK_spot_proxy,1h,4.728158590858264,23.70311973649327,726.0,0.06865286273926201,rehedge
2026-08-24 13:00:00,stock,TCS,long,TCS_spot_proxy,1h,7.080284717070084,-7.023831835224886,2286.1,0.3237247778338784,rehedge
2026-08-24 13:00:00,stock,BAJFINANCE,long,BAJFINANCE_spot_proxy,1h,12.877652126313867,-5.224019656787343,1081.1,0.27844059427515844,rehedge
2026-08-24 13:00:00,stock,LT,short,LT_spot_proxy,1h,-0.9462973187499131,46.91018855877999,4086.5,0.773408798614304,rehedge
2026-08-24 13:00:00,stock,INFY,long,INFY_spot_proxy,1h,24.63261474903591,-2.372711808993544,1128.5,0.5559581148857404,rehedge
2026-08-24 13:00:00,index,NIFTY,short,spot_as_fut_proxy,1h,-44.958299774983686,-104.45641714472698,24158.55,217.22546660578644,rehedge
2026-08-24 14:00:00,stock,HDFCBANK,short,HDFCBANK_spot_proxy,1h,12.396887646176829,36.1000073826701,727.3,0.18032512770128817,rehedge
2026-08-24 14:00:00,stock,TCS,long,TCS_spot_proxy,1h,0.8495664295449119,-6.174265405679974,2285.1,0.03882688496306157,rehedge
2026-08-24 14:00:00,stock,BAJFINANCE,long,BAJFINANCE_spot_proxy,1h,9.184546187526731,3.960526530739389,1079.6,0.1983127212810772,rehedge
2026-08-24 14:00:00,stock,LT,short,LT_spot_proxy,1h,4.223777614485144,51.13396617326514,4092.9,0.34574998796652495,rehedge
2026-08-24 14:00:00,stock,INFY,long,INFY_spot_proxy,1h,17.37370146384889,15.000989654855346,1123.5,0.39038707189268457,rehedge
2026-08-24 14:00:00,index,NIFTY,short,spot_as_fut_proxy,1h,32.37042430598913,-72.08599283873785,24172.45,15.64944926030614,rehedge
2026-08-24 15:00:00,stock,HDFCBANK,short,HDFCBANK_spot_proxy,1h,16.327296819526204,52.427304202196304,729.0,0.23805198762869206,rehedge
2026-08-24 15:00:00,stock,TCS,long,TCS_spot_proxy,1h,0.13247624704990635,-6.041789158630068,2284.1,0.006051779917733821,rehedge
2026-08-24 15:00:00,stock,BAJFINANCE,long,BAJFINANCE_spot_proxy,1h,14.110782624592087,18.071309155331477,1077.0,0.3039462577337136,rehedge
2026-08-24 15:00:00,stock,LT,short,LT_spot_proxy,1h,-2.91101781426557,48.22294835899957,4090.0,2.381212572069236,rehedge
2026-08-24 15:00:00,stock,INFY,long,INFY_spot_proxy,1h,-19.798778334446077,-4.797788679590731,1130.0,4.474523903584814,rehedge
2026-08-24 15:00:00,index,NIFTY,short,spot_as_fut_proxy,1h,92.8463747053319,20.760381866594052,24219.05,44.97301982614337,rehedge
2026-08-25 09:00:00,stock,HDFCBANK,short,HDFCBANK_spot_proxy,1h,-25.996439059753868,26.430865142442435,726.4,3.7767626666010417,rehedge
2026-08-25 09:00:00,stock,TCS,long,TCS_spot_proxy,1h,13.969840402478269,7.9280512438482,2268.0,0.6336719606564144,rehedge
2026-08-25 09:00:00,stock,BAJFINANCE,long,BAJFINANCE_spot_proxy,1h,13.404653649070731,31.475962804402208,1075.0,0.28820005345502075,rehedge
2026-08-25 09:00:00,stock,LT,short,LT_spot_proxy,1h,-2.971888632082937,45.25105972691663,4084.0,2.427438634685343,rehedge
2026-08-25 09:00:00,stock,INFY,long,INFY_spot_proxy,1h,14.307321619319179,9.509532939728448,1125.4,0.32202919500763616,rehedge
2026-08-25 09:00:00,index,NIFTY,short,spot_as_fut_proxy,1h,-194.40414132116533,-173.64375945457127,24138.85,938.5384813460823,rehedge
2026-08-25 10:00:00,stock,HDFCBANK,short,HDFCBANK_spot_proxy,1h,4.52779194801079,30.958657090453226,726.85,0.06582051154823287,rehedge
2026-08-25 10:00:00,stock,TCS,long,TCS_spot_proxy,1h,-3.414556890631343,4.513494353216857,2272.0,1.5515746511028823,rehedge
2026-08-25 10:00:00,stock,BAJFINANCE,long,BAJFINANCE_spot_proxy,1h,8.781361133927746,40.257323938329954,1073.7,0.18857094898996443,rehedge
2026-08-25 10:00:00,stock,LT,short,LT_spot_proxy,1h,-2.8626316368833074,42.38842809003332,4078.9,2.3352776367366648,rehedge
2026-08-25 10:00:00,stock,INFY,long,INFY_spot_proxy,1h,-3.4561263296046354,6.053406610123813,1126.6,0.7787343845865163,rehedge
2026-08-25 10:00:00,index,NIFTY,short,spot_as_fut_proxy,1h,1.2597694787983187,-172.38398997577295,24142.7,0.6082847319156834,rehedge
2026-08-25 11:00:00,stock,HDFCBANK,short,HDFCBANK_spot_proxy,1h,2.4443985590837833,33.40305564953701,727.1,0.03554644384619638,rehedge
2026-08-25 11:00:00,stock,TCS,long,TCS_spot_proxy,1h,-11.55382689419774,-7.040332540980883,2286.7,5.284027191792394,rehedge
2026-08-25 11:00:00,stock,BAJFINANCE,long,BAJFINANCE_spot_proxy,1h,-39.13303597234208,1.1242879659878746,1080.5,8.456649073623124,rehedge
2026-08-25 11:00:00,stock,LT,short,LT_spot_proxy,1h,0.9643161740946908,43.35274426412801,4080.6,0.07869977160021592,rehedge
2026-08-25 11:00:00,stock,INFY,long,INFY_spot_proxy,1h,-10.862282516053966,-4.8088759059301545,1129.9,2.4546586029778754,rehedge
2026-08-25 11:00:00,index,NIFTY,short,spot_as_fut_proxy,1h,70.32874619373281,-102.05524378204014,24178.3,34.0085904819186,rehedge
2026-08-25 12:00:00,stock,HDFCBANK,short,HDFCBANK_spot_proxy,1h,-23.92508452837007,9.47797112116694,724.75,3.467941002387242,rehedge
2026-08-25 12:00:00,stock,TCS,long,TCS_spot_proxy,1h,7.0615935340023706,0.021260993021487984,2278.3,0.32176857097035205,rehedge
2026-08-25 12:00:00,stock,BAJFINANCE,long,BAJFINANCE_spot_proxy,1h,13.131733098547954,14.25602106453583,1078.4,0.2832252194694823,rehedge
2026-08-25 12:00:00,stock,LT,short,LT_spot_proxy,1h,5.600986812470545,48.95373107659856,4088.1,0.4579478837612167,rehedge
2026-08-25 12:00:00,stock,INFY,long,INFY_spot_proxy,1h,20.118647866735916,15.309771960805762,1124.1,0.4523074413399569,rehedge
2026-08-25 12:00:00,index,NIFTY,short,spot_as_fut_proxy,1h,-32.49306390780448,-134.54830768984462,24157.05,156.98731389480568,rehedge
2026-08-25 13:00:00,stock,HDFCBANK,short,HDFCBANK_spot_proxy,1h,-17.840961818679922,-8.362990697512984,723.0,2.579803078981117,rehedge
2026-08-25 13:00:00,stock,TCS,long,TCS_spot_proxy,1h,-0.6116339468999921,-0.5903729538785041,2278.9,0.2787705203180784,rehedge
2026-08-25 13:00:00,stock,BAJFINANCE,long,BAJFINANCE_spot_proxy,1h,-0.5305392066793377,13.725481857856492,1078.4,0.11442669609659957,rehedge
2026-08-25 13:00:00,stock,LT,short,LT_spot_proxy,1h,2.615285562883031,51.56901663948159,4091.6,0.21401404818184422,rehedge
2026-08-25 13:00:00,stock,INFY,long,INFY_spot_proxy,1h,0.9190567817751081,16.22882874258087,1124.3,0.020665910794995083,rehedge
2026-08-25 13:00:00,index,NIFTY,short,spot_as_fut_proxy,1h,-5.228592143131692,-139.7768998329763,24156.6,25.261001792955007,rehedge
2026-08-25 14:00:00,stock,HDFCBANK,short,HDFCBANK_spot_proxy,1h,8.716395691820845,0.3534049943078599,724.0,0.12621340961756583,rehedge
2026-08-25 14:00:00,stock,TCS,long,TCS_spot_proxy,1h,-8.19265614104765,-8.783029094926153,2289.0,3.750597981371614,rehedge
2026-08-25 14:00:00,stock,BAJFINANCE,long,BAJFINANCE_spot_proxy,1h,-24.351797670565276,-10.626315812708786,1082.5,5.272164195677382,rehedge
2026-08-25 14:00:00,stock,LT,short,LT_spot_proxy,1h,18.350597183545688,69.91961382302728,4116.8,1.510914769704418,rehedge
2026-08-25 14:00:00,stock,INFY,long,INFY_spot_proxy,1h,-19.71597272977128,-3.487143987190411,1129.9,4.455415517473714,rehedge
2026-08-25 14:00:00,index,NIFTY,short,spot_as_fut_proxy,1h,247.69289910252115,107.91599926954486,24253.1,120.14641302446711,rehedge
2026-08-25 15:00:00,stock,HDFCBANK,short,HDFCBANK_spot_proxy,1h,37.0336265090987,37.38703150340656,727.5,0.5388392657073862,rehedge
2026-08-25 15:00:00,stock,TCS,long,TCS_spot_proxy,1h,-5.971865405302108,-14.75489450022826,2296.2,2.74251946873094,rehedge
2026-08-25 15:00:00,stock,BAJFINANCE,long,BAJFINANCE_spot_proxy,1h,-29.914280593719287,-40.54059640642807,1087.4,6.5057577435220715,rehedge
2026-08-25 15:00:00,stock,LT,short,LT_spot_proxy,1h,-0.9653230395786494,68.95429078344863,4119.0,0.7952331200048914,rehedge
2026-08-25 15:00:00,stock,INFY,long,INFY_spot_proxy,1h,-47.97107290449236,-51.458216891682774,1144.0,10.975781480547852,rehedge
2026-08-25 15:00:00,index,NIFTY,short,spot_as_fut_proxy,1h,209.36036708820797,317.2763663577528,24334.55,101.89380641852702,rehedge
2026-08-26 09:00:00,stock,HDFCBANK,short,HDFCBANK_spot_proxy,1h,-3.428697188979342,33.95833431442722,727.25,0.49870400613704535,rehedge
2026-08-26 09:00:00,stock,TCS,long,TCS_spot_proxy,1h,0.03930641397405665,-14.715588086254204,2296.5,0.0018053435938284223,rehedge
2026-08-26 09:00:00,stock,BAJFINANCE,long,BAJFINANCE_spot_proxy,1h,-21.281850180716233,-61.822446587144306,1090.9,4.643274072428668,rehedge
2026-08-26 09:00:00,stock,LT,short,LT_spot_proxy,1h,-16.074602355590258,52.87968842785837,4093.5,13.160276948521744,rehedge
2026-08-26 09:00:00,stock,INFY,long,INFY_spot_proxy,1h,47.63544132132161,-3.82277557036117,1130.3,1.0768467865097964,rehedge
2026-08-26 09:00:00,index,NIFTY,short,spot_as_fut_proxy,1h,34.55446196522689,351.8308283229797,24365.8,16.83894218704651,rehedge
2026-08-26 10:00:00,stock,HDFCBANK,short,HDFCBANK_spot_proxy,1h,-14.363382448768412,19.594951865658807,725.9,2.085275863912198,rehedge
2026-08-26 10:00:00,stock,TCS,long,TCS_spot_proxy,1h,10.748709626306562,-3.9668784599476425,2283.6,0.4909150660526733,rehedge
2026-08-26 10:00:00,stock,BAJFINANCE,long,BAJFINANCE_spot_proxy,1h,12.42858391789622,-49.39386266924809,1088.8,0.27064484339610806,rehedge
2026-08-26 10:00:00,stock,LT,short,LT_spot_proxy,1h,-8.554511698348648,44.32517672950972,4081.0,6.982192448192167,rehedge
2026-08-26 10:00:00,stock,INFY,long,INFY_spot_proxy,1h,18.007266767735164,14.184491197373994,1125.5,0.4053435749417186,rehedge
2026-08-26 10:00:00,index,NIFTY,short,spot_as_fut_proxy,1h,-87.64469009853639,264.1861382244433,24320.4,426.3107842144889,rehedge
2026-08-26 11:00:00,stock,HDFCBANK,short,HDFCBANK_spot_proxy,1h,29.80775828333485,49.402710148993656,728.65,0.4343884614630388,rehedge
2026-08-26 11:00:00,stock,TCS,long,TCS_spot_proxy,1h,6.841270891103253,2.8743924311556106,2275.4,0.3113325557123269,rehedge
2026-08-26 11:00:00,stock,BAJFINANCE,long,BAJFINANCE_spot_proxy,1h,6.11500464683737,-43.278858022410716,1087.9,0.13305027110588752,rehedge
2026-08-26 11:00:00,stock,LT,short,LT_spot_proxy,1h,-8.052091911670345,36.273084817839376,4070.0,6.55440281609966,rehedge
2026-08-26 11:00:00,stock,INFY,long,INFY_spot_proxy,1h,7.660619503813937,21.84511070118793,1123.2,0.17208815653367632,rehedge
2026-08-26 11:00:00,index,NIFTY,short,spot_as_fut_proxy,1h,-63.203447733862475,200.98269049058084,24288.45,307.02275602230645,rehedge
2026-08-26 12:00:00,stock,HDFCBANK,short,HDFCBANK_spot_proxy,1h,7.335734179625007,56.73844432861866,729.35,0.10700635447819,rehedge
2026-08-26 12:00:00,stock,TCS,long,TCS_spot_proxy,1h,5.964301182359437,8.838693613515048,2268.3,0.27057648743891827,rehedge
2026-08-26 12:00:00,stock,BAJFINANCE,long,BAJFINANCE_spot_proxy,1h,7.678696845432512,-35.600161176978204,1086.7,0.16688879723863023,rehedge
2026-08-26 12:00:00,stock,LT,short,LT_spot_proxy,1h,-13.741889080476444,22.531195737362932,4050.4,11.132029506312358,rehedge
2026-08-26 12:00:00,stock,INFY,long,INFY_spot_proxy,1h,9.817390357995247,31.662501059183178,1120.3,0.21996844836124152,rehedge
2026-08-26 12:00:00,index,NIFTY,short,spot_as_fut_proxy,1h,-26.306382404882072,174.67630808569876,24279.05,127.73879474545042,rehedge
2026-08-26 13:00:00,stock,HDFCBANK,short,HDFCBANK_spot_proxy,1h,-14.384634750080892,42.35380957853777,728.0,2.094402819611778,rehedge
2026-08-26 13:00:00,stock,TCS,long,TCS_spot_proxy,1h,-1.0482671483695851,7.790426465145463,2269.0,0.4757036319301177,rehedge
2026-08-26 13:00:00,stock,BAJFINANCE,long,BAJFINANCE_spot_proxy,1h,-2.3149175576878633,-37.91507873466607,1087.1,0.5033093753924952,rehedge
2026-08-26 13:00:00,stock,LT,short,LT_spot_proxy,1h,4.963115515786409,27.49431125314934,4057.0,0.4027071929509093,rehedge
2026-08-26 13:00:00,stock,INFY,long,INFY_spot_proxy,1h,3.105333357966238,34.767834417149416,1119.6,0.06953462455158,rehedge
2026-08-26 13:00:00,index,NIFTY,short,spot_as_fut_proxy,1h,-45.09071309897334,129.58559498672543,24263.35,218.81035073399494,rehedge
2026-08-26 14:00:00,stock,HDFCBANK,short,HDFCBANK_spot_proxy,1h,0.79725701758057,43.15106659611834,728.1,0.01160965669000826,rehedge
2026-08-26 14:00:00,stock,TCS,long,TCS_spot_proxy,1h,-1.4574209982695931,6.3330054668758695,2270.8,0.6619023205741186,rehedge
2026-08-26 14:00:00,stock,BAJFINANCE,long,BAJFINANCE_spot_proxy,1h,-4.3969761375030885,-42.312054872169156,1087.8,0.9566061284751719,rehedge
2026-08-26 14:00:00,stock,LT,short,LT_spot_proxy,1h,5.679942734466742,33.17425398761608,4064.9,0.46176798442667727,rehedge
2026-08-26 14:00:00,stock,INFY,long,INFY_spot_proxy,1h,-10.088629733906277,24.67920468324314,1122.5,2.2648973752619592,rehedge
2026-08-26 14:00:00,index,NIFTY,short,spot_as_fut_proxy,1h,82.33455225203409,211.9201472387595,24290.8,39.999442836874195,rehedge
2026-08-26 15:00:00,stock,HDFCBANK,short,HDFCBANK_spot_proxy,1h,-9.825868265592185,33.325198330526156,727.2,1.4290742805477274,rehedge
2026-08-26 15:00:00,stock,TCS,long,TCS_spot_proxy,1h,0.39273241789182123,6.725737884767691,2270.0,0.017830051772288687,rehedge
2026-08-26 15:00:00,stock,BAJFINANCE,long,BAJFINANCE_spot_proxy,1h,17.50443726268816,-24.807617609480996,1085.0,0.3798462886003331,rehedge
2026-08-26 15:00:00,stock,LT,short,LT_spot_proxy,1h,-18.972889007025024,14.201364980591059,4038.1,15.32288461985355,rehedge
2026-08-26 15:00:00,stock,INFY,long,INFY_spot_proxy,1h,9.939778020447829,34.61898270369097,1120.0,0.2226510276580314,rehedge
2026-08-26 15:00:00,index,NIFTY,short,spot_as_fut_proxy,1h,-248.68506689940395,-36.76491966064444,24207.75,1204.0211856468093,rehedge
2026-08-27 09:00:00,stock,HDFCBANK,short,HDFCBANK_spot_proxy,1h,-75.89231177549802,-42.56711344497186,720.3,10.933046434378243,rehedge
2026-08-27 09:00:00,stock,TCS,long,TCS_spot_proxy,1h,15.682514047103181,22.408251931870872,2253.0,0.7066540829624695,rehedge
2026-08-27 09:00:00,stock,BAJFINANCE,long,BAJFINANCE_spot_proxy,1h,-49.74057481019855,-74.54819241967955,1093.3,10.876274087998015,rehedge
2026-08-27 09:00:00,stock,LT,short,LT_spot_proxy,1h,1.4769404967597755,15.678305477350834,4041.4,0.11937814647209913,rehedge
2026-08-27 09:00:00,stock,INFY,long,INFY_spot_proxy,1h,11.23948539799715,45.85846810168812,1116.8,0.25104514584966436,rehedge
2026-08-27 09:00:00,index,NIFTY,short,spot_as_fut_proxy,1h,-54.15092586019618,-90.91584552084062,24196.75,262.0552830615404,rehedge
2026-08-27 10:00:00,stock,HDFCBANK,short,HDFCBANK_spot_proxy,1h,-12.137214517111786,-54.704327962083646,718.9,1.7450887032703326,rehedge
2026-08-27 10:00:00,stock,TCS,long,TCS_spot_proxy,1h,2.5148843335511835,24.923136265422055,2249.4,0.11313961639780065,rehedge
2026-08-27 10:00:00,stock,BAJFINANCE,long,BAJFINANCE_spot_proxy,1h,32.63961337100859,-41.90857904867096,1087.9,0.7101727077264052,rehedge
2026-08-27 10:00:00,stock,LT,short,LT_spot_proxy,1h,-7.563248287971335,8.115057189379499,4030.9,6.097339504796731,rehedge
2026-08-27 10:00:00,stock,INFY,long,INFY_spot_proxy,1h,8.863140011865411,54.72160811355353,1114.4,0.19754166458445632,rehedge
2026-08-27 10:00:00,index,NIFTY,short,spot_as_fut_proxy,1h,-89.368495984393,-180.2843415052336,24159.65,431.8223168018681,rehedge
2026-08-27 11:00:00,stock,HDFCBANK,short,HDFCBANK_spot_proxy,1h,-43.2701079512677,-97.97443591335134,714.85,6.186327333792743,rehedge
2026-08-27 11:00:00,stock,TCS,long,TCS_spot_proxy,1h,0.7597031812946717,25.682839446716727,2249.4,0.03417752672008469,rehedge
2026-08-27 11:00:00,stock,BAJFINANCE,long,BAJFINANCE_spot_proxy,1h,-6.317689645694038,-48.226268694365,1089.0,1.3759928048321617,rehedge
2026-08-27 11:00:00,stock,LT,short,LT_spot_proxy,1h,5.603128789337184,13.718185978716683,4038.7,0.4525871248299217,rehedge
2026-08-27 11:00:00,stock,INFY,long,INFY_spot_proxy,1h,22.6320232440374,77.35363135759093,1109.1,0.5020235395992376,rehedge
2026-08-27 11:00:00,index,NIFTY,short,spot_as_fut_proxy,1h,3.238861096243653,-177.04548040898996,24158.8,1.5649399490386235,rehedge
2026-08-27 12:00:00,stock,HDFCBANK,short,HDFCBANK_spot_proxy,1h,-7.758860715243799,-105.73329662859514,714.7,1.1090515506369487,rehedge
2026-08-27 12:00:00,stock,TCS,long,TCS_spot_proxy,1h,-5.167122850233721,20.515716596483006,2254.6,2.3299590356273896,rehedge
2026-08-27 12:00:00,stock,BAJFINANCE,long,BAJFINANCE_spot_proxy,1h,14.776427692192257,-33.44984100217274,1086.6,0.32112132660672216,rehedge
2026-08-27 12:00:00,stock,LT,short,LT_spot_proxy,1h,8.416101094231806,22.13428707294849,4050.2,0.6817378530371532,rehedge
2026-08-27 12:00:00,stock,INFY,long,INFY_spot_proxy,1h,-4.735177767790518,72.61845358980041,1111.1,1.0522512035584088,rehedge
2026-08-27 12:00:00,index,NIFTY,short,spot_as_fut_proxy,1h,25.986759586918424,-151.05872082207154,24180.05,12.567222922993338,rehedge
2026-08-27 13:00:00,stock,HDFCBANK,short,HDFCBANK_spot_proxy,1h,-21.301288337667614,-127.03458496626276,712.9,3.0371376911846486,rehedge
2026-08-27 13:00:00,stock,TCS,long,TCS_spot_proxy,1h,1.6242919521486954,22.1400085486317,2252.5,0.07317435244429873,rehedge
2026-08-27 13:00:00,stock,BAJFINANCE,long,BAJFINANCE_spot_proxy,1h,9.87432674583144,-23.5755142563413,1085.0,0.21427289038454225,rehedge
2026-08-27 13:00:00,stock,LT,short,LT_spot_proxy,1h,0.4485047675108902,22.58279184045938,4050.7,0.03633516523512726,rehedge
2026-08-27 13:00:00,stock,INFY,long,INFY_spot_proxy,1h,7.276660042211589,79.895113632012,1109.3,0.1614399796965063,rehedge
2026-08-27 13:00:00,index,NIFTY,short,spot_as_fut_proxy,1h,-100.48988526249542,-251.54860608456696,24131.25,484.9893087481185,rehedge
2026-08-27 14:00:00,stock,HDFCBANK,short,HDFCBANK_spot_proxy,1h,31.745334328079196,-95.28925063818356,715.4,0.45421224356615714,rehedge
2026-08-27 14:00:00,stock,TCS,long,TCS_spot_proxy,1h,-3.16334874152588,18.976659807105822,2256.6,1.42768255402546,rehedge
2026-08-27 14:00:00,stock,BAJFINANCE,long,BAJFINANCE_spot_proxy,1h,-2.412826966668476,-25.988341223009776,1085.4,0.5237764779243927,rehedge
2026-08-27 14:00:00,stock,LT,short,LT_spot_proxy,1h,-8.271520548387938,14.31127129207144,4039.3,6.682230590220681,rehedge
2026-08-27 14:00:00,stock,INFY,long,INFY_spot_proxy,1h,1.5719663077390464,81.46707993975105,1109.1,0.03486935663826753,rehedge
2026-08-27 14:00:00,index,NIFTY,short,spot_as_fut_proxy,1h,76.8559093977446,-174.69269668682236,24156.3,37.131088083694756,rehedge
2026-08-27 15:00:00,stock,HDFCBANK,short,HDFCBANK_spot_proxy,1h,-45.71050113307227,-140.99975177125583,711.0,6.500033261122877,rehedge
2026-08-27 15:00:00,stock,TCS,long,TCS_spot_proxy,1h,6.304731698561309,25.28139150566713,2248.4,0.283511175020905,rehedge
2026-08-27 15:00:00,stock,BAJFINANCE,long,BAJFINANCE_spot_proxy,1h,15.655111996391469,-10.333229226618307,1083.0,0.3390897258418393,rehedge
2026-08-27 15:00:00,stock,LT,short,LT_spot_proxy,1h,-9.232230775801623,5.079040516269817,4027.0,7.435638666830628,rehedge
2026-08-27 15:00:00,stock,INFY,long,INFY_spot_proxy,1h,-4.36374940591071,77.10333053384034,1110.8,0.9694505680171233,rehedge
2026-08-27 15:00:00,index,NIFTY,short,spot_as_fut_proxy,1h,-227.26328559250928,-401.95598227933164,24090.85,1094.9931447432605,rehedge
2026-08-28 09:00:00,stock,HDFCBANK,short,HDFCBANK_spot_proxy,1h,20.16999896758651,-120.82975280366932,713.15,0.2876846952746864,rehedge
2026-08-28 09:00:00,stock,TCS,long,TCS_spot_proxy,1h,-65.93761926874726,-40.656227763080125,2328.7,30.709786798226347,rehedge
2026-08-28 09:00:00,stock,BAJFINANCE,long,BAJFINANCE_spot_proxy,1h,25.38833334746729,15.055104120848984,1079.1,0.5479310103050391,rehedge
2026-08-28 09:00:00,stock,LT,short,LT_spot_proxy,1h,16.42725097325427,21.506291489524088,4049.8,1.3305416198297033,rehedge
2026-08-28 09:00:00,stock,INFY,long,INFY_spot_proxy,1h,-113.04606087132603,-35.9427303374857,1139.3,25.75867543014035,rehedge
2026-08-28 09:00:00,index,NIFTY,short,spot_as_fut_proxy,1h,209.8534503442644,-192.10253193506725,24156.5,101.38649746482446,rehedge
2026-08-28 10:00:00,stock,HDFCBANK,short,HDFCBANK_spot_proxy,1h,16.719717484671364,-104.11003531899796,715.0,0.23909196003080052,rehedge
2026-08-28 10:00:00,stock,TCS,long,TCS_spot_proxy,1h,0.3709496046311216,-40.285278158449,2326.5,0.017260285103486088,rehedge
2026-08-28 10:00:00,stock,BAJFINANCE,long,BAJFINANCE_spot_proxy,1h,9.888789894047733,24.943894014896717,1077.6,0.21312319979651673,rehedge
2026-08-28 10:00:00,stock,LT,short,LT_spot_proxy,1h,-4.709218482961578,16.79707300656251,4043.0,3.8078740653227325,rehedge
2026-08-28 10:00:00,stock,INFY,long,INFY_spot_proxy,1h,-9.372067269251076,-45.314797606736775,1141.4,2.139455516224636,rehedge
2026-08-28 10:00:00,index,NIFTY,short,spot_as_fut_proxy,1h,2.6312944529322237,-189.47123748213502,24155.7,1.2712151883338985,rehedge
2026-08-28 10:00:00,stock,AXISBANK,long,AXISBANK_spot_proxy,1h,55.275148942849626,55.275148942849626,1263.9,1.397245214977353,entry
2026-08-28 11:00:00,stock,HDFCBANK,short,HDFCBANK_spot_proxy,1h,-6.234533562102328,-110.34456888110029,714.45,0.8908525006888018,rehedge
2026-08-28 11:00:00,stock,TCS,long,TCS_spot_proxy,1h,-4.225627015048445,-44.51090517349745,2331.0,1.9699873144155853,rehedge
2026-08-28 11:00:00,stock,BAJFINANCE,long,BAJFINANCE_spot_proxy,1h,14.628166908369682,39.5720609232664,1075.3,0.3145933575313984,rehedge
2026-08-28 11:00:00,stock,LT,short,LT_spot_proxy,1h,-9.153963495435526,7.643109511126983,4031.0,7.379925370020121,rehedge
2026-08-28 11:00:00,stock,INFY,long,INFY_spot_proxy,1h,16.957772857221816,-28.35702474951496,1137.3,0.38572150141036743,rehedge
2026-08-28 11:00:00,index,NIFTY,short,spot_as_fut_proxy,1h,-274.005451909514,-463.4766893916491,24083.15,1319.7828798309226,rehedge
2026-08-28 11:00:00,stock,AXISBANK,long,AXISBANK_spot_proxy,1h,21.937086168467886,77.21223511131751,1261.3,0.5533849356857709,rehedge
2026-08-28 12:00:00,stock,HDFCBANK,short,HDFCBANK_spot_proxy,1h,2.78664003061904,-107.55792885048125,714.8,0.039837805877729796,rehedge
2026-08-28 12:00:00,stock,TCS,long,TCS_spot_proxy,1h,-6.199564469725203,-50.71046964322265,2338.9,2.900032267648056,rehedge
2026-08-28 12:00:00,stock,BAJFINANCE,long,BAJFINANCE_spot_proxy,1h,11.91194685782368,51.48400778109008,1073.1,0.2556542034626118,rehedge
2026-08-28 12:00:00,stock,LT,short,LT_spot_proxy,1h,6.585297741473871,14.228407252600855,4040.0,0.5320920575110888,rehedge
2026-08-28 12:00:00,stock,INFY,long,INFY_spot_proxy,1h,-19.287002106252604,-47.644026855767564,1142.1,4.405537021110219,rehedge
2026-08-28 12:00:00,index,NIFTY,short,spot_as_fut_proxy,1h,28.778904256147143,-434.69778513550193,24096.45,13.869388549260737,rehedge
2026-08-28 12:00:00,stock,AXISBANK,long,AXISBANK_spot_proxy,1h,9.331162819646025,86.54339793096354,1260.1,0.2351639653807191,rehedge
2026-08-28 13:00:00,stock,HDFCBANK,short,HDFCBANK_spot_proxy,1h,14.885450774173975,-92.67247807630727,716.3,0.21324896779081637,rehedge
2026-08-28 13:00:00,stock,TCS,long,TCS_spot_proxy,1h,2.5583225589377037,-48.15214708428495,2334.9,0.1194685468572729,rehedge
2026-08-28 13:00:00,stock,BAJFINANCE,long,BAJFINANCE_spot_proxy,1h,-13.434093622223138,38.04991415886694,1075.6,2.889942220012641,rehedge
2026-08-28 13:00:00,stock,LT,short,LT_spot_proxy,1h,-6.90475077148671,7.323656481114145,4030.6,5.566057691910867,rehedge
2026-08-28 13:00:00,stock,INFY,long,INFY_spot_proxy,1h,9.07271510537251,-38.571311750395054,1139.9,0.2068397589722825,rehedge
2026-08-28 13:00:00,index,NIFTY,short,spot_as_fut_proxy,1h,84.93652483741414,-349.7612602980878,24110.85,40.957836197523335,rehedge
2026-08-28 13:00:00,stock,AXISBANK,long,AXISBANK_spot_proxy,1h,-4.960763054954512,81.58263487600902,1260.8,1.2509060119373296,rehedge
2026-08-28 14:00:00,stock,HDFCBANK,short,HDFCBANK_spot_proxy,1h,27.795006480678012,-64.87747159562926,718.75,0.3995532181597464,rehedge
2026-08-28 14:00:00,stock,TCS,long,TCS_spot_proxy,1h,-2.255954987830023,-50.40810207211497,2337.6,1.0547040759102924,rehedge
2026-08-28 14:00:00,stock,BAJFINANCE,long,BAJFINANCE_spot_proxy,1h,-2.1633959920146495,35.88651816685229,1076.1,0.46560608540139287,rehedge
2026-08-28 14:00:00,stock,LT,short,LT_spot_proxy,1h,4.758954222754974,12.082610703869118,4037.0,0.38423796394523657,rehedge
2026-08-28 14:00:00,stock,INFY,long,INFY_spot_proxy,1h,11.445716428314423,-27.12559532208063,1137.0,0.26027559157987,rehedge
2026-08-28 14:00:00,index,NIFTY,short,spot_as_fut_proxy,1h,57.066512470606824,-292.69474782748097,24129.45,27.53967118667768,rehedge
2026-08-28 14:00:00,stock,AXISBANK,long,AXISBANK_spot_proxy,1h,-22.33288990023202,59.249744975777006,1263.6,5.643967935586636,rehedge
2026-08-28 15:00:00,stock,HDFCBANK,short,HDFCBANK_spot_proxy,1h,15.98223571235389,-48.89523588327537,720.3,0.23024008767217014,rehedge
2026-08-28 15:00:00,stock,TCS,long,TCS_spot_proxy,1h,-5.768475088850629,-56.1765771609656,2342.0,2.7019537316176345,rehedge
2026-08-28 15:00:00,stock,BAJFINANCE,long,BAJFINANCE_spot_proxy,1h,-24.61811551566587,11.26840265118642,1079.9,5.317020589073516,rehedge
2026-08-28 15:00:00,stock,LT,short,LT_spot_proxy,1h,6.68356006452299,18.766170768392108,4045.8,0.5408069461809423,rehedge
2026-08-28 15:00:00,stock,INFY,long,INFY_spot_proxy,1h,-28.90426621246691,-56.02986153454754,1144.0,6.6132961094124285,rehedge
2026-08-28 15:00:00,index,NIFTY,short,spot_as_fut_proxy,1h,65.03339562577904,-227.66135220170193,24175.65,31.444492219207305,rehedge
2026-08-28 15:00:00,index,NIFTY,short,spot_as_fut_proxy,1h,227.66135220170193,0.0,24175.65,110.07722338710153,flatten
2026-08-28 15:00:00,stock,AXISBANK,long,AXISBANK_spot_proxy,1h,-14.822864012052207,44.4268809637248,1265.0,3.7501845950492085,rehedge
2026-08-31 09:00:00,stock,HDFCBANK,short,HDFCBANK_spot_proxy,1h,120.2757415690752,71.38050568579983,731.05,1.7585516174814484,rehedge
2026-08-31 09:00:00,stock,TCS,long,TCS_spot_proxy,1h,27.378845457305182,-28.797731703660418,2313.2,1.266654906236767,rehedge
2026-08-31 09:00:00,stock,BAJFINANCE,long,BAJFINANCE_spot_proxy,1h,127.85364509473288,139.1220477459193,1060.4,2.7115201051690954,rehedge
2026-08-31 09:00:00,stock,LT,short,LT_spot_proxy,1h,-36.29480052175131,-17.5286297533592,3999.9,29.03511452139062,rehedge
2026-08-31 09:00:00,stock,INFY,long,INFY_spot_proxy,1h,107.55046608526132,51.52060455071377,1118.1,2.4050435225986138,rehedge
2026-08-31 09:00:00,stock,AXISBANK,long,AXISBANK_spot_proxy,1h,115.97566614706584,160.40254711079064,1252.5,2.9051904369839994,rehedge
2026-08-31 10:00:00,stock,HDFCBANK,short,HDFCBANK_spot_proxy,1h,-76.16487728698871,-4.7843716011888855,724.5,11.036290718884665,rehedge
2026-08-31 10:00:00,stock,TCS,long,TCS_spot_proxy,1h,-5.273409963057794,-34.07114166671821,2319.1,2.445913009065466,rehedge
2026-08-31 10:00:00,stock,BAJFINANCE,long,BAJFINANCE_spot_proxy,1h,10.787469870580225,149.90951761649953,1055.8,0.22778821378717204,rehedge
2026-08-31 10:00:00,stock,LT,short,LT_spot_proxy,1h,-8.501409103088012,-26.030038856447213,3989.4,6.783104295171863,rehedge
2026-08-31 10:00:00,stock,INFY,long,INFY_spot_proxy,1h,-1.7313651521101932,49.78923939860358,1118.9,0.3874448937392191,rehedge
2026-08-31 10:00:00,stock,AXISBANK,long,AXISBANK_spot_proxy,1h,-40.062626922788695,120.33992018800194,1257.2,10.07334691346599,rehedge
2026-08-31 10:00:00,index,NIFTY,short,spot_as_fut_proxy,1h,4.846484982397148,4.846484982397148,24010.3,2.327311167457005,entry
2026-08-31 10:00:00,stock,ITC,long,ITC_spot_proxy,1h,186.0372921748784,186.0372921748784,264.9,0.9856255739425056,entry
2026-08-31 11:00:00,stock,HDFCBANK,short,HDFCBANK_spot_proxy,1h,-20.597704451677743,-25.38207605286663,722.8,2.9776041555345345,rehedge
2026-08-31 11:00:00,stock,TCS,long,TCS_spot_proxy,1h,-4.118427343128886,-38.1895690098471,2323.3,1.913668449258268,rehedge
2026-08-31 11:00:00,stock,BAJFINANCE,long,BAJFINANCE_spot_proxy,1h,-21.873467426434928,128.0360501900646,1062.1,4.646361950723307,rehedge
2026-08-31 11:00:00,stock,LT,short,LT_spot_proxy,1h,-0.10691701581011515,-26.136955872257328,3991.6,0.08535399206153112,rehedge
2026-08-31 11:00:00,stock,INFY,long,INFY_spot_proxy,1h,-13.25714701874616,36.53209237985742,1122.3,2.975699219827763,rehedge
2026-08-31 11:00:00,stock,AXISBANK,long,AXISBANK_spot_proxy,1h,-68.60667851228317,51.733241675718766,1265.4,17.362978197888626,rehedge
2026-08-31 11:00:00,index,NIFTY,short,spot_as_fut_proxy,1h,83.77976893598172,88.62625391837886,24063.9,40.32135963397142,rehedge
2026-08-31 11:00:00,stock,ITC,long,ITC_spot_proxy,1h,-30.486860713245534,155.55043146163285,265.05,1.6161084864091457,rehedge
2026-08-31 12:00:00,stock,HDFCBANK,short,HDFCBANK_spot_proxy,1h,-64.03458917396577,-89.4166652268324,717.5,9.18896354646409,rehedge
2026-08-31 12:00:00,stock,TCS,long,TCS_spot_proxy,1h,-0.25225887646160317,-38.4418278863087,2323.8,0.1172398354242947,rehedge
2026-08-31 12:00:00,stock,BAJFINANCE,long,BAJFINANCE_spot_proxy,1h,1.0036881592995144,129.03973834936411,1062.0,0.02131833650352169,rehedge
2026-08-31 12:00:00,stock,LT,short,LT_spot_proxy,1h,6.140809468420883,-19.996146403836445,3999.1,0.4911542229032391,rehedge
2026-08-31 12:00:00,stock,INFY,long,INFY_spot_proxy,1h,-3.0360142695839087,33.49607811027351,1122.9,0.6818280846631543,rehedge
2026-08-31 12:00:00,stock,AXISBANK,long,AXISBANK_spot_proxy,1h,18.158957593614737,69.8921992693335,1263.1,0.45873158672989545,rehedge
2026-08-31 12:00:00,index,NIFTY,short,spot_as_fut_proxy,1h,-3.3129583293469267,85.31329558903194,24062.15,15.943380052899032,rehedge
2026-08-31 12:00:00,stock,ITC,long,ITC_spot_proxy,1h,3.793651365303674,159.34408282693653,265.0,0.020106352236109477,rehedge
2026-08-31 13:00:00,stock,HDFCBANK,short,HDFCBANK_spot_proxy,1h,-31.692797299314975,-121.10946252614737,714.3,4.5276330221801375,rehedge
2026-08-31 13:00:00,stock,TCS,long,TCS_spot_proxy,1h,-0.44916316727697847,-38.89099105358568,2323.7,0.20874409036030298,rehedge
2026-08-31 13:00:00,stock,BAJFINANCE,long,BAJFINANCE_spot_proxy,1h,-0.8727435437828888,128.16699480558123,1060.0,0.18502163128197244,rehedge
2026-08-31 13:00:00,stock,LT,short,LT_spot_proxy,1h,4.590872439656632,-15.405273964179813,4004.8,0.3677105189267377,rehedge
2026-08-31 13:00:00,stock,INFY,long,INFY_spot_proxy,1h,4.258796082343515,37.754874192617024,1121.9,0.09555886649562381,rehedge
2026-08-31 13:00:00,stock,AXISBANK,long,AXISBANK_spot_proxy,1h,12.0567289629724,81.9489282323059,1261.8,0.3042636121095715,rehedge
2026-08-31 13:00:00,index,NIFTY,short,spot_as_fut_proxy,1h,-23.279126814291764,62.03416877474017,24047.05,111.95886529192296,rehedge
2026-08-31 13:00:00,stock,ITC,long,ITC_spot_proxy,1h,-5.901647412744637,153.4424354141919,265.05,0.3128463293495932,rehedge
2026-08-31 14:00:00,stock,HDFCBANK,short,HDFCBANK_spot_proxy,1h,-53.68358467592303,-174.7930472020704,709.3,7.61555332212644,rehedge
2026-08-31 14:00:00,stock,TCS,long,TCS_spot_proxy,1h,-8.153646035630437,-47.04463708921612,2331.5,3.802045146414473,rehedge
2026-08-31 14:00:00,stock,BAJFINANCE,long,BAJFINANCE_spot_proxy,1h,-32.3787905148709,95.78820429071033,1066.4,6.905748441011667,rehedge
2026-08-31 14:00:00,stock,LT,short,LT_spot_proxy,1h,14.74722722123261,-0.6580467429472034,4022.9,1.1865324077659334,rehedge
2026-08-31 14:00:00,stock,INFY,long,INFY_spot_proxy,1h,-15.106973723577784,22.64790046903924,1125.5,3.400579785177359,rehedge
2026-08-31 14:00:00,stock,AXISBANK,long,AXISBANK_spot_proxy,1h,-37.001928447528044,44.94699978477786,1266.1,9.36962832148305,rehedge
2026-08-31 14:00:00,index,NIFTY,short,spot_as_fut_proxy,1h,32.65294458290723,94.6871133576474,24075.2,15.722523428448165,rehedge
2026-08-31 14:00:00,stock,ITC,long,ITC_spot_proxy,1h,211.41516802907108,364.857603443263,264.0,1.1162720871934952,rehedge
2026-08-31 15:00:00,stock,HDFCBANK,short,HDFCBANK_spot_proxy,1h,-16.532491207577266,-191.32553840964766,709.0,2.344307253234456,rehedge
2026-08-31 15:00:00,stock,TCS,long,TCS_spot_proxy,1h,-114.90019125191762,-161.94482834113373,2399.3,55.13600577414519,rehedge
2026-08-31 15:00:00,stock,TCS,long,TCS_spot_proxy,1h,161.94482834113373,0.0,2399.3,7.771084532777644,flatten
2026-08-31 15:00:00,stock,BAJFINANCE,long,BAJFINANCE_spot_proxy,1h,45.876295349260175,141.6644996399705,1057.0,0.9698248836833602,rehedge
2026-08-31 15:00:00,stock,LT,short,LT_spot_proxy,1h,16.350584306564823,15.69253756361762,4044.9,1.3227295692324812,rehedge
2026-08-31 15:00:00,stock,INFY,long,INFY_spot_proxy,1h,-34.72116317514937,-12.073262706110132,1133.8,7.873370961596871,rehedge
2026-08-31 15:00:00,stock,AXISBANK,long,AXISBANK_spot_proxy,1h,-188.71152211878552,-143.76452233400767,1300.0,49.064995750884236,rehedge
2026-08-31 15:00:00,index,NIFTY,short,spot_as_fut_proxy,1h,36.7130082049498,131.4001215625972,24080.4,17.681278455569466,rehedge
2026-08-31 15:00:00,stock,ITC,long,ITC_spot_proxy,1h,2575.3862823049226,2940.2438857481857,255.5,13.160223902578155,rehedge
2026-09-01 09:00:00,stock,HDFCBANK,short,HDFCBANK_spot_proxy,1h,-63.63208367252423,-254.9576220821719,701.7,8.930126622602051,rehedge
2026-09-01 09:00:00,stock,BAJFINANCE,long,BAJFINANCE_spot_proxy,1h,31.98140257615347,173.64590221612397,1052.0,0.672888710202269,rehedge
2026-09-01 09:00:00,stock,LT,short,LT_spot_proxy,1h,-28.030212698124096,-12.337675134506476,4007.7,22.467336686054388,rehedge
2026-09-01 09:00:00,stock,INFY,long,INFY_spot_proxy,1h,-22.87720600551602,-34.95046871162615,1139.7,5.214630336897322,rehedge
2026-09-01 09:00:00,stock,AXISBANK,long,AXISBANK_spot_proxy,1h,194.91097748138924,51.14645514738156,1265.4,4.932807018099,rehedge
2026-09-01 09:00:00,index,NIFTY,short,spot_as_fut_proxy,1h,-121.38056698118211,10.019554581415093,24018.25,583.0697605791555,rehedge
2026-09-01 09:00:00,stock,ITC,long,ITC_spot_proxy,1h,-2282.9004157077907,657.343470040395,262.8,119.98924584960149,rehedge
2026-09-01 10:00:00,stock,HDFCBANK,short,HDFCBANK_spot_proxy,1h,89.52084567553433,-165.43677640663756,711.0,1.2729864255060983,rehedge
2026-09-01 10:00:00,stock,BAJFINANCE,long,BAJFINANCE_spot_proxy,1h,-15.523224917411653,158.12267729871232,1055.0,3.275400457573859,rehedge
2026-09-01 10:00:00,stock,LT,short,LT_spot_proxy,1h,3.5118219912086435,-8.825853143297833,4012.3,0.28180966750652886,rehedge
2026-09-01 10:00:00,stock,INFY,long,INFY_spot_proxy,1h,-13.708150185962339,-48.65861889758849,1142.8,3.133134806503552,rehedge
2026-09-01 10:00:00,stock,AXISBANK,long,AXISBANK_spot_proxy,1h,-52.56997957870869,-1.4235244313271291,1272.0,13.373802804823491,rehedge
2026-09-01 10:00:00,index,NIFTY,short,spot_as_fut_proxy,1h,162.01567544034646,172.03523002176155,24082.0,78.03322991908847,rehedge
2026-09-01 10:00:00,stock,ITC,long,ITC_spot_proxy,1h,-284.17324147065534,373.17022856973966,264.15,15.01287234689472,rehedge
2026-09-01 10:00:00,stock,ICICIBANK,long,ICICIBANK_spot_proxy,1h,-72.89261756557906,-72.89261756557906,1438.7,20.97412177831972,entry
2026-09-01 11:00:00,stock,HDFCBANK,short,HDFCBANK_spot_proxy,1h,-7.355442010157645,-172.7922184167952,710.8,1.0456496361640109,rehedge
2026-09-01 11:00:00,stock,BAJFINANCE,long,BAJFINANCE_spot_proxy,1h,-1.9970059056058176,156.1256713931065,1055.5,0.4215679466733881,rehedge
2026-09-01 11:00:00,stock,LT,short,LT_spot_proxy,1h,11.22929948570243,2.403446342404597,4027.2,0.9044526977764166,rehedge
2026-09-01 11:00:00,stock,INFY,long,INFY_spot_proxy,1h,-19.323754642246065,-67.98237353983455,1147.3,4.434028740209782,rehedge
2026-09-01 11:00:00,stock,AXISBANK,long,AXISBANK_spot_proxy,1h,-9.649180306175175,-11.072704737502304,1273.1,2.456874289558323,rehedge
2026-09-01 11:00:00,index,NIFTY,short,spot_as_fut_proxy,1h,62.48081169633943,234.51604171810098,24116.7,30.136619828742187,rehedge
2026-09-01 11:00:00,stock,ITC,long,ITC_spot_proxy,1h,-41.535492235735205,331.63473633400446,264.45,2.196812184348035,rehedge
2026-09-01 11:00:00,stock,ICICIBANK,long,ICICIBANK_spot_proxy,1h,10.5537500332563,-62.33886753232276,1437.7,0.30346252845625166,rehedge
2026-09-01 12:00:00,stock,HDFCBANK,short,HDFCBANK_spot_proxy,1h,-10.438995429640784,-183.231213846436,709.7,1.481711011283213,rehedge
2026-09-01 12:00:00,stock,BAJFINANCE,long,BAJFINANCE_spot_proxy,1h,-21.860214489148973,134.26545690395753,1059.5,4.632179450250668,rehedge
2026-09-01 12:00:00,stock,LT,short,LT_spot_proxy,1h,1.3951630103824777,3.7986093527870746,4029.0,0.11242223537662005,rehedge
2026-09-01 12:00:00,stock,INFY,long,INFY_spot_proxy,1h,-9.778928330156887,-77.76130186999144,1150.0,2.2491535159360843,rehedge
2026-09-01 12:00:00,stock,AXISBANK,long,AXISBANK_spot_proxy,1h,34.97490991273156,23.90220517522926,1268.8,0.8875233139454762,rehedge
2026-09-01 12:00:00,index,NIFTY,short,spot_as_fut_proxy,1h,-53.387462826215284,181.1285788918857,24092.25,257.24482025497707,rehedge
2026-09-01 12:00:00,stock,ITC,long,ITC_spot_proxy,1h,-297.0273687389666,34.607367595037886,265.7,15.784034374788684,rehedge
2026-09-01 12:00:00,stock,ITC,long,ITC_spot_proxy,1h,-34.607367595037886,0.0,265.7,1.8390355140003132,flatten
2026-09-01 12:00:00,stock,ICICIBANK,long,ICICIBANK_spot_proxy,1h,7.0717095742312495,-55.26715795809151,1436.9,0.20322678974425767,rehedge
2026-09-01 13:00:00,stock,HDFCBANK,short,HDFCBANK_spot_proxy,1h,-14.009921398022584,-197.24113524445858,708.35,1.9847855644578596,rehedge
2026-09-01 13:00:00,stock,BAJFINANCE,long,BAJFINANCE_spot_proxy,1h,38.088489442106294,172.35394634606382,1052.5,0.8017627027563375,rehedge
2026-09-01 13:00:00,stock,LT,short,LT_spot_proxy,1h,-24.832368843226412,-21.033759490439337,3995.1,19.841559353114768,rehedge
2026-09-01 13:00:00,stock,INFY,long,INFY_spot_proxy,1h,1.1068473297880956,-76.65445454020335,1149.8,0.025453061195807047,rehedge
2026-09-01 13:00:00,stock,AXISBANK,long,AXISBANK_spot_proxy,1h,37.00058306560783,60.90278824083708,1264.1,0.9354487410646972,rehedge
2026-09-01 13:00:00,index,NIFTY,short,spot_as_fut_proxy,1h,-219.91945372590084,-38.79087483401513,24000.15,1055.619975467936,rehedge
2026-09-01 13:00:00,stock,ICICIBANK,long,ICICIBANK_spot_proxy,1h,77.10857162228643,21.84141366419492,1428.9,2.203608759821702,rehedge
2026-09-01 14:00:00,stock,HDFCBANK,short,HDFCBANK_spot_proxy,1h,-0.775342663996355,-198.01647790845493,708.15,0.10981178150180376,rehedge
2026-09-01 14:00:00,stock,BAJFINANCE,long,BAJFINANCE_spot_proxy,1h,15.863696372157563,188.21764271822138,1049.2,0.3328838046733543,rehedge
2026-09-01 14:00:00,stock,LT,short,LT_spot_proxy,1h,1.4193330450110935,-19.614426445428244,3996.1,0.11343593562337662,rehedge
2026-09-01 14:00:00,stock,INFY,long,INFY_spot_proxy,1h,25.295123228575193,-51.359331311628154,1143.6,0.5785500584839718,rehedge
2026-09-01 14:00:00,stock,AXISBANK,long,AXISBANK_spot_proxy,1h,46.396214476627506,107.29900271746459,1258.3,1.1676071335188078,rehedge
2026-09-01 14:00:00,index,NIFTY,short,spot_as_fut_proxy,1h,-46.064605230839376,-84.8554800648545,23980.5,220.93045314762873,rehedge
2026-09-01 14:00:00,stock,ICICIBANK,long,ICICIBANK_spot_proxy,1h,6.223166755681657,28.064580419876577,1428.0,0.17773364254226814,rehedge
2026-09-01 15:00:00,stock,HDFCBANK,short,HDFCBANK_spot_proxy,1h,55.53120618593019,-142.48527172252474,711.9,0.790653313675274,rehedge
2026-09-01 15:00:00,stock,BAJFINANCE,long,BAJFINANCE_spot_proxy,1h,-20.789989547509663,167.42765317071172,1053.9,4.382113996824088,rehedge
2026-09-01 15:00:00,stock,LT,short,LT_spot_proxy,1h,-14.385920951271565,-34.00034739669981,3980.1,11.451480795631191,rehedge
2026-09-01 15:00:00,stock,INFY,long,INFY_spot_proxy,1h,-42.61919868997215,-93.9785300016003,1156.0,9.853558737121562,rehedge
2026-09-01 15:00:00,stock,AXISBANK,long,AXISBANK_spot_proxy,1h,5.469374000439544,112.76837671790413,1258.0,0.13760944985105894,rehedge
2026-09-01 15:00:00,index,NIFTY,short,spot_as_fut_proxy,1h,185.87066459090272,101.0151845260482,24055.8,89.42535066531676,rehedge
2026-09-01 15:00:00,stock,ICICIBANK,long,ICICIBANK_spot_proxy,1h,-103.71778334949325,-75.65320292961667,1438.0,29.829234491314256,rehedge
2026-09-02 09:00:00,stock,HDFCBANK,short,HDFCBANK_spot_proxy,1h,-116.66918949697268,-259.1544612194974,703.0,16.403688043274357,rehedge
2026-09-02 09:00:00,stock,BAJFINANCE,long,BAJFINANCE_spot_proxy,1h,73.80540704795234,241.23306021866406,1040.0,1.5351524665974088,rehedge
2026-09-02 09:00:00,stock,LT,short,LT_spot_proxy,1h,-8.532099532514735,-42.532446929214544,3969.0,6.772780608910197,rehedge
2026-09-02 09:00:00,stock,INFY,long,INFY_spot_proxy,1h,44.218632307868624,-49.75989769373168,1143.5,1.0112801208809556,rehedge
2026-09-02 09:00:00,stock,AXISBANK,long,AXISBANK_spot_proxy,1h,2.675262223456002,115.44363894136013,1257.4,0.06727749439547155,rehedge
2026-09-02 09:00:00,index,NIFTY,short,spot_as_fut_proxy,1h,-465.9849520056315,-364.9697674795833,23851.0,2222.8414180572636,rehedge
2026-09-02 09:00:00,stock,ICICIBANK,long,ICICIBANK_spot_proxy,1h,123.03056052913942,47.377357599522746,1426.0,3.508831586291057,rehedge
2026-09-02 10:00:00,stock,HDFCBANK,short,HDFCBANK_spot_proxy,1h,4.236635500988115,-254.9178257185093,703.0,0.0595670951438929,rehedge
2026-09-02 10:00:00,stock,BAJFINANCE,long,BAJFINANCE_spot_proxy,1h,11.697581803494927,252.930642022159,1037.1,0.24263124176809178,rehedge
2026-09-02 10:00:00,stock,LT,short,LT_spot_proxy,1h,4.518519120826888,-38.013927808387656,3975.0,0.3592222701057376,rehedge
2026-09-02 10:00:00,stock,INFY,long,INFY_spot_proxy,1h,6.867607398192099,-42.89229029553958,1141.8,0.15682868254511478,rehedge
2026-09-02 10:00:00,stock,AXISBANK,long,AXISBANK_spot_proxy,1h,-15.860154710248366,99.58348423111177,1259.5,3.995172971511564,rehedge
2026-09-02 10:00:00,index,NIFTY,short,spot_as_fut_proxy,1h,16.9763858920835,-347.9933815874998,23859.95,8.101114371316354,rehedge
2026-09-02 10:00:00,stock,ICICIBANK,long,ICICIBANK_spot_proxy,1h,-28.259215000131704,19.118142599391042,1429.0,8.07648364703764,rehedge
2026-09-02 11:00:00,stock,HDFCBANK,short,HDFCBANK_spot_proxy,1h,-1.9680047458352021,-256.8858304643445,703.8,0.277016348023763,rehedge
2026-09-02 11:00:00,stock,BAJFINANCE,long,BAJFINANCE_spot_proxy,1h,-23.157703612391458,229.77293840976753,1042.6,4.828844357255867,rehedge
2026-09-02 11:00:00,stock,LT,short,LT_spot_proxy,1h,-9.896735420431817,-47.91066322881947,3959.4,7.8370268447315485,rehedge
2026-09-02 11:00:00,stock,INFY,long,INFY_spot_proxy,1h,26.05800387207873,-16.834286423460853,1135.5,0.591777267934908,rehedge
2026-09-02 11:00:00,stock,AXISBANK,long,AXISBANK_spot_proxy,1h,45.01252320866696,144.59600743977873,1254.6,1.1294542323518715,rehedge
2026-09-02 11:00:00,index,NIFTY,short,spot_as_fut_proxy,1h,-65.09998185594588,-413.0933634434457,23812.95,310.0445225873093,rehedge
2026-09-02 11:00:00,stock,ICICIBANK,long,ICICIBANK_spot_proxy,1h,15.914295582357774,35.032438181748816,1427.1,0.45422582451165555,rehedge
2026-09-02 12:00:00,stock,HDFCBANK,short,HDFCBANK_spot_proxy,1h,-6.174572641446787,-263.0604031057913,703.0,0.8681449133874183,rehedge
2026-09-02 12:00:00,stock,BAJFINANCE,long,BAJFINANCE_spot_proxy,1h,-48.08828813325559,181.68465027651195,1051.3,10.11104346289832,rehedge
2026-09-02 12:00:00,stock,LT,short,LT_spot_proxy,1h,15.602295574083676,-32.3083676547358,3981.6,1.2424420011554314,rehedge
2026-09-02 12:00:00,stock,INFY,long,INFY_spot_proxy,1h,6.882409746355499,-9.951876677105354,1133.9,0.15607928822785005,rehedge
2026-09-02 12:00:00,stock,AXISBANK,long,AXISBANK_spot_proxy,1h,-33.7431217102061,110.85288572957263,1259.2,8.497867771498303,rehedge
2026-09-02 12:00:00,index,NIFTY,short,spot_as_fut_proxy,1h,95.81256453701383,-317.28079890643187,23869.7,45.74034343458319,rehedge
2026-09-02 12:00:00,stock,ICICIBANK,long,ICICIBANK_spot_proxy,1h,40.54452334027094,75.57696152201976,1423.5,1.1543025794975137,rehedge
2026-09-02 13:00:00,stock,HDFCBANK,short,HDFCBANK_spot_proxy,1h,-0.5906026363213641,-263.65100574211266,702.75,0.08300920053496773,rehedge
2026-09-02 13:00:00,stock,BAJFINANCE,long,BAJFINANCE_spot_proxy,1h,-36.1368494950614,145.54780078145055,1057.7,7.644389142185289,rehedge
2026-09-02 13:00:00,stock,LT,short,LT_spot_proxy,1h,3.27179223481987,-29.036575419915927,3985.0,0.2607618411151436,rehedge
2026-09-02 13:00:00,stock,INFY,long,INFY_spot_proxy,1h,3.317925589175741,-6.633951087929613,1133.1,0.07519082970190064,rehedge
2026-09-02 13:00:00,stock,AXISBANK,long,AXISBANK_spot_proxy,1h,10.924789553264375,121.77767528283701,1258.0,0.2748677051601317,rehedge
2026-09-02 13:00:00,index,NIFTY,short,spot_as_fut_proxy,1h,2.470766245085599,-314.81003266134627,23872.0,1.1796426360536685,rehedge
2026-09-02 13:00:00,stock,ICICIBANK,long,ICICIBANK_spot_proxy,1h,15.340159595944371,90.91712111796413,1421.9,0.43624345858946606,rehedge
2026-09-02 14:00:00,stock,HDFCBANK,short,HDFCBANK_spot_proxy,1h,-21.66633296195255,-285.3173387040652,700.35,3.034803257980694,rehedge
2026-09-02 14:00:00,stock,BAJFINANCE,long,BAJFINANCE_spot_proxy,1h,16.027522233052622,161.57532301450317,1054.9,0.33814866407294425,rehedge
2026-09-02 14:00:00,stock,LT,short,LT_spot_proxy,1h,8.390990868381362,-20.645584551534565,3996.8,0.6707422460549327,rehedge
2026-09-02 14:00:00,stock,INFY,long,INFY_spot_proxy,1h,6.886279586154909,0.252328498225296,1131.5,0.1558365070346856,rehedge
2026-09-02 14:00:00,stock,AXISBANK,long,AXISBANK_spot_proxy,1h,48.387977572043184,170.1656528548802,1252.5,1.212118838179682,rehedge
2026-09-02 14:00:00,index,NIFTY,short,spot_as_fut_proxy,1h,-15.991593361204878,-330.80162602255115,23873.15,76.35394141020964,rehedge
2026-09-02 14:00:00,stock,ICICIBANK,long,ICICIBANK_spot_proxy,1h,-10.693765968486659,80.22335514947747,1423.0,3.043445794631303,rehedge
2026-09-02 15:00:00,stock,HDFCBANK,short,HDFCBANK_spot_proxy,1h,-13.222521344597737,-298.53986004866294,700.8,1.8532685916588187,rehedge
2026-09-02 15:00:00,stock,BAJFINANCE,long,BAJFINANCE_spot_proxy,1h,-2.1647197329862706,159.4106032815169,1055.9,0.4571455132120407,rehedge
2026-09-02 15:00:00,stock,LT,short,LT_spot_proxy,1h,-11.65275855034226,-32.298343101876824,3981.0,9.277926357782507,rehedge
2026-09-02 15:00:00,stock,INFY,long,INFY_spot_proxy,1h,-34.380670042503866,-34.12834154427857,1140.0,7.8387927696908815,rehedge
2026-09-02 15:00:00,stock,AXISBANK,long,AXISBANK_spot_proxy,1h,-16.179316859263054,153.98633599561714,1253.9,4.05744908196599,rehedge
2026-09-02 15:00:00,index,NIFTY,short,spot_as_fut_proxy,1h,49.68318976981459,-281.11843625273656,23914.45,23.76292315181485,rehedge
2026-09-02 15:00:00,stock,ICICIBANK,long,ICICIBANK_spot_proxy,1h,-32.00130974569606,48.22204540378141,1426.5,9.129973670447088,rehedge
2026-09-03 09:00:00,stock,HDFCBANK,short,HDFCBANK_spot_proxy,1h,101.37884377897402,-197.16101626968893,709.95,1.4394782028176523,rehedge
2026-09-03 09:00:00,stock,BAJFINANCE,long,BAJFINANCE_spot_proxy,1h,5.398886284119101,164.809489565636,1056.5,0.11407846718343662,rehedge
2026-09-03 09:00:00,stock,LT,short,LT_spot_proxy,1h,23.651093708233923,-8.647249393642904,4014.7,1.8990409182089347,rehedge
2026-09-03 09:00:00,stock,INFY,long,INFY_spot_proxy,1h,48.61081775813909,14.482476213860519,1128.3,1.0969517135301667,rehedge
2026-09-03 09:00:00,stock,AXISBANK,long,AXISBANK_spot_proxy,1h,-173.2338131543798,-19.247477158762656,1274.5,44.15729897305141,rehedge
2026-09-03 09:00:00,index,NIFTY,short,spot_as_fut_proxy,1h,225.74686453536955,-55.37157171736701,24007.6,108.39280850038676,rehedge
2026-09-03 09:00:00,index,NIFTY,short,spot_as_fut_proxy,1h,55.37157171736701,0.0,24007.6,26.58677090323721,flatten
2026-09-03 09:00:00,stock,ICICIBANK,long,ICICIBANK_spot_proxy,1h,-206.71691930516215,-158.49487390138074,1448.5,59.88589152270548,rehedge
2026-09-03 10:00:00,stock,HDFCBANK,short,HDFCBANK_spot_proxy,1h,-3.8866027630473354,-201.04761903273626,709.75,0.5517032622145693,rehedge
2026-09-03 10:00:00,stock,BAJFINANCE,long,BAJFINANCE_spot_proxy,1h,25.637746760500136,190.44723632613614,1051.9,0.539366916347402,rehedge
2026-09-03 10:00:00,stock,LT,short,LT_spot_proxy,1h,-4.840347201047855,-13.487596594690759,4008.2,3.8802159302480024,rehedge
2026-09-03 10:00:00,stock,INFY,long,INFY_spot_proxy,1h,0.20894272601152863,14.691418939872047,1128.2,0.0047145836697241325,rehedge
2026-09-03 10:00:00,stock,AXISBANK,long,AXISBANK_spot_proxy,1h,49.4051554283655,30.15767826960284,1268.8,1.253705224150203,rehedge
2026-09-03 10:00:00,stock,ICICIBANK,long,ICICIBANK_spot_proxy,1h,64.53850171871933,-93.95637218266141,1441.3,1.8603868505438035,rehedge
2026-09-03 10:00:00,stock,ITC,long,ITC_spot_proxy,1h,82.75976255700641,82.75976255700641,265.55,0.4395370989402611,entry
2026-09-03 11:00:00,stock,HDFCBANK,short,HDFCBANK_spot_proxy,1h,-10.942778042297704,-211.99039707503397,708.85,1.5513576430565457,rehedge
2026-09-03 11:00:00,stock,BAJFINANCE,long,BAJFINANCE_spot_proxy,1h,15.715263289448956,206.1624996155851,1049.1,0.32973765433921803,rehedge
2026-09-03 11:00:00,stock,LT,short,LT_spot_proxy,1h,-2.0961851375997824,-15.583781732290541,4006.0,1.6794635322449456,rehedge
2026-09-03 11:00:00,stock,INFY,long,INFY_spot_proxy,1h,-15.931116457606631,-1.2396975177345837,1132.1,3.6071233883312934,rehedge
2026-09-03 11:00:00,stock,AXISBANK,long,AXISBANK_spot_proxy,1h,-43.82800738362589,-13.67032911402305,1273.9,11.166499721200205,rehedge
2026-09-03 11:00:00,stock,ICICIBANK,long,ICICIBANK_spot_proxy,1h,3.06626447814601,-90.8901077045154,1441.0,0.08836974226016803,rehedge
2026-09-03 11:00:00,stock,ITC,long,ITC_spot_proxy,1h,0.42736960196751284,83.18713215897392,265.55,0.0022697599560494606,rehedge
2026-09-03 12:00:00,stock,HDFCBANK,short,HDFCBANK_spot_proxy,1h,-18.719712671099956,-230.71010974613392,706.95,2.646780174566823,rehedge
2026-09-03 12:00:00,stock,BAJFINANCE,long,BAJFINANCE_spot_proxy,1h,34.82883614383158,240.99133575941667,1043.5,0.7268778103217652,rehedge
2026-09-03 12:00:00,stock,LT,short,LT_spot_proxy,1h,-8.971260909119357,-24.555042641409898,3994.4,7.166960915077273,rehedge
2026-09-03 12:00:00,stock,INFY,long,INFY_spot_proxy,1h,0.28366868060947237,-0.9560288371251113,1132.0,0.0064222589289984556,rehedge
2026-09-03 12:00:00,stock,AXISBANK,long,AXISBANK_spot_proxy,1h,7.169779885982351,-6.500549228040699,1273.1,0.18255693545688262,rehedge
2026-09-03 12:00:00,stock,ICICIBANK,long,ICICIBANK_spot_proxy,1h,9.207901492305737,-81.68220621220966,1440.1,0.26520597878138985,rehedge
2026-09-03 12:00:00,stock,ITC,long,ITC_spot_proxy,1h,291.1038810609675,374.2910132199414,264.25,1.5384840114072136,rehedge
2026-09-03 13:00:00,stock,HDFCBANK,short,HDFCBANK_spot_proxy,1h,3.1438218834631755,-227.56628786267075,707.55,0.044488223472887396,rehedge
2026-09-03 13:00:00,stock,BAJFINANCE,long,BAJFINANCE_spot_proxy,1h,-21.214422921722047,219.77691283769462,1046.3,4.439330140599555,rehedge
2026-09-03 13:00:00,stock,LT,short,LT_spot_proxy,1h,0.02294802372855287,-24.532094617681345,3994.5,0.0018333176156740889,rehedge
2026-09-03 13:00:00,stock,INFY,long,INFY_spot_proxy,1h,6.603403827097365,5.647374989972254,1130.5,0.14930296053067144,rehedge
2026-09-03 13:00:00,stock,AXISBANK,long,AXISBANK_spot_proxy,1h,-7.87276071120252,-14.373309939243219,1274.0,2.005979429214402,rehedge
2026-09-03 13:00:00,stock,ICICIBANK,long,ICICIBANK_spot_proxy,1h,-2.197799113595025,-83.88000532580469,1440.3,0.6330980126621829,rehedge
2026-09-03 13:00:00,stock,ITC,long,ITC_spot_proxy,1h,-42.57360921898368,331.71740400095774,264.5,2.2521439276842363,rehedge
2026-09-03 14:00:00,stock,HDFCBANK,short,HDFCBANK_spot_proxy,1h,3.586737085077175,-223.97955077759357,708.3,0.05080971754720326,rehedge
2026-09-03 14:00:00,stock,BAJFINANCE,long,BAJFINANCE_spot_proxy,1h,-5.117149278362888,214.65976355933174,1047.4,1.071940430831458,rehedge
2026-09-03 14:00:00,stock,LT,short,LT_spot_proxy,1h,-3.0139321777146186,-27.546026795395964,3991.1,2.4057809428953627,rehedge
2026-09-03 14:00:00,stock,INFY,long,INFY_spot_proxy,1h,-4.757739125966776,0.889635864005478,1131.5,1.0766763642062813,rehedge
2026-09-03 14:00:00,stock,AXISBANK,long,AXISBANK_spot_proxy,1h,39.05066701046015,24.67735707121693,1269.8,0.991730739397646,rehedge
2026-09-03 14:00:00,stock,ICICIBANK,long,ICICIBANK_spot_proxy,1h,75.33940500040575,-8.540600325398945,1432.6,2.1586246320716254,rehedge
2026-09-03 14:00:00,stock,ITC,long,ITC_spot_proxy,1h,227.35886750133324,559.076271502291,263.45,1.197953872864525,rehedge
2026-09-03 15:00:00,stock,HDFCBANK,short,HDFCBANK_spot_proxy,1h,-35.70126131365387,-259.68081209124745,706.65,5.045659261458702,rehedge
2026-09-03 15:00:00,stock,HDFCBANK,short,HDFCBANK_spot_proxy,1h,259.68081209124745,0.0,706.65,3.6700689172856005,flatten
2026-09-03 15:00:00,stock,BAJFINANCE,long,BAJFINANCE_spot_proxy,1h,-2.991251985064366,211.66851157426737,1049.0,0.6275646664665041,rehedge
2026-09-03 15:00:00,stock,LT,short,LT_spot_proxy,1h,-14.380937901241428,-41.92696469663739,3975.0,11.432845631486936,rehedge
2026-09-03 15:00:00,stock,INFY,long,INFY_spot_proxy,1h,5.390732540145904,6.280368404151382,1130.3,0.12186289980253831,rehedge
2026-09-03 15:00:00,stock,AXISBANK,long,AXISBANK_spot_proxy,1h,27.079759795610414,51.757116866827346,1267.0,0.6862011132207679,rehedge
2026-09-03 15:00:00,stock,ICICIBANK,long,ICICIBANK_spot_proxy,1h,25.030210678021984,16.48961035262304,1430.0,0.7158640253914288,rehedge
2026-09-03 15:00:00,stock,ITC,long,ITC_spot_proxy,1h,98.65264713090733,657.7289186331983,263.0,0.5189129239085726,rehedge
2026-09-04 09:00:00,stock,BAJFINANCE,long,BAJFINANCE_spot_proxy,1h,-24.821702631153926,186.84680894311344,1054.0,5.232414914647248,rehedge
2026-09-04 09:00:00,stock,LT,short,LT_spot_proxy,1h,0.3221722672504228,-41.60479242938697,3976.7,0.025623649103495127,rehedge
2026-09-04 09:00:00,stock,INFY,long,INFY_spot_proxy,1h,-24.452144877708548,-18.171776473557166,1136.3,5.556994444908045,rehedge
2026-09-04 09:00:00,stock,AXISBANK,long,AXISBANK_spot_proxy,1h,29.100953919828115,80.85807078665546,1264.2,0.7357885189089342,rehedge
2026-09-04 09:00:00,stock,ICICIBANK,long,ICICIBANK_spot_proxy,1h,12.973108784896372,29.46271913751941,1428.8,0.37071955663719874,rehedge
2026-09-04 09:00:00,stock,ITC,long,ITC_spot_proxy,1h,-142.82877795560023,514.9001406775981,263.95,7.539931188276137,rehedge
2026-09-04 10:00:00,stock,BAJFINANCE,long,BAJFINANCE_spot_proxy,1h,7.606293544899273,194.45310248801272,1052.8,0.1601581168813991,rehedge
2026-09-04 10:00:00,stock,LT,short,LT_spot_proxy,1h,6.3883370504672214,-35.21645537891975,3983.9,0.5090099195071273,rehedge
2026-09-04 10:00:00,stock,INFY,long,INFY_spot_proxy,1h,27.787353182562402,9.615576709005236,1130.0,0.6279941819259104,rehedge
2026-09-04 10:00:00,stock,AXISBANK,long,AXISBANK_spot_proxy,1h,-29.008805409419793,51.84926537723567,1267.3,7.352571819071541,rehedge
2026-09-04 10:00:00,stock,ICICIBANK,long,ICICIBANK_spot_proxy,1h,-33.508296534856015,-4.0455773973366025,1432.3,9.598786625374855,rehedge
2026-09-04 10:00:00,stock,ITC,long,ITC_spot_proxy,1h,-347.75072188099693,167.14941879660117,265.35,18.45513081022451,rehedge
2026-09-04 11:00:00,stock,BAJFINANCE,long,BAJFINANCE_spot_proxy,1h,-29.30559246843123,165.1475100195815,1057.4,6.197546695223838,rehedge
2026-09-04 11:00:00,stock,LT,short,LT_spot_proxy,1h,3.5148253957496642,-31.701629983170083,3988.6,0.28038465146974223,rehedge
2026-09-04 11:00:00,stock,INFY,long,INFY_spot_proxy,1h,-9.378729858397673,0.23684685060756383,1132.2,2.123719589135569,rehedge
2026-09-04 11:00:00,stock,AXISBANK,long,AXISBANK_spot_proxy,1h,-59.11465438742519,-7.265389010189526,1273.5,15.056502472477197,rehedge
2026-09-04 11:00:00,stock,ICICIBANK,long,ICICIBANK_spot_proxy,1h,7.469973189882789,3.4243957925461865,1431.6,0.213880272372724,rehedge
2026-09-04 11:00:00,stock,ITC,long,ITC_spot_proxy,1h,52.45255697539051,219.60197577199168,265.25,0.2782608147544467,rehedge
2026-09-04 12:00:00,stock,BAJFINANCE,long,BAJFINANCE_spot_proxy,1h,12.247485132840154,177.39499515242164,1055.1,0.25844643127319294,rehedge
2026-09-04 12:00:00,stock,LT,short,LT_spot_proxy,1h,-8.5271075743531,-40.22873755752318,3977.7,6.7836551597008645,rehedge
2026-09-04 12:00:00,stock,INFY,long,INFY_spot_proxy,1h,0.7264607240599963,0.9633075746675601,1132.0,0.01644707079271832,rehedge
2026-09-04 12:00:00,stock,AXISBANK,long,AXISBANK_spot_proxy,1h,-3.873622763649575,-11.139011773839101,1273.9,0.9869216077226387,rehedge
2026-09-04 12:00:00,stock,ICICIBANK,long,ICICIBANK_spot_proxy,1h,11.342766047317944,14.76716183986413,1430.5,0.32451653661376645,rehedge
2026-09-04 12:00:00,stock,ITC,long,ITC_spot_proxy,1h,295.3722953012938,514.9742710732854,264.0,1.5595657191908312,rehedge
2026-09-04 13:00:00,stock,BAJFINANCE,long,BAJFINANCE_spot_proxy,1h,-18.28536850859055,159.1096266438311,1058.6,3.8713782206387917,rehedge
2026-09-04 13:00:00,stock,LT,short,LT_spot_proxy,1h,8.47781964724112,-31.750917910282062,3988.0,0.6761908950639518,rehedge
2026-09-04 13:00:00,stock,INFY,long,INFY_spot_proxy,1h,15.682824178226685,16.646131752894245,1128.5,0.35396134170257626,rehedge
2026-09-04 13:00:00,stock,AXISBANK,long,AXISBANK_spot_proxy,1h,-47.46491365147536,-58.60392542531446,1279.1,12.142474210320426,rehedge
2026-09-04 13:00:00,stock,ICICIBANK,long,ICICIBANK_spot_proxy,1h,2.077488477194837,16.844650317058967,1430.3,0.05942863537863551,rehedge
2026-09-04 13:00:00,stock,ITC,long,ITC_spot_proxy,1h,-17.124294154043127,497.8499769192423,264.1,0.9045052172165581,rehedge
2026-09-04 14:00:00,stock,BAJFINANCE,long,BAJFINANCE_spot_proxy,1h,-1.7285990801954654,157.38102756363563,1059.2,0.3661864291486074,rehedge
2026-09-04 14:00:00,stock,LT,short,LT_spot_proxy,1h,-12.63521195086956,-44.38612986115162,3976.4,10.048531360287546,rehedge
2026-09-04 14:00:00,stock,INFY,long,INFY_spot_proxy,1h,-0.21838703170498164,16.427744721189264,1128.5,0.04928995305581436,rehedge
2026-09-04 14:00:00,stock,AXISBANK,long,AXISBANK_spot_proxy,1h,-0.5224525163819962,-59.126377941696454,1279.1,0.13365380274084226,rehedge
2026-09-04 14:00:00,stock,ICICIBANK,long,ICICIBANK_spot_proxy,1h,35.80689921738572,52.65154953444468,1426.3,1.0214276070751451,rehedge
2026-09-04 14:00:00,stock,ITC,long,ITC_spot_proxy,1h,-212.05010076465084,285.79987615459146,264.95,11.236534839518848,rehedge
2026-09-04 15:00:00,stock,BAJFINANCE,long,BAJFINANCE_spot_proxy,1h,-2.9922987822062055,154.38872878142942,1060.5,0.6346665717059362,rehedge
2026-09-04 15:00:00,stock,LT,short,LT_spot_proxy,1h,-3.8898160707196823,-48.275945931871306,3964.1,3.0839239771879785,rehedge
2026-09-04 15:00:00,stock,INFY,long,INFY_spot_proxy,1h,-7.231796639939603,9.19594808124966,1130.0,1.6343860406263504,rehedge
2026-09-04 15:00:00,stock,AXISBANK,long,AXISBANK_spot_proxy,1h,57.01669296563242,-2.109684976064029,1273.0,1.4516450029050016,rehedge
2026-09-04 15:00:00,stock,ICICIBANK,long,ICICIBANK_spot_proxy,1h,46.29226636198662,98.9438158964313,1423.2,1.3176630697275873,rehedge
2026-09-04 15:00:00,stock,ITC,long,ITC_spot_proxy,1h,191.09911656935384,476.8989927239453,264.1,1.0093855337193272,rehedge
2026-09-07 09:00:00,stock,BAJFINANCE,long,BAJFINANCE_spot_proxy,1h,8.218332715180992,162.6070614966104,1059.5,0.17414647023468524,rehedge
2026-09-07 09:00:00,stock,LT,short,LT_spot_proxy,1h,0.9914792528498708,-47.284466679021435,3972.4,0.07877104368041656,rehedge
2026-09-07 09:00:00,stock,INFY,long,INFY_spot_proxy,1h,119.22905061732968,128.42499869857934,1102.1,2.6280467337071807,rehedge
2026-09-07 09:00:00,stock,AXISBANK,long,AXISBANK_spot_proxy,1h,69.18725051950473,67.0775655434407,1266.2,1.752097932155938,rehedge
2026-09-07 09:00:00,stock,ICICIBANK,long,ICICIBANK_spot_proxy,1h,-21.853292549478255,77.09052334695305,1425.2,6.229062508303282,rehedge
2026-09-07 09:00:00,stock,ITC,long,ITC_spot_proxy,1h,28.935904048333327,505.8348967722786,264.2,0.1528973169913933,rehedge
2026-09-07 10:00:00,stock,BAJFINANCE,long,BAJFINANCE_spot_proxy,1h,3.3576538827326488,165.96471537934306,1059.7,0.07116211639063577,rehedge
2026-09-07 10:00:00,stock,LT,short,LT_spot_proxy,1h,19.22811351527055,-28.056353163750885,3998.5,1.537672237816186,rehedge
2026-09-07 10:00:00,stock,INFY,long,INFY_spot_proxy,1h,31.6940512803032,160.11904997888254,1095.6,0.6944800516540037,rehedge
2026-09-07 10:00:00,stock,AXISBANK,long,AXISBANK_spot_proxy,1h,-15.063500651008901,52.0140648924318,1268.0,3.820103765095858,rehedge
2026-09-07 10:00:00,stock,ICICIBANK,long,ICICIBANK_spot_proxy,1h,-20.897952666711454,56.192570680241595,1427.4,5.965947527292786,rehedge
2026-09-07 10:00:00,stock,ITC,long,ITC_spot_proxy,1h,42.421111817580595,548.2560085898592,264.0,0.22398347039682556,rehedge
2026-09-07 10:00:00,stock,BHARTIARTL,long,BHARTIARTL_spot_proxy,1h,-10.673868743918442,-10.673868743918442,1832.8,3.912613326770744,entry
2026-09-07 10:00:00,stock,TCS,long,TCS_spot_proxy,1h,5.459920365201197,5.459920365201197,2281.0,0.24908156706047863,entry
2026-09-07 11:00:00,stock,BAJFINANCE,long,BAJFINANCE_spot_proxy,1h,-29.272080196784287,136.69263518255877,1064.0,6.229098665875696,rehedge
2026-09-07 11:00:00,stock,LT,short,LT_spot_proxy,1h,-16.100893589348857,-44.15724675309974,3978.8,12.812447082660247,rehedge
2026-09-07 11:00:00,stock,INFY,long,INFY_spot_proxy,1h,20.33490548821922,180.45395546710176,1090.1,0.44334160945415546,rehedge
2026-09-07 11:00:00,stock,AXISBANK,long,AXISBANK_spot_proxy,1h,-9.655447109443578,42.35861778298822,1269.0,2.4505524763767803,rehedge
2026-09-07 11:00:00,stock,ICICIBANK,long,ICICIBANK_spot_proxy,1h,2.6759902739165184,58.86856095415811,1427.0,0.07637276241757744,rehedge
2026-09-07 11:00:00,stock,ITC,long,ITC_spot_proxy,1h,143.47715058403526,691.7331591738945,263.35,0.7556941521261138,rehedge
2026-09-07 11:00:00,stock,BHARTIARTL,long,BHARTIARTL_spot_proxy,1h,-27.81572738200989,-38.48959612592833,1838.0,10.225061385626836,rehedge
2026-09-07 11:00:00,stock,TCS,long,TCS_spot_proxy,1h,15.098798800991617,20.558719166192812,2265.0,0.6839755856849202,rehedge
2026-09-07 12:00:00,stock,BAJFINANCE,long,BAJFINANCE_spot_proxy,1h,41.53609228019752,178.2287274627563,1057.6,0.8785714239107381,rehedge
2026-09-07 12:00:00,stock,LT,short,LT_spot_proxy,1h,-4.823305209363561,-48.9805519624633,3972.8,3.832405387151911,rehedge
2026-09-07 12:00:00,stock,INFY,long,INFY_spot_proxy,1h,4.948280088138375,185.40223555524014,1088.0,0.10767457471789106,rehedge
2026-09-07 12:00:00,stock,AXISBANK,long,AXISBANK_spot_proxy,1h,46.12915974014513,88.48777752313335,1264.1,1.166237416550349,rehedge
2026-09-07 12:00:00,stock,ICICIBANK,long,ICICIBANK_spot_proxy,1h,-1.877270481046935,56.99129047311118,1427.0,0.5357729952907953,rehedge
2026-09-07 12:00:00,stock,ITC,long,ITC_spot_proxy,1h,-28.395333760504286,663.3378254133902,263.5,1.4964340891785761,rehedge
2026-09-07 12:00:00,stock,BHARTIARTL,long,BHARTIARTL_spot_proxy,1h,25.35456096803003,-13.1350351578983,1833.3,0.9296503324537891,rehedge
2026-09-07 12:00:00,stock,TCS,long,TCS_spot_proxy,1h,-5.650521643180301,14.908197523012511,2271.4,2.566918972063948,rehedge
2026-09-07 13:00:00,stock,BAJFINANCE,long,BAJFINANCE_spot_proxy,1h,-9.2198686628021,169.0088587999542,1060.1,1.9547965538873011,rehedge
2026-09-07 13:00:00,stock,LT,short,LT_spot_proxy,1h,12.644811393503566,-36.335740568959736,3989.5,1.0089295010876496,rehedge
2026-09-07 13:00:00,stock,INFY,long,INFY_spot_proxy,1h,-5.037245585996715,180.36498996924342,1089.2,1.0973135784535244,rehedge
2026-09-07 13:00:00,stock,AXISBANK,long,AXISBANK_spot_proxy,1h,5.495155507826183,93.98293303095953,1264.3,0.1389505021708929,rehedge
2026-09-07 13:00:00,stock,ICICIBANK,long,ICICIBANK_spot_proxy,1h,-6.5783114517065755,50.4129790214046,1427.8,1.8785026181493298,rehedge
2026-09-07 13:00:00,stock,ITC,long,ITC_spot_proxy,1h,-12.697696373634699,650.6401290397555,263.6,0.6694225528180214,rehedge
2026-09-07 13:00:00,stock,BHARTIARTL,long,BHARTIARTL_spot_proxy,1h,-74.19606281172943,-87.33109796962773,1846.7,27.403573838884153,rehedge
2026-09-07 13:00:00,stock,TCS,long,TCS_spot_proxy,1h,6.777097807654261,21.685295330666772,2264.4,0.3069212055130462,rehedge
2026-09-07 14:00:00,stock,BAJFINANCE,long,BAJFINANCE_spot_proxy,1h,7.189188120396608,176.1980469203508,1058.4,0.15218073413255542,rehedge
2026-09-07 14:00:00,stock,LT,short,LT_spot_proxy,1h,-10.9590783734171,-47.294818942376835,3971.4,8.704576770437734,rehedge
2026-09-07 14:00:00,stock,INFY,long,INFY_spot_proxy,1h,7.362219172083087,187.7272091413265,1087.2,0.16008409367777468,rehedge
2026-09-07 14:00:00,stock,AXISBANK,long,AXISBANK_spot_proxy,1h,-2.662736528185775,91.32019650277375,1263.9,0.6730865395948002,rehedge
2026-09-07 14:00:00,stock,ICICIBANK,long,ICICIBANK_spot_proxy,1h,36.32308416798205,86.73606318938666,1424.9,1.0351352526191526,rehedge
2026-09-07 14:00:00,stock,ITC,long,ITC_spot_proxy,1h,-47.31288268852791,603.3272463512276,263.75,2.4957545618198473,rehedge
2026-09-07 14:00:00,stock,BHARTIARTL,long,BHARTIARTL_spot_proxy,1h,7.1592335059488335,-80.1718644636789,1845.6,0.26426162717158336,rehedge
2026-09-07 14:00:00,stock,TCS,long,TCS_spot_proxy,1h,-1.0452280145744517,20.64006731609232,2264.8,0.4734464814816437,rehedge
2026-09-07 15:00:00,stock,BAJFINANCE,long,BAJFINANCE_spot_proxy,1h,-7.085315122415636,169.11273179793517,1060.0,1.5020868059521149,rehedge
2026-09-07 15:00:00,stock,LT,short,LT_spot_proxy,1h,24.71619116301399,-22.578627779362847,3999.0,1.976800969217859,rehedge
2026-09-07 15:00:00,stock,INFY,long,INFY_spot_proxy,1h,-1.5434383732892343,186.18377076803728,1087.5,0.3356978461904085,rehedge
2026-09-07 15:00:00,stock,AXISBANK,long,AXISBANK_spot_proxy,1h,-24.954244018551705,66.36595248422205,1266.0,6.318414585497291,rehedge
2026-09-07 15:00:00,stock,ICICIBANK,long,ICICIBANK_spot_proxy,1h,-21.832944821269862,64.9031183681168,1427.5,6.233305746472546,rehedge
2026-09-07 15:00:00,stock,ITC,long,ITC_spot_proxy,1h,43.52703834268027,646.8542846939079,263.5,0.22938749206592504,rehedge
2026-09-07 15:00:00,stock,BHARTIARTL,long,BHARTIARTL_spot_proxy,1h,-35.221555041589696,-115.3934195052686,1854.0,13.060152609421461,rehedge
2026-09-07 15:00:00,stock,TCS,long,TCS_spot_proxy,1h,-3.5383445560587745,17.101722760033546,2270.0,1.6064084284506837,rehedge
2026-09-08 09:00:00,stock,BAJFINANCE,long,BAJFINANCE_spot_proxy,1h,39.04775540633611,208.16048720427128,1054.2,0.8232828749871907,rehedge
2026-09-08 09:00:00,stock,LT,short,LT_spot_proxy,1h,-38.535352897006725,-61.11398067636957,3965.0,30.558534847326335,rehedge
2026-09-08 09:00:00,stock,INFY,long,INFY_spot_proxy,1h,7.6681851338070715,193.85195590184435,1087.3,0.1667523539197686,rehedge
2026-09-08 09:00:00,stock,AXISBANK,long,AXISBANK_spot_proxy,1h,114.80607609031972,181.17202857454177,1255.3,2.8823213463235673,rehedge
2026-09-08 09:00:00,stock,ICICIBANK,long,ICICIBANK_spot_proxy,1h,155.9865365451429,220.8896549132597,1412.2,4.4056837381810166,rehedge
2026-09-08 09:00:00,stock,ITC,long,ITC_spot_proxy,1h,96.88850809894177,743.7427927928496,263.3,0.5102148836490275,rehedge
2026-09-08 09:00:00,stock,BHARTIARTL,long,BHARTIARTL_spot_proxy,1h,111.77785159701797,-3.615567908250622,1831.8,4.095093371108351,rehedge
2026-09-08 09:00:00,stock,TCS,long,TCS_spot_proxy,1h,9.937170115144319,27.038892875177865,2259.2,0.4490010944826809,rehedge
2026-09-08 10:00:00,stock,BAJFINANCE,long,BAJFINANCE_spot_proxy,1h,-1.5678441023765401,206.59264310189474,1054.4,0.33062696430916483,rehedge
2026-09-08 10:00:00,stock,LT,short,LT_spot_proxy,1h,-4.771338414637221,-65.88531909100679,3960.0,3.7789000243926787,rehedge
2026-09-08 10:00:00,stock,INFY,long,INFY_spot_proxy,1h,14.527504927255734,208.37946082910008,1084.1,0.3149853618327588,rehedge
2026-09-08 10:00:00,stock,AXISBANK,long,AXISBANK_spot_proxy,1h,28.67298302925147,209.84501160379324,1252.3,0.7181435329506323,rehedge
2026-09-08 10:00:00,stock,ICICIBANK,long,ICICIBANK_spot_proxy,1h,10.89427512108412,231.78393003434383,1411.6,0.3075671752184469,rehedge
2026-09-08 10:00:00,stock,ITC,long,ITC_spot_proxy,1h,-386.0965679612486,357.64622483160105,264.9,20.455396170586948,rehedge
2026-09-08 10:00:00,stock,BHARTIARTL,long,BHARTIARTL_spot_proxy,1h,-12.648807115337632,-16.264375023588254,1834.2,4.640088402190457,rehedge
2026-09-08 10:00:00,stock,TCS,long,TCS_spot_proxy,1h,1.9168128924263037,28.95570576760417,2258.5,0.08658243835089614,rehedge
2026-09-08 11:00:00,stock,BAJFINANCE,long,BAJFINANCE_spot_proxy,1h,6.178536310911369,212.7711794128061,1054.5,0.13030533079712078,rehedge
2026-09-08 11:00:00,stock,LT,short,LT_spot_proxy,1h,6.749967189753967,-59.135351901252825,3970.4,0.5360013946039831,rehedge
2026-09-08 11:00:00,stock,INFY,long,INFY_spot_proxy,1h,5.4552571549530455,213.83471798405313,1083.1,0.11817178049059288,rehedge
2026-09-08 11:00:00,stock,AXISBANK,long,AXISBANK_spot_proxy,1h,87.41205519249189,297.25706679628513,1243.1,2.1732385161957333,rehedge
2026-09-08 11:00:00,stock,AXISBANK,long,AXISBANK_spot_proxy,1h,-297.25706679628513,0.0,1243.1,73.90405194689241,flatten
2026-09-08 11:00:00,stock,ICICIBANK,long,ICICIBANK_spot_proxy,1h,84.0231086755307,315.8070387098745,1403.6,2.3586967067394977,rehedge
2026-09-08 11:00:00,stock,ITC,long,ITC_spot_proxy,1h,-72.7124071973044,284.93381763429664,265.2,3.8566660777450257,rehedge
2026-09-08 11:00:00,stock,BHARTIARTL,long,BHARTIARTL_spot_proxy,1h,-10.279344468022991,-26.543719491611245,1836.1,3.774780875547403,rehedge
2026-09-08 11:00:00,stock,TCS,long,TCS_spot_proxy,1h,-12.350816118723952,16.604889648880217,2271.1,5.609987697446793,rehedge
2026-09-08 12:00:00,stock,BAJFINANCE,long,BAJFINANCE_spot_proxy,1h,1.6438679490840684,214.41504736189017,1054.0,0.034652736366692166,rehedge
2026-09-08 12:00:00,stock,LT,short,LT_spot_proxy,1h,14.467440899614921,-44.667911001637904,3979.0,1.1513189467913556,rehedge
2026-09-08 12:00:00,stock,INFY,long,INFY_spot_proxy,1h,-13.35692636018706,200.47779162386607,1085.5,2.8997887127966107,rehedge
2026-09-08 12:00:00,stock,ICICIBANK,long,ICICIBANK_spot_proxy,1h,35.54984886274525,351.35688757261977,1399.2,0.9948269705750632,rehedge
2026-09-08 12:00:00,stock,ITC,long,ITC_spot_proxy,1h,-48.16383377589784,236.7699838583988,265.4,2.556536296824657,rehedge
2026-09-08 12:00:00,stock,BHARTIARTL,long,BHARTIARTL_spot_proxy,1h,-9.38454475410936,-35.928264245720605,1837.8,3.4493832698204367,rehedge
2026-09-08 12:00:00,stock,TCS,long,TCS_spot_proxy,1h,3.3172450184610476,19.922134667341265,2267.9,0.15046359954735622,rehedge
2026-09-08 13:00:00,stock,BAJFINANCE,long,BAJFINANCE_spot_proxy,1h,-17.812689246257975,196.6023581156322,1056.9,3.765246252874011,rehedge
2026-09-08 13:00:00,stock,LT,short,LT_spot_proxy,1h,-11.788289802516452,-56.456200804154356,3973.3,9.367682374467725,rehedge
2026-09-08 13:00:00,stock,INFY,long,INFY_spot_proxy,1h,14.347536126046379,214.82532774991245,1083.4,0.310882412779173,rehedge
2026-09-08 13:00:00,stock,ICICIBANK,long,ICICIBANK_spot_proxy,1h,3.4225466200896904,354.77943419270946,1399.9,0.09582446026927116,rehedge
2026-09-08 13:00:00,stock,ITC,long,ITC_spot_proxy,1h,143.09946139817367,379.8694452565725,264.95,0.7582840459489223,rehedge
2026-09-08 13:00:00,stock,BHARTIARTL,long,BHARTIARTL_spot_proxy,1h,22.503428739589108,-13.424835506131497,1833.7,0.825290745595691,rehedge
2026-09-08 13:00:00,stock,TCS,long,TCS_spot_proxy,1h,-2.232545436966536,17.68958923037473,2270.0,1.0135756283828072,rehedge
2026-09-08 14:00:00,stock,BAJFINANCE,long,BAJFINANCE_spot_proxy,1h,4.6456370870700425,201.24799520270224,1056.1,0.09812514655309344,rehedge
2026-09-08 14:00:00,stock,LT,short,LT_spot_proxy,1h,1.6994594809321342,-54.75674132322222,3974.5,0.13509003413929535,rehedge
2026-09-08 14:00:00,stock,INFY,long,INFY_spot_proxy,1h,2.467049193552384,217.29237694346483,1082.2,0.05339681274524781,rehedge
2026-09-08 14:00:00,stock,ICICIBANK,long,ICICIBANK_spot_proxy,1h,-4.7483646668051165,350.03106952590434,1399.8,1.3293521721187604,rehedge
2026-09-08 14:00:00,stock,ITC,long,ITC_spot_proxy,1h,211.9734003412043,591.8428455977768,264.0,1.1192195538015588,rehedge
2026-09-08 14:00:00,stock,BHARTIARTL,long,BHARTIARTL_spot_proxy,1h,-21.434303907164644,-34.85913941329614,1837.9,7.87882143019558,rehedge
2026-09-08 14:00:00,stock,TCS,long,TCS_spot_proxy,1h,6.623701338150667,24.313290568525396,2262.4,0.2997092381486414,rehedge
2026-09-08 15:00:00,stock,BAJFINANCE,long,BAJFINANCE_spot_proxy,1h,7.53287324059778,208.78086844330002,1054.1,0.1588080336582824,rehedge
2026-09-08 15:00:00,stock,LT,short,LT_spot_proxy,1h,-12.922364938220703,-67.67910626144293,3946.1,10.198588856542543,rehedge
2026-09-08 15:00:00,stock,INFY,long,INFY_spot_proxy,1h,-2.569216311821151,214.72316063164368,1082.0,0.5559784098780971,rehedge
2026-09-08 15:00:00,stock,ICICIBANK,long,ICICIBANK_spot_proxy,1h,11.792359592409753,361.8234291183141,1399.4,0.33004456027236423,rehedge
2026-09-08 15:00:00,stock,ITC,long,ITC_spot_proxy,1h,130.72965358204328,722.57249917982,263.5,0.6889452743773681,rehedge
2026-09-08 15:00:00,stock,BHARTIARTL,long,BHARTIARTL_spot_proxy,1h,-27.593373858740527,-62.45251327203667,1844.0,10.176436279103507,rehedge
2026-09-08 15:00:00,stock,TCS,long,TCS_spot_proxy,1h,5.691143598177813,30.00443416670321,2255.5,0.25672748771380116,rehedge
2026-09-09 09:00:00,stock,BAJFINANCE,long,BAJFINANCE_spot_proxy,1h,65.32388441409697,274.104752857397,1044.5,1.3646159454104858,rehedge
2026-09-09 09:00:00,stock,LT,short,LT_spot_proxy,1h,37.63259051645485,-30.046515744988078,3998.1,3.0091772028767627,rehedge
2026-09-09 09:00:00,stock,INFY,long,INFY_spot_proxy,1h,100.98742777950525,315.71058841114893,1043.3,2.107203668047157,rehedge
2026-09-09 09:00:00,stock,ICICIBANK,long,ICICIBANK_spot_proxy,1h,48.70144866118255,410.52487777949665,1393.0,1.3568223597005462,rehedge
2026-09-09 09:00:00,stock,ITC,long,ITC_spot_proxy,1h,294.9993638234156,1017.5718630032356,262.15,1.5466816645261678,rehedge
2026-09-09 09:00:00,stock,BHARTIARTL,long,BHARTIARTL_spot_proxy,1h,123.29064394309292,60.83813067105625,1820.2,4.488272602104355,rehedge
2026-09-09 09:00:00,stock,TCS,long,TCS_spot_proxy,1h,49.62456694773104,79.62900111443425,2202.9,2.1863591705831342,rehedge
2026-09-09 10:00:00,stock,BAJFINANCE,long,BAJFINANCE_spot_proxy,1h,-66.64585987140993,207.45889298598706,1054.8,14.059610598472638,rehedge
2026-09-09 10:00:00,stock,LT,short,LT_spot_proxy,1h,-1.8224973665191442,-31.869013111507222,3995.8,1.4564669954274394,rehedge
2026-09-09 10:00:00,stock,INFY,long,INFY_spot_proxy,1h,5.77421217047646,321.4848005816254,1041.2,0.12024219423800182,rehedge
2026-09-09 10:00:00,stock,ICICIBANK,long,ICICIBANK_spot_proxy,1h,34.76615200523571,445.29102978473236,1387.1,0.9644825889292491,rehedge
2026-09-09 10:00:00,stock,ITC,long,ITC_spot_proxy,1h,130.87717064985554,1148.4490336530912,261.8,0.6852728655226438,rehedge
2026-09-09 10:00:00,stock,BHARTIARTL,long,BHARTIARTL_spot_proxy,1h,-13.383697094026374,47.454433577029874,1822.9,4.879428286540136,rehedge
2026-09-09 10:00:00,stock,TCS,long,TCS_spot_proxy,1h,2.2874863680769124,81.91648748251116,2200.5,0.10067227505906493,rehedge
2026-09-09 10:00:00,index,NIFTY,short,spot_as_fut_proxy,1h,-165.47949020723723,-165.47949020723723,23535.6,778.9318179442905,entry
2026-09-09 11:00:00,stock,BAJFINANCE,long,BAJFINANCE_spot_proxy,1h,33.707985787357444,241.1668787733445,1049.0,0.7071935418187592,rehedge
2026-09-09 11:00:00,stock,LT,short,LT_spot_proxy,1h,-24.584804349627028,-56.45381746113425,3971.5,19.52771009490875,rehedge
2026-09-09 11:00:00,stock,INFY,long,INFY_spot_proxy,1h,7.530681579681016,329.0154821613064,1037.1,0.15620139732574362,rehedge
2026-09-09 11:00:00,stock,ICICIBANK,long,ICICIBANK_spot_proxy,1h,-25.805791160768933,419.4852386239634,1392.5,7.186912838274147,rehedge
2026-09-09 11:00:00,stock,ITC,long,ITC_spot_proxy,1h,128.41178116267065,1276.8608148157618,261.15,0.6706947330126287,rehedge
2026-09-09 11:00:00,stock,BHARTIARTL,long,BHARTIARTL_spot_proxy,1h,-10.661689234913126,36.79274434211675,1824.8,3.891090103173895,rehedge
2026-09-09 11:00:00,stock,TCS,long,TCS_spot_proxy,1h,-1.1019272443009243,80.81456023821023,2201.1,0.4850904114861529,rehedge
2026-09-09 11:00:00,index,NIFTY,short,spot_as_fut_proxy,1h,-105.29060255471842,-270.77009276195565,23488.5,494.62366362130075,rehedge
2026-09-09 12:00:00,stock,BAJFINANCE,long,BAJFINANCE_spot_proxy,1h,-12.519529474285918,228.6473492990586,1050.9,2.6313547049054145,rehedge
2026-09-09 12:00:00,stock,LT,short,LT_spot_proxy,1h,2.568207933376577,-53.88560952775767,3972.6,0.20404925672263582,rehedge
2026-09-09 12:00:00,stock,INFY,long,INFY_spot_proxy,1h,2.7797006146488457,331.79518277595525,1036.3,0.05761207493921198,rehedge
2026-09-09 12:00:00,stock,ICICIBANK,long,ICICIBANK_spot_proxy,1h,-55.47853688560582,364.0067017383576,1398.6,15.51845633764166,rehedge
2026-09-09 12:00:00,stock,ITC,long,ITC_spot_proxy,1h,-370.42299942979685,906.437815385965,262.65,19.45832016004723,rehedge
2026-09-09 12:00:00,stock,BHARTIARTL,long,BHARTIARTL_spot_proxy,1h,-28.806312066021853,7.986432276094894,1830.2,10.54426246864664,rehedge
2026-09-09 12:00:00,stock,TCS,long,TCS_spot_proxy,1h,-5.398355620894321,75.41620461731591,2211.5,2.387692691121558,rehedge
2026-09-09 12:00:00,index,NIFTY,short,spot_as_fut_proxy,1h,155.1213240756208,-115.64876868633485,23566.0,73.1117824633216,rehedge
2026-09-09 13:00:00,stock,BAJFINANCE,long,BAJFINANCE_spot_proxy,1h,31.634295647657666,260.28164494671626,1045.7,0.6615996591751125,rehedge
2026-09-09 13:00:00,stock,LT,short,LT_spot_proxy,1h,-2.552670937359089,-56.43828046511676,3970.0,2.026820724263117,rehedge
2026-09-09 13:00:00,stock,INFY,long,INFY_spot_proxy,1h,4.483648327755475,336.27883110371073,1033.4,0.09266804363805017,rehedge
2026-09-09 13:00:00,stock,ICICIBANK,long,ICICIBANK_spot_proxy,1h,-7.2307771865271775,356.7759245518304,1399.6,2.0240391500526878,rehedge
2026-09-09 13:00:00,stock,ITC,long,ITC_spot_proxy,1h,86.71964593700511,993.1574613229701,262.3,0.45493126258552885,rehedge
2026-09-09 13:00:00,stock,BHARTIARTL,long,BHARTIARTL_spot_proxy,1h,10.77499739342084,18.761429669515735,1828.2,0.3939770046930396,rehedge
2026-09-09 13:00:00,stock,TCS,long,TCS_spot_proxy,1h,-2.961092760012207,72.4551118573037,2213.2,1.3106980992918034,rehedge
2026-09-09 13:00:00,index,NIFTY,short,spot_as_fut_proxy,1h,-28.312789061476593,-143.96155774781144,23551.95,133.36427846728873,rehedge
2026-09-09 14:00:00,stock,BAJFINANCE,long,BAJFINANCE_spot_proxy,1h,27.699874110551377,287.98151905726763,1042.0,0.5772653764638908,rehedge
2026-09-09 14:00:00,stock,LT,short,LT_spot_proxy,1h,-16.78634453916746,-73.22462500428422,3939.6,13.226296589300826,rehedge
2026-09-09 14:00:00,stock,INFY,long,INFY_spot_proxy,1h,1.260949159226584,337.5397802629373,1030.4,0.025985640273341448,rehedge
2026-09-09 14:00:00,stock,ICICIBANK,long,ICICIBANK_spot_proxy,1h,38.19358514119381,394.96950969302424,1395.1,1.0656774126095896,rehedge
2026-09-09 14:00:00,stock,ITC,long,ITC_spot_proxy,1h,-130.8196504770516,862.3378108459185,262.85,6.877189025578603,rehedge
2026-09-09 14:00:00,stock,BHARTIARTL,long,BHARTIARTL_spot_proxy,1h,28.02670092104728,46.788130590563014,1823.0,1.021853515581384,rehedge
2026-09-09 14:00:00,stock,TCS,long,TCS_spot_proxy,1h,-1.9337991909547014,70.521312666349,2214.5,0.8564796616738374,rehedge
2026-09-09 14:00:00,index,NIFTY,short,spot_as_fut_proxy,1h,-157.0638595936214,-301.02541734143284,23486.0,737.7603612831584,rehedge
2026-09-09 15:00:00,stock,BAJFINANCE,long,BAJFINANCE_spot_proxy,1h,10.351618706979252,298.3331377642469,1039.3,0.21516874644327075,rehedge
2026-09-09 15:00:00,stock,LT,short,LT_spot_proxy,1h,-10.282939816284582,-83.5075648205688,3922.6,8.06717194467158,rehedge
2026-09-09 15:00:00,stock,INFY,long,INFY_spot_proxy,1h,-28.764395102127878,308.77538516080944,1035.0,5.954229786140472,rehedge
2026-09-09 15:00:00,stock,ICICIBANK,long,ICICIBANK_spot_proxy,1h,28.579177859790832,423.54868755281507,1389.1,0.7939867193007089,rehedge
2026-09-09 15:00:00,stock,ITC,long,ITC_spot_proxy,1h,560.4434135392007,1422.7812243851192,260.8,2.9232728450204712,rehedge
2026-09-09 15:00:00,stock,BHARTIARTL,long,BHARTIARTL_spot_proxy,1h,44.08873860887621,90.87686919943923,1814.7,1.6001566790705533,rehedge
2026-09-09 15:00:00,stock,TCS,long,TCS_spot_proxy,1h,-3.050019900870055,67.47129276547895,2208.0,1.3468887882242162,rehedge
2026-09-09 15:00:00,index,NIFTY,short,spot_as_fut_proxy,1h,-9.848663144478849,-310.8740804859117,23431.5,46.15379009397123,rehedge
2026-09-10 09:00:00,stock,BAJFINANCE,long,BAJFINANCE_spot_proxy,1h,-20.483294414935585,277.8498433493113,1043.7,4.275682876173654,rehedge
2026-09-10 09:00:00,stock,LT,short,LT_spot_proxy,1h,-7.142309340979764,-90.64987416154857,3919.7,5.599141984767677,rehedge
2026-09-10 09:00:00,stock,INFY,long,INFY_spot_proxy,1h,19.755232223760572,328.53061738457,1039.5,0.41071127793198237,rehedge
2026-09-10 09:00:00,stock,ICICIBANK,long,ICICIBANK_spot_proxy,1h,22.721314146399493,446.27000169921456,1386.3,0.6299711560230724,rehedge
2026-09-10 09:00:00,stock,ITC,long,ITC_spot_proxy,1h,-516.5809918306809,906.2002325544383,262.8,27.15149693062059,rehedge
2026-09-10 09:00:00,stock,BHARTIARTL,long,BHARTIARTL_spot_proxy,1h,0.03537356331011665,90.91224276274934,1815.9,0.0012846970722968168,rehedge
2026-09-10 09:00:00,stock,TCS,long,TCS_spot_proxy,1h,3.522102970073675,70.99339573555262,2216.0,0.1560996036336653,rehedge
2026-09-10 09:00:00,index,NIFTY,short,spot_as_fut_proxy,1h,-16.550971763169343,-327.42505224908103,23428.05,77.5513988032239,rehedge
2026-09-10 10:00:00,stock,BAJFINANCE,long,BAJFINANCE_spot_proxy,1h,-12.626888390345755,265.22295495896554,1045.7,2.640787437956911,rehedge
2026-09-10 10:00:00,stock,LT,short,LT_spot_proxy,1h,-4.908939937319445,-95.55881409886801,3912.4,3.84114732215372,rehedge
2026-09-10 10:00:00,stock,INFY,long,INFY_spot_proxy,1h,9.358593024498248,337.88921040906826,1036.2,0.1939474818397017,rehedge
2026-09-10 10:00:00,stock,ICICIBANK,long,ICICIBANK_spot_proxy,1h,1.310375979149626,447.5803776783642,1386.9,0.03634720890965233,rehedge
2026-09-10 10:00:00,stock,ITC,long,ITC_spot_proxy,1h,402.9591670500281,1309.1593996044664,261.2,2.105058688669347,rehedge
2026-09-10 10:00:00,stock,BHARTIARTL,long,BHARTIARTL_spot_proxy,1h,-23.87339199352016,67.03885076922919,1820.1,8.690392153481207,rehedge
2026-09-10 10:00:00,stock,TCS,long,TCS_spot_proxy,1h,4.152356841444174,75.1457525769968,2208.1,0.18337638283185762,rehedge
2026-09-10 10:00:00,index,NIFTY,short,spot_as_fut_proxy,1h,-24.897483952333744,-352.3225362014148,23409.75,116.56877499062897,rehedge
2026-09-10 11:00:00,stock,BAJFINANCE,long,BAJFINANCE_spot_proxy,1h,4.332890592838794,269.55584555180434,1045.6,0.09060940807744487,rehedge
2026-09-10 11:00:00,stock,LT,short,LT_spot_proxy,1h,4.64253088488681,-90.9162832139812,3919.3,0.36390942594273756,rehedge
2026-09-10 11:00:00,stock,INFY,long,INFY_spot_proxy,1h,10.078705546906122,347.9679159559744,1031.4,0.2079035380215795,rehedge
2026-09-10 11:00:00,stock,ICICIBANK,long,ICICIBANK_spot_proxy,1h,-8.356147183625922,439.22423049473826,1388.8,2.3210034417239362,rehedge
2026-09-10 11:00:00,stock,ITC,long,ITC_spot_proxy,1h,288.757416826694,1597.9168164311604,260.4,1.5038486268334224,rehedge
2026-09-10 11:00:00,stock,BHARTIARTL,long,BHARTIARTL_spot_proxy,1h,-33.47849873542374,33.560352033805444,1826.2,12.227686878126168,rehedge
2026-09-10 11:00:00,stock,TCS,long,TCS_spot_proxy,1h,6.953890750461142,82.09964332745794,2201.6,0.30619371752430496,rehedge
2026-09-10 11:00:00,index,NIFTY,short,spot_as_fut_proxy,1h,47.998726118368836,-304.32381008304594,23439.4,22.501226819577894,rehedge
2026-09-10 12:00:00,stock,BAJFINANCE,long,BAJFINANCE_spot_proxy,1h,-3.6497513120117446,265.9060942397926,1045.5,0.7631629993416559,rehedge
2026-09-10 12:00:00,stock,LT,short,LT_spot_proxy,1h,17.40268300622482,-73.51360020775638,3943.7,1.3726192194329765,rehedge
2026-09-10 12:00:00,stock,INFY,long,INFY_spot_proxy,1h,-3.473289895838036,344.49462606013634,1033.3,0.7177900898738886,rehedge
2026-09-10 12:00:00,stock,ICICIBANK,long,ICICIBANK_spot_proxy,1h,48.59650214441166,487.8207326391499,1381.6,1.342818547254383,rehedge
2026-09-10 12:00:00,stock,ITC,long,ITC_spot_proxy,1h,-110.54046769224624,1487.3763487389142,260.65,5.762474580796796,rehedge
2026-09-10 12:00:00,stock,BHARTIARTL,long,BHARTIARTL_spot_proxy,1h,-22.20179348984378,11.358558543961665,1830.1,8.12630045315262,rehedge
2026-09-10 12:00:00,stock,TCS,long,TCS_spot_proxy,1h,2.6346971940835573,84.7343405215415,2197.0,0.11576859470803151,rehedge
2026-09-10 12:00:00,index,NIFTY,short,spot_as_fut_proxy,1h,-42.28860297469305,-346.612413057739,23437.65,198.2290951019629,rehedge
2026-09-10 13:00:00,stock,BAJFINANCE,long,BAJFINANCE_spot_proxy,1h,34.483642178751325,300.3897364185439,1040.9,0.7178804628772452,rehedge
2026-09-10 13:00:00,stock,LT,short,LT_spot_proxy,1h,-13.851525023112174,-87.36512523086856,3924.8,10.872893082142133,rehedge
2026-09-10 13:00:00,stock,INFY,long,INFY_spot_proxy,1h,4.736784270325131,349.2314103304615,1032.0,0.09776722733951072,rehedge
2026-09-10 13:00:00,stock,ICICIBANK,long,ICICIBANK_spot_proxy,1h,-15.5812503734129,472.239482265737,1383.0,4.309773853286008,rehedge
2026-09-10 13:00:00,stock,ITC,long,ITC_spot_proxy,1h,75.6603052974674,1563.0366540363816,260.0,0.39343358754683055,rehedge
2026-09-10 13:00:00,stock,BHARTIARTL,long,BHARTIARTL_spot_proxy,1h,-56.501390070395,-45.14283152643333,1840.4,20.797031657110995,rehedge
2026-09-10 13:00:00,stock,TCS,long,TCS_spot_proxy,1h,-0.6941039056972329,84.04023661584426,2198.1,0.30514195902261754,rehedge
2026-09-10 13:00:00,index,NIFTY,short,spot_as_fut_proxy,1h,-22.85739854577389,-369.4698116035129,23425.2,107.08782648289251,rehedge
2026-09-10 14:00:00,stock,BAJFINANCE,long,BAJFINANCE_spot_proxy,1h,13.201524517534779,313.5912609360787,1039.0,0.27432767947437275,rehedge
2026-09-10 14:00:00,stock,LT,short,LT_spot_proxy,1h,7.6497379186143775,-79.71538731225418,3939.9,0.6027840485109758,rehedge
2026-09-10 14:00:00,stock,INFY,long,INFY_spot_proxy,1h,0.1267815589196175,349.3581918893811,1031.2,0.002614742871158192,rehedge
2026-09-10 14:00:00,stock,ICICIBANK,long,ICICIBANK_spot_proxy,1h,40.18333293727983,512.4228152030169,1378.5,1.107854489080805,rehedge
2026-09-10 14:00:00,stock,ITC,long,ITC_spot_proxy,1h,-71.19626185726565,1491.840392179116,260.25,3.7057654296706772,rehedge
2026-09-10 14:00:00,stock,BHARTIARTL,long,BHARTIARTL_spot_proxy,1h,17.848399518464113,-27.29443200796922,1837.0,0.6557501983083716,rehedge
2026-09-10 14:00:00,stock,TCS,long,TCS_spot_proxy,1h,-3.9260917194642104,80.11414489638005,2203.1,1.7299145334303205,rehedge
2026-09-10 14:00:00,index,NIFTY,short,spot_as_fut_proxy,1h,-26.771213038831206,-396.2410246423441,23411.8,125.35245708450168,rehedge
2026-09-10 15:00:00,stock,BAJFINANCE,long,BAJFINANCE_spot_proxy,1h,-33.03286358183033,280.55839735424837,1043.5,6.893958629527989,rehedge
2026-09-10 15:00:00,stock,LT,short,LT_spot_proxy,1h,3.831154061084831,-75.88423325116935,3955.0,0.3030442862318102,rehedge
2026-09-10 15:00:00,stock,INFY,long,INFY_spot_proxy,1h,-21.724695475937892,327.6334964134432,1036.5,4.503529372161926,rehedge
2026-09-10 15:00:00,stock,ICICIBANK,long,ICICIBANK_spot_proxy,1h,-69.71301281392357,442.7098023890933,1384.5,19.303533248175437,rehedge
2026-09-10 15:00:00,stock,ITC,long,ITC_spot_proxy,1h,103.62505364772483,1595.4654458268408,259.3,0.537399528217101,rehedge
2026-09-10 15:00:00,stock,BHARTIARTL,long,BHARTIARTL_spot_proxy,1h,-10.02612261483575,-37.32055462280497,1839.0,3.6876078977365885,rehedge
2026-09-10 15:00:00,stock,TCS,long,TCS_spot_proxy,1h,-2.0443989925799997,78.06974590380005,2204.1,0.9012119639091154,rehedge
2026-09-10 15:00:00,index,NIFTY,short,spot_as_fut_proxy,1h,141.5918150003666,-254.64920964197748,23477.8,66.48528628431214,rehedge
2026-09-11 09:00:00,stock,BAJFINANCE,long,BAJFINANCE_spot_proxy,1h,107.38493635735512,387.9433337116035,1020.4,2.1915117811809033,rehedge
2026-09-11 09:00:00,stock,LT,short,LT_spot_proxy,1h,-30.76296597309937,-106.64719922426872,3890.3,23.935433305029697,rehedge
2026-09-11 09:00:00,stock,INFY,long,INFY_spot_proxy,1h,6.143011224539407,333.7765076379826,1040.7,0.12786063562756322,rehedge
2026-09-11 09:00:00,stock,ICICIBANK,long,ICICIBANK_spot_proxy,1h,72.15044597748351,514.8602483665768,1373.6,1.9821170518934272,rehedge
2026-09-11 09:00:00,stock,ITC,long,ITC_spot_proxy,1h,-125.57942449507141,1469.8860213317694,260.3,6.537664839213418,rehedge
2026-09-11 09:00:00,stock,BHARTIARTL,long,BHARTIARTL_spot_proxy,1h,-60.46022663963824,-97.78078126244321,1850.9,22.381166697461286,rehedge
2026-09-11 09:00:00,stock,TCS,long,TCS_spot_proxy,1h,0.8472896058196397,78.9170355096197,2210.6,0.03746036805249792,rehedge
2026-09-11 09:00:00,index,NIFTY,short,spot_as_fut_proxy,1h,-343.3941087992282,-598.0433184412057,23259.25,1597.4178850176897,rehedge
2026-09-11 09:00:00,index,NIFTY,short,spot_as_fut_proxy,1h,598.0433184412057,0.0,23259.25,278.2007810890723,flatten
2026-09-11 10:00:00,stock,BAJFINANCE,long,BAJFINANCE_spot_proxy,1h,-25.978108335798026,361.96522537580546,1024.0,5.320316587171436,rehedge
2026-09-11 10:00:00,stock,LT,short,LT_spot_proxy,1h,1.491275694958162,-105.15592352931056,3897.9,0.1162568706275484,rehedge
2026-09-11 10:00:00,stock,INFY,long,INFY_spot_proxy,1h,5.663682708475221,339.4401903464578,1038.5,0.11763468985503035,rehedge
2026-09-11 10:00:00,stock,ICICIBANK,long,ICICIBANK_spot_proxy,1h,-8.592290850830977,506.2679575157458,1378.6,2.369066433391117,rehedge
2026-09-11 10:00:00,stock,ITC,long,ITC_spot_proxy,1h,-107.941555692458,1361.9444656393114,260.7,5.62807271380476,rehedge
2026-09-11 10:00:00,stock,BHARTIARTL,long,BHARTIARTL_spot_proxy,1h,27.05637167341932,-70.72440958902389,1845.2,0.9984883402358667,rehedge
2026-09-11 10:00:00,stock,TCS,long,TCS_spot_proxy,1h,4.1534984257239955,83.07053393534369,2207.7,0.1833935694894173,rehedge
2026-09-11 10:00:00,index,NIFTY,short,spot_as_fut_proxy,1h,-34.47530722137078,-34.47530722137078,23278.75,160.508411595897,entry
2026-09-11 11:00:00,stock,BAJFINANCE,long,BAJFINANCE_spot_proxy,1h,0.9336765473701689,362.89890192317563,1026.8,0.01917398157679379,rehedge
2026-09-11 11:00:00,stock,LT,short,LT_spot_proxy,1h,11.639166825143747,-93.51675670416681,3925.9,0.9138841007766368,rehedge
2026-09-11 11:00:00,stock,INFY,long,INFY_spot_proxy,1h,1.0347960923612618,340.4749864388191,1041.8,0.02156101138043925,rehedge
2026-09-11 11:00:00,stock,ICICIBANK,long,ICICIBANK_spot_proxy,1h,-39.31679324084456,466.95116427490126,1384.6,10.887606384254676,rehedge
2026-09-11 11:00:00,stock,ITC,long,ITC_spot_proxy,1h,66.36283046676976,1428.3072961060811,260.45,0.3456839839014037,rehedge
2026-09-11 11:00:00,stock,BHARTIARTL,long,BHARTIARTL_spot_proxy,1h,-14.302515541462867,-85.02692513048676,1847.7,5.285351593192188,rehedge
2026-09-11 11:00:00,stock,TCS,long,TCS_spot_proxy,1h,-7.840786054264697,75.22974788107899,2217.8,3.4778590622296495,rehedge
2026-09-11 11:00:00,index,NIFTY,short,spot_as_fut_proxy,1h,150.83658443573117,116.36127721436038,23352.3,70.44762341437051,rehedge
2026-09-11 12:00:00,stock,BAJFINANCE,long,BAJFINANCE_spot_proxy,1h,-16.02119164836745,346.8777102748082,1030.3,3.3013267510625965,rehedge
2026-09-11 12:00:00,stock,LT,short,LT_spot_proxy,1h,2.167079232848181,-91.34967747131863,3923.0,0.17002903660926827,rehedge
2026-09-11 12:00:00,stock,INFY,long,INFY_spot_proxy,1h,-2.571001193605582,337.9039852452135,1042.6,0.536105168890636,rehedge
2026-09-11 12:00:00,stock,ICICIBANK,long,ICICIBANK_spot_proxy,1h,22.707907179268943,489.6590714541702,1382.3,0.6277828018780692,rehedge
2026-09-11 12:00:00,stock,ITC,long,ITC_spot_proxy,1h,12.291896291900684,1440.5991923979818,260.25,0.06397932019934308,rehedge
2026-09-11 12:00:00,stock,BHARTIARTL,long,BHARTIARTL_spot_proxy,1h,34.41986430875765,-50.60706082172911,1841.3,1.2675459230343094,rehedge
2026-09-11 12:00:00,stock,TCS,long,TCS_spot_proxy,1h,4.106875544882982,79.33662342596197,2213.3,0.1817949528697901,rehedge
2026-09-11 12:00:00,index,NIFTY,short,spot_as_fut_proxy,1h,7.215382966813351,123.57666018117374,23353.9,3.370146645373247,rehedge
2026-09-11 13:00:00,stock,BAJFINANCE,long,BAJFINANCE_spot_proxy,1h,5.787428512658892,352.6651387874671,1029.2,0.11912842850457064,rehedge
2026-09-11 13:00:00,stock,LT,short,LT_spot_proxy,1h,-1.8942747756917413,-93.24395224701037,3919.7,1.4849977676557835,rehedge
2026-09-11 13:00:00,stock,INFY,long,INFY_spot_proxy,1h,8.057392560054495,345.961377805268,1038.7,0.1673842730425721,rehedge
2026-09-11 13:00:00,stock,ICICIBANK,long,ICICIBANK_spot_proxy,1h,-2.3383989310898414,487.32067252308036,1382.1,0.646380232531854,rehedge
2026-09-11 13:00:00,stock,ITC,long,ITC_spot_proxy,1h,-62.59731301285342,1378.0018793851284,260.75,3.2644498736203063,rehedge
2026-09-11 13:00:00,stock,BHARTIARTL,long,BHARTIARTL_spot_proxy,1h,9.946520374072591,-40.660540447656516,1839.5,0.3659324845621307,rehedge
2026-09-11 13:00:00,stock,TCS,long,TCS_spot_proxy,1h,7.80282009112814,87.13944351709011,2207.0,0.3444164788223961,rehedge
2026-09-11 13:00:00,index,NIFTY,short,spot_as_fut_proxy,1h,68.07655324221687,191.6532134233906,23386.15,31.84096971210941,rehedge
2026-09-11 14:00:00,stock,BAJFINANCE,long,BAJFINANCE_spot_proxy,1h,-13.625221665173001,339.03991712229407,1032.9,2.814698291591439,rehedge
2026-09-11 14:00:00,stock,LT,short,LT_spot_proxy,1h,4.603813675671574,-88.6401385713388,3934.9,0.36231092864800163,rehedge
2026-09-11 14:00:00,stock,INFY,long,INFY_spot_proxy,1h,6.512500192973732,352.47387799824173,1037.9,0.13518647900574876,rehedge
2026-09-11 14:00:00,stock,ICICIBANK,long,ICICIBANK_spot_proxy,1h,-2.007125131488351,485.313547391592,1384.0,0.5555722363959756,rehedge
2026-09-11 14:00:00,stock,ITC,long,ITC_spot_proxy,1h,-182.7154317880677,1195.2864475970607,261.55,9.557844236833823,rehedge
2026-09-11 14:00:00,stock,BHARTIARTL,long,BHARTIARTL_spot_proxy,1h,-10.091420279022472,-50.75196072667899,1841.4,3.7164682603583965,rehedge
2026-09-11 14:00:00,stock,TCS,long,TCS_spot_proxy,1h,1.754285708000367,88.89372922509048,2206.6,0.07742013686547221,rehedge
2026-09-11 14:00:00,index,NIFTY,short,spot_as_fut_proxy,1h,54.78408178183497,246.43729520522558,23420.25,25.66113782702041,rehedge
2026-09-11 15:00:00,stock,BAJFINANCE,long,BAJFINANCE_spot_proxy,1h,-14.4298218525999,324.61009526969417,1034.5,2.98553014130292,rehedge
2026-09-11 15:00:00,stock,LT,short,LT_spot_proxy,1h,-5.223476668009795,-93.86361523934859,3930.7,4.106383947789221,rehedge
2026-09-11 15:00:00,stock,INFY,long,INFY_spot_proxy,1h,5.458526234422322,357.93240423266406,1037.7,0.1132862534692009,rehedge
2026-09-11 15:00:00,stock,ICICIBANK,long,ICICIBANK_spot_proxy,1h,63.79016442964053,549.1037118212325,1379.3,1.7597154759560638,rehedge
2026-09-11 15:00:00,stock,ITC,long,ITC_spot_proxy,1h,31.446424508061455,1226.7328721051222,259.85,0.16342706816839542,rehedge
2026-09-11 15:00:00,stock,BHARTIARTL,long,BHARTIARTL_spot_proxy,1h,62.77521288125918,12.02325215458019,1831.1,2.298953846137474,rehedge
2026-09-11 15:00:00,stock,TCS,long,TCS_spot_proxy,1h,14.118900245309547,103.01262947040003,2200.8,0.621457513197545,rehedge
2026-09-11 15:00:00,index,NIFTY,short,spot_as_fut_proxy,1h,-83.4137124437186,163.023582761507,23398.1,390.34447702587437,rehedge
2026-09-15 09:00:00,stock,BAJFINANCE,long,BAJFINANCE_spot_proxy,1h,86.3672452676874,410.97734053738156,1020.2,1.7622372724418938,rehedge
2026-09-15 09:00:00,stock,LT,short,LT_spot_proxy,1h,-36.204483156500444,-130.06809839584903,3854.4,27.909311975683064,rehedge
2026-09-15 09:00:00,stock,INFY,long,INFY_spot_proxy,1h,-77.0287256045118,280.90367862815225,1077.2,16.595068644236026,rehedge
2026-09-15 09:00:00,stock,ICICIBANK,long,ICICIBANK_spot_proxy,1h,54.54660428947818,603.6503161107107,1359.9,1.4835585434652279,rehedge
2026-09-15 09:00:00,stock,ITC,long,ITC_spot_proxy,1h,-103.97903068248479,1122.7538414226374,262.6,5.460978691444102,rehedge
2026-09-15 09:00:00,stock,BHARTIARTL,long,BHARTIARTL_spot_proxy,1h,18.277175974677633,30.300428129257824,1829.4,0.6687253145615053,rehedge
2026-09-15 09:00:00,stock,TCS,long,TCS_spot_proxy,1h,-97.98748821120768,5.025141259192358,2286.0,44.799879610164155,rehedge
2026-09-15 09:00:00,index,NIFTY,short,spot_as_fut_proxy,1h,20.47591246708768,183.49949522859467,23394.6,9.58051563605059,rehedge
2026-09-15 10:00:00,stock,BAJFINANCE,long,BAJFINANCE_spot_proxy,1h,0.9668550080550062,411.94419554543657,1016.5,0.019656162313758278,rehedge
2026-09-15 10:00:00,stock,LT,short,LT_spot_proxy,1h,-0.2828841898206349,-130.35098258566967,3854.5,0.21807542193272744,rehedge
2026-09-15 10:00:00,stock,INFY,long,INFY_spot_proxy,1h,-58.34357767872174,222.5601009494305,1089.4,12.711898704639896,rehedge
2026-09-15 10:00:00,stock,ICICIBANK,long,ICICIBANK_spot_proxy,1h,22.654833248563023,626.3051493592737,1355.1,0.613991290702555,rehedge
2026-09-15 10:00:00,stock,ITC,long,ITC_spot_proxy,1h,378.3552698844826,1501.10911130712,261.0,1.9750145087969995,rehedge
2026-09-15 10:00:00,stock,BHARTIARTL,long,BHARTIARTL_spot_proxy,1h,-14.601720770526594,15.69870735873123,1831.3,5.348026249413071,rehedge
2026-09-15 10:00:00,stock,TCS,long,TCS_spot_proxy,1h,-33.97300489841858,-28.947863639226224,2316.0,15.736295868947487,rehedge
2026-09-15 10:00:00,index,NIFTY,short,spot_as_fut_proxy,1h,-128.8583123174763,54.641182911118364,23338.45,601.470655821161,rehedge
2026-09-15 10:00:00,stock,HDFCBANK,long,HDFCBANK_spot_proxy,1h,-144.30102023293128,-144.30102023293128,719.8,20.773574872732787,entry
2026-09-15 11:00:00,stock,BAJFINANCE,long,BAJFINANCE_spot_proxy,1h,4.922848218831973,416.86704376426854,1015.3,0.09996335593160205,rehedge
2026-09-15 11:00:00,stock,LT,short,LT_spot_proxy,1h,2.9010361083150684,-127.4499464773546,3862.0,0.2240760290062559,rehedge
2026-09-15 11:00:00,stock,INFY,long,INFY_spot_proxy,1h,35.2501062365931,257.8102071860236,1081.6,0.7625302981099819,rehedge
2026-09-15 11:00:00,stock,ICICIBANK,long,ICICIBANK_spot_proxy,1h,19.603669461774643,645.9088188210484,1352.4,0.5302400516020807,rehedge
2026-09-15 11:00:00,stock,ITC,long,ITC_spot_proxy,1h,-169.36658859264617,1331.7425227144738,261.4,8.85448525162354,rehedge
2026-09-15 11:00:00,stock,BHARTIARTL,long,BHARTIARTL_spot_proxy,1h,-27.582528118148865,-11.883820759417636,1835.9,10.1277526744219,rehedge
2026-09-15 11:00:00,stock,TCS,long,TCS_spot_proxy,1h,4.6838714929765,-24.263992146249723,2311.5,0.21653537912030363,rehedge
2026-09-15 11:00:00,index,NIFTY,short,spot_as_fut_proxy,1h,-5.181972746563623,49.45921016455474,23336.4,24.185717760581472,rehedge
2026-09-15 11:00:00,stock,HDFCBANK,long,HDFCBANK_spot_proxy,1h,-10.11760450053589,-154.41862473346717,721.25,1.4594644492023021,rehedge
2026-09-15 12:00:00,stock,BAJFINANCE,long,BAJFINANCE_spot_proxy,1h,-0.604816227393087,416.26222753687546,1014.1,0.12266882723986591,rehedge
2026-09-15 12:00:00,stock,LT,short,LT_spot_proxy,1h,2.082234231073798,-125.3677122462808,3870.0,0.161164929485112,rehedge
2026-09-15 12:00:00,stock,INFY,long,INFY_spot_proxy,1h,23.11754601337202,280.9277531993956,1076.0,0.4974895902077659,rehedge
2026-09-15 12:00:00,stock,ICICIBANK,long,ICICIBANK_spot_proxy,1h,-20.731787955296795,625.1770308657516,1356.0,5.622460893476491,rehedge
2026-09-15 12:00:00,stock,ITC,long,ITC_spot_proxy,1h,191.58335715308272,1523.3258798675565,260.6,0.9985324574818673,rehedge
2026-09-15 12:00:00,stock,BHARTIARTL,long,BHARTIARTL_spot_proxy,1h,15.306412356687805,3.4225915972701677,1833.4,0.5612555282950284,rehedge
2026-09-15 12:00:00,stock,TCS,long,TCS_spot_proxy,1h,17.92371823375639,-6.340273912493332,2296.1,0.8230929887305609,rehedge
2026-09-15 12:00:00,index,NIFTY,short,spot_as_fut_proxy,1h,-63.89381434708235,-14.434604182527607,23308.6,297.8550722180807,rehedge
2026-09-15 12:00:00,stock,HDFCBANK,long,HDFCBANK_spot_proxy,1h,19.05713103455321,-135.36149369891396,718.55,0.27387003009756417,rehedge
2026-09-15 13:00:00,stock,BAJFINANCE,long,BAJFINANCE_spot_proxy,1h,6.562646135590342,422.8248736724658,1012.4,0.13288045895343323,rehedge
2026-09-15 13:00:00,stock,LT,short,LT_spot_proxy,1h,-2.186451653059237,-127.55416389934004,3866.9,1.6909579794429528,rehedge
2026-09-15 13:00:00,stock,INFY,long,INFY_spot_proxy,1h,1.1153759779641064,282.04312917735973,1075.0,0.02398058352622829,rehedge
2026-09-15 13:00:00,stock,ICICIBANK,long,ICICIBANK_spot_proxy,1h,3.5373996095720486,628.7144304753236,1355.4,0.09589182861627911,rehedge
2026-09-15 13:00:00,stock,ITC,long,ITC_spot_proxy,1h,-38.977811825970775,1484.3480680415857,260.65,2.0319133304878565,rehedge
2026-09-15 13:00:00,stock,BHARTIARTL,long,BHARTIARTL_spot_proxy,1h,15.212417357437053,18.63500895470722,1830.8,0.5570178739599151,rehedge
2026-09-15 13:00:00,stock,TCS,long,TCS_spot_proxy,1h,25.626877403903393,19.28660349141006,2274.7,1.165869160613181,rehedge
2026-09-15 13:00:00,index,NIFTY,short,spot_as_fut_proxy,1h,-75.0347948511319,-89.46939903365951,23272.35,349.2472015907479,rehedge
2026-09-15 13:00:00,stock,HDFCBANK,long,HDFCBANK_spot_proxy,1h,6.607501461274097,-128.75399223763986,717.85,0.09486389847951221,rehedge
2026-09-15 14:00:00,stock,BAJFINANCE,long,BAJFINANCE_spot_proxy,1h,1.1819886621264573,424.00686233459226,1008.3,0.02383598336044214,rehedge
2026-09-15 14:00:00,stock,LT,short,LT_spot_proxy,1h,-7.634300527590767,-135.1884644269308,3840.3,5.863600863221365,rehedge
2026-09-15 14:00:00,stock,INFY,long,INFY_spot_proxy,1h,-15.165501412365018,266.8776277649947,1078.1,3.269985414534145,rehedge
2026-09-15 14:00:00,stock,ICICIBANK,long,ICICIBANK_spot_proxy,1h,10.89975883270381,639.6141893080274,1353.0,0.2949474740129651,rehedge
2026-09-15 14:00:00,stock,ITC,long,ITC_spot_proxy,1h,536.4478402903735,2020.7959083319593,259.3,2.7820184997458774,rehedge
2026-09-15 14:00:00,stock,BHARTIARTL,long,BHARTIARTL_spot_proxy,1h,44.698028048877234,63.33303700358446,1824.7,1.631209835615726,rehedge
2026-09-15 14:00:00,stock,TCS,long,TCS_spot_proxy,1h,9.342566053817652,28.62916954522771,2266.6,0.42351720435166185,rehedge
2026-09-15 14:00:00,index,NIFTY,short,spot_as_fut_proxy,1h,-165.50947079600314,-254.97886982966267,23174.9,767.1330869500587,rehedge
2026-09-15 14:00:00,stock,HDFCBANK,long,HDFCBANK_spot_proxy,1h,24.037933471023862,-104.716058766616,715.45,0.34395879003688046,rehedge
2026-09-15 15:00:00,stock,BAJFINANCE,long,BAJFINANCE_spot_proxy,1h,-12.201328287838578,411.8055340467537,1009.2,2.462716101617339,rehedge
2026-09-15 15:00:00,stock,LT,short,LT_spot_proxy,1h,3.135196924718514,-132.0532675022123,3850.7,0.24145405596027164,rehedge
2026-09-15 15:00:00,stock,INFY,long,INFY_spot_proxy,1h,1.5038686321312866,268.381496397126,1077.0,0.03239333033610792,rehedge
2026-09-15 15:00:00,stock,ICICIBANK,long,ICICIBANK_spot_proxy,1h,21.655619198408317,661.2698085064358,1350.4,0.584874963310612,rehedge
2026-09-15 15:00:00,stock,ITC,long,ITC_spot_proxy,1h,-114.47594671678439,1906.3199616151749,258.0,5.906958850586075,rehedge
2026-09-15 15:00:00,stock,BHARTIARTL,long,BHARTIARTL_spot_proxy,1h,-44.9613840826472,18.37165292093726,1830.4,16.45946348497549,rehedge
2026-09-15 15:00:00,stock,TCS,long,TCS_spot_proxy,1h,10.884290533020675,39.513460078248386,2251.0,0.4900107597965908,rehedge
2026-09-15 15:00:00,index,NIFTY,short,spot_as_fut_proxy,1h,-170.90057426639507,-425.87944409605774,23118.6,790.1964032470162,rehedge
2026-09-15 15:00:00,stock,HDFCBANK,long,HDFCBANK_spot_proxy,1h,-6.723188360132411,-111.43924712674841,716.55,0.9635001238905758,rehedge
2026-09-16 09:00:00,stock,BAJFINANCE,long,BAJFINANCE_spot_proxy,1h,13.521679926026138,425.3272139727798,1014.6,0.2743819290589224,rehedge
2026-09-16 09:00:00,stock,LT,short,LT_spot_proxy,1h,-11.586745521805227,-143.64001302401752,3840.0,8.898620560746416,rehedge
2026-09-16 09:00:00,stock,INFY,long,INFY_spot_proxy,1h,8.969088351522714,277.3505847486487,1079.8,0.19369643203948456,rehedge
2026-09-16 09:00:00,stock,ICICIBANK,long,ICICIBANK_spot_proxy,1h,-14.080046879434576,647.1897616270012,1354.4,3.8140030987012383,rehedge
2026-09-16 09:00:00,stock,ITC,long,ITC_spot_proxy,1h,-648.9413619624345,1257.3785996527404,262.25,34.03697443492969,rehedge
2026-09-16 09:00:00,stock,BHARTIARTL,long,BHARTIARTL_spot_proxy,1h,22.704272564830998,41.07592548576826,1828.5,0.8302952476958697,rehedge
2026-09-16 09:00:00,stock,TCS,long,TCS_spot_proxy,1h,21.459168984023833,60.97262906227222,2240.0,0.9613707704842678,rehedge
2026-09-16 09:00:00,index,NIFTY,short,spot_as_fut_proxy,1h,230.33835592430924,-195.5410881717485,23224.6,106.99032361999426,rehedge
2026-09-16 09:00:00,stock,HDFCBANK,long,HDFCBANK_spot_proxy,1h,-9.891142585485255,-121.33038971223367,718.15,1.4206648095532473,rehedge
2026-09-16 10:00:00,stock,BAJFINANCE,long,BAJFINANCE_spot_proxy,1h,-1.6939026983471308,423.6333112744327,1015.5,0.34403163803430226,rehedge
2026-09-16 10:00:00,stock,LT,short,LT_spot_proxy,1h,0.2943416323115855,-143.34567139170593,3842.6,0.02262074312640997,rehedge
2026-09-16 10:00:00,stock,INFY,long,INFY_spot_proxy,1h,13.052968389811099,290.4035531384598,1075.0,0.2806388203809387,rehedge
2026-09-16 10:00:00,stock,ICICIBANK,long,ICICIBANK_spot_proxy,1h,9.643104141749404,656.8328657687506,1350.2,0.2604023842438009,rehedge
2026-09-16 10:00:00,stock,ITC,long,ITC_spot_proxy,1h,76.69657812681999,1334.0751777795604,261.95,0.40181337280640994,rehedge
2026-09-16 10:00:00,stock,BHARTIARTL,long,BHARTIARTL_spot_proxy,1h,-9.333661595701184,31.742263890067075,1830.0,3.4161201440266336,rehedge
2026-09-16 10:00:00,stock,TCS,long,TCS_spot_proxy,1h,14.910618626434243,75.88324768870646,2225.4,0.6636418138253353,rehedge
2026-09-16 10:00:00,index,NIFTY,short,spot_as_fut_proxy,1h,54.3900370782529,-141.1510510934956,23252.0,25.293542842870735,rehedge
2026-09-16 10:00:00,stock,HDFCBANK,long,HDFCBANK_spot_proxy,1h,2.724947563828195,-118.60544214840547,717.9,0.039124797121445225,rehedge
2026-09-16 11:00:00,stock,BAJFINANCE,long,BAJFINANCE_spot_proxy,1h,8.52439547681854,432.1577067512512,1009.2,0.17205639830410543,rehedge
2026-09-16 11:00:00,stock,LT,short,LT_spot_proxy,1h,-0.3994286317555691,-143.7451000234615,3820.0,0.3051634746612548,rehedge
2026-09-16 11:00:00,stock,INFY,long,INFY_spot_proxy,1h,23.194123834311313,313.5976769727711,1066.6,0.4947770496335289,rehedge
2026-09-16 11:00:00,stock,ICICIBANK,long,ICICIBANK_spot_proxy,1h,2.179637604440927,659.0125033731915,1350.8,0.05888508952157609,rehedge
2026-09-16 11:00:00,stock,ITC,long,ITC_spot_proxy,1h,-129.31684447121302,1204.7583333083473,262.5,6.789134334738684,rehedge
2026-09-16 11:00:00,stock,BHARTIARTL,long,BHARTIARTL_spot_proxy,1h,4.86308347039736,36.605347360464435,1829.3,0.17792077184795782,rehedge
2026-09-16 11:00:00,stock,TCS,long,TCS_spot_proxy,1h,14.150495082982232,90.0337427716887,2213.9,0.6265556212842873,rehedge
2026-09-16 11:00:00,index,NIFTY,short,spot_as_fut_proxy,1h,-84.07561505052612,-225.22666614402172,23214.85,390.36055841114126,rehedge
2026-09-16 11:00:00,stock,HDFCBANK,long,HDFCBANK_spot_proxy,1h,16.760704062867234,-101.84473808553824,715.65,0.2398959572518187,rehedge
2026-09-16 12:00:00,stock,BAJFINANCE,long,BAJFINANCE_spot_proxy,1h,-4.880539738531468,427.27716701271976,1011.9,0.9877236322839985,rehedge
2026-09-16 12:00:00,stock,LT,short,LT_spot_proxy,1h,-2.2773007048029683,-146.02240072826447,3820.0,1.739857738469468,rehedge
2026-09-16 12:00:00,stock,INFY,long,INFY_spot_proxy,1h,5.093798864791665,318.6914758375628,1065.1,0.10850810341779206,rehedge
2026-09-16 12:00:00,stock,ICICIBANK,long,ICICIBANK_spot_proxy,1h,-17.24043920384463,641.7720641693469,1355.3,4.673193450594125,rehedge
2026-09-16 12:00:00,stock,ITC,long,ITC_spot_proxy,1h,-355.15437207848925,849.6039612298581,263.75,18.734393127140308,rehedge
2026-09-16 12:00:00,stock,BHARTIARTL,long,BHARTIARTL_spot_proxy,1h,-24.962084075136488,11.643263285327947,1832.6,9.149103055219026,rehedge
2026-09-16 12:00:00,stock,TCS,long,TCS_spot_proxy,1h,4.236072748042005,94.2698155197307,2209.5,0.18719205473597622,rehedge
2026-09-16 12:00:00,index,NIFTY,short,spot_as_fut_proxy,1h,54.90377581687045,-170.32289032715127,23242.1,25.52158095826569,rehedge
2026-09-16 12:00:00,stock,HDFCBANK,long,HDFCBANK_spot_proxy,1h,-18.639271671095585,-120.48400975663382,717.95,2.6764130192526157,rehedge
2026-09-16 13:00:00,stock,BAJFINANCE,long,BAJFINANCE_spot_proxy,1h,-2.9395316512217278,424.33763536149803,1009.5,0.5934914403816669,rehedge
2026-09-16 13:00:00,stock,LT,short,LT_spot_proxy,1h,-0.7291424183837876,-146.75154314664826,3816.3,0.5565252422556097,rehedge
2026-09-16 13:00:00,stock,INFY,long,INFY_spot_proxy,1h,14.013004127130444,332.70447996469323,1059.0,0.2967954274126228,rehedge
2026-09-16 13:00:00,stock,ICICIBANK,long,ICICIBANK_spot_proxy,1h,14.325134872389071,656.097199041736,1352.0,0.3873516469494005,rehedge
2026-09-16 13:00:00,stock,ITC,long,ITC_spot_proxy,1h,-63.983149479767576,785.6208117500905,264.0,3.3783102925317285,rehedge
2026-09-16 13:00:00,stock,BHARTIARTL,long,BHARTIARTL_spot_proxy,1h,-1.589963276110323,10.053300009217624,1832.9,0.5828487377565222,rehedge
2026-09-16 13:00:00,stock,TCS,long,TCS_spot_proxy,1h,9.61931810399463,103.88913362372533,2198.0,0.42286522385160397,rehedge
2026-09-16 13:00:00,index,NIFTY,short,spot_as_fut_proxy,1h,-46.97598964856704,-217.2988799757183,23221.5,218.1705887248399,rehedge
2026-09-16 13:00:00,stock,HDFCBANK,long,HDFCBANK_spot_proxy,1h,1.1720999867434188,-119.3119097698904,717.85,0.016827839509675264,rehedge
2026-09-16 14:00:00,stock,BAJFINANCE,long,BAJFINANCE_spot_proxy,1h,9.936828764355766,434.2744641258538,1012.2,0.20116116150561816,rehedge
2026-09-16 14:00:00,stock,LT,short,LT_spot_proxy,1h,-3.3270514368385307,-150.0785945834868,3810.0,2.5352131948709604,rehedge
2026-09-16 14:00:00,stock,INFY,long,INFY_spot_proxy,1h,2.6552664456802972,335.35974641037353,1057.0,0.05613233266168149,rehedge
2026-09-16 14:00:00,stock,ICICIBANK,long,ICICIBANK_spot_proxy,1h,1.4187252759603552,657.5159243176963,1351.2,0.038339631857552646,rehedge
2026-09-16 14:00:00,stock,ITC,long,ITC_spot_proxy,1h,-96.43482542914933,689.1859863209412,264.3,5.097544872184834,rehedge
2026-09-16 14:00:00,stock,BHARTIARTL,long,BHARTIARTL_spot_proxy,1h,-3.9867317044844093,6.066568304733215,1833.5,1.4619345160344328,rehedge
2026-09-16 14:00:00,stock,TCS,long,TCS_spot_proxy,1h,13.142551029730654,117.03168465345598,2185.5,0.574460905509527,rehedge
2026-09-16 14:00:00,index,NIFTY,short,spot_as_fut_proxy,1h,29.27757773323134,-188.02130224248697,23235.8,13.605758813876337,rehedge
2026-09-16 14:00:00,stock,HDFCBANK,long,HDFCBANK_spot_proxy,1h,-34.149239185002074,-153.46114895489248,722.5,4.9345650622327994,rehedge
2026-09-16 15:00:00,stock,BAJFINANCE,long,BAJFINANCE_spot_proxy,1h,20.86867749960487,455.14314162545867,1006.2,0.41996126600204847,rehedge
2026-09-16 15:00:00,stock,LT,short,LT_spot_proxy,1h,-3.153314326813188,-153.23190891029998,3807.7,2.401374992441315,rehedge
2026-09-16 15:00:00,stock,INFY,long,INFY_spot_proxy,1h,-8.688800331936761,326.67094607843677,1060.0,1.8420256703705935,rehedge
2026-09-16 15:00:00,stock,ICICIBANK,long,ICICIBANK_spot_proxy,1h,-24.483875582748965,633.0320487349474,1358.8,6.65373802836786,rehedge
2026-09-16 15:00:00,stock,ITC,long,ITC_spot_proxy,1h,4.426446710113623,693.6124330310548,264.15,0.023384917969530274,rehedge
2026-09-16 15:00:00,stock,BHARTIARTL,long,BHARTIARTL_spot_proxy,1h,-9.1810046656084,-3.114436360875185,1835.0,3.369428712278283,rehedge
2026-09-16 15:00:00,stock,TCS,long,TCS_spot_proxy,1h,0.1286375442858514,117.16032219774183,2188.8,0.005631237138657431,rehedge
2026-09-16 15:00:00,index,NIFTY,short,spot_as_fut_proxy,1h,-50.00678618419133,-238.0280884266783,23217.6,232.2075117820161,rehedge
2026-09-16 15:00:00,stock,HDFCBANK,long,HDFCBANK_spot_proxy,1h,11.352335579647189,-142.1088133752453,721.5,0.16381420241430894,rehedge
2026-09-17 09:00:00,stock,BAJFINANCE,long,BAJFINANCE_spot_proxy,1h,-31.024836234752172,424.1183053907065,1022.9,6.3470609969056,rehedge
2026-09-17 09:00:00,stock,LT,short,LT_spot_proxy,1h,-2.113695986081268,-155.34560489638125,3807.7,1.609664041240329,rehedge
2026-09-17 09:00:00,stock,INFY,long,INFY_spot_proxy,1h,5.682610232404102,332.3535563108409,1060.0,0.12047133692696697,rehedge
2026-09-17 09:00:00,stock,ICICIBANK,long,ICICIBANK_spot_proxy,1h,7.400964450382617,640.43301318533,1358.8,0.201128609903598,rehedge
2026-09-17 09:00:00,stock,ITC,long,ITC_spot_proxy,1h,33.34896177265398,726.9613948037088,264.15,0.176182565044931,rehedge
2026-09-17 09:00:00,stock,BHARTIARTL,long,BHARTIARTL_spot_proxy,1h,2.065142340923176,-1.0492940199520087,1835.0,0.07579072391188058,rehedge
2026-09-17 09:00:00,stock,TCS,long,TCS_spot_proxy,1h,2.8939852024589214,120.05430740020076,2188.8,0.12668709622284177,rehedge
2026-09-17 09:00:00,index,NIFTY,short,spot_as_fut_proxy,1h,165.9442536475773,-72.08383477910098,23293.35,77.3079516140359,rehedge
2026-09-17 09:00:00,stock,HDFCBANK,long,HDFCBANK_spot_proxy,1h,-0.22558572225648277,-142.33439909750177,721.5,0.03255201972161047,rehedge
2026-09-17 09:00:00,stock,BAJFINANCE,long,BAJFINANCE_spot_proxy,1h,-424.1183053907065,0.0,1022.9,86.76612291683074,flatten
2026-09-17 09:00:00,stock,LT,short,LT_spot_proxy,1h,155.34560489638125,0.0,3807.7,11.830189195279019,flatten
2026-09-17 09:00:00,stock,INFY,long,INFY_spot_proxy,1h,-332.3535563108409,0.0,1060.0,70.45895393789827,flatten
2026-09-17 09:00:00,stock,ICICIBANK,long,ICICIBANK_spot_proxy,1h,-640.43301318533,0.0,1358.8,174.04407566324528,flatten
2026-09-17 09:00:00,stock,ITC,long,ITC_spot_proxy,1h,-726.9613948037088,0.0,264.15,38.405370487479935,flatten
2026-09-17 09:00:00,stock,BHARTIARTL,long,BHARTIARTL_spot_proxy,1h,1.0492940199520087,0.0,1835.0,0.03850909053223872,flatten
2026-09-17 09:00:00,stock,TCS,long,TCS_spot_proxy,1h,-120.05430740020076,0.0,2188.8,52.55497360751189,flatten
2026-09-17 09:00:00,index,NIFTY,short,spot_as_fut_proxy,1h,72.08383477910098,0.0,23293.35,33.58147985703543,flatten
2026-09-17 09:00:00,stock,HDFCBANK,long,HDFCBANK_spot_proxy,1h,142.33439909750177,0.0,721.5,2.053885378976951,flatten
