ts,book,symbol,reason,iv,rv_forecast,vrp_var,vrp_pts,net_edge,rv_windows,would_side
2026-03-23 10:00:00,index,NIFTY,no option tape 2026-04-07 K=22550.0,0.4449466741234711,,,,,,
2026-03-23 10:00:00,stock,ADANIENT,no spot/IV,,,,,,,
2026-03-23 10:00:00,stock,ADANIPORTS,no ATM-IV cache (FileNotFoundError),,,,,,,
2026-03-23 10:00:00,stock,APOLLOHOSP,no ATM-IV cache (FileNotFoundError),,,,,,,
2026-03-23 10:00:00,stock,ASIANPAINT,no ATM-IV cache (FileNotFoundError),,,,,,,
2026-03-23 10:00:00,stock,AXISBANK,"event in option life [entry, expiry]",,,,,,,
2026-03-23 10:00:00,stock,BAJAJFINSV,no option tape,0.34080396893387715,0.33791225653500007,,,,"5,20",
2026-03-23 10:00:00,stock,BAJFINANCE,no option tape 2026-04-28 K=800.0,0.4337699954337453,,,,,,
2026-03-23 10:00:00,stock,BEL,no ATM-IV cache (FileNotFoundError),,,,,,,
2026-03-23 10:00:00,stock,BHARTIARTL,no option tape 2026-04-28 K=1800.0,0.2729651943655272,,,,,,
2026-03-23 10:00:00,stock,BPCL,no ATM-IV cache (FileNotFoundError),,,,,,,
2026-03-23 10:00:00,stock,CIPLA,no ATM-IV cache (FileNotFoundError),,,,,,,
2026-03-23 10:00:00,stock,COALINDIA,no ATM-IV cache (FileNotFoundError),,,,,,,
2026-03-23 10:00:00,stock,DRREDDY,no option tape,0.2991418040244444,0.28004568221803483,,,,"5,20,60",
2026-03-23 10:00:00,stock,ETERNAL,no ATM-IV cache (FileNotFoundError),,,,,,,
2026-03-23 10:00:00,stock,GRASIM,no option tape,0.3465057601393917,0.38268689350617524,,,,"5,20",
2026-03-23 10:00:00,stock,HCLTECH,no ATM-IV cache (FileNotFoundError),,,,,,,
2026-03-23 10:00:00,stock,HDFCBANK,"event in option life [entry, expiry]",,,,,,,
2026-03-23 10:00:00,stock,HDFCLIFE,no ATM-IV cache (FileNotFoundError),,,,,,,
2026-03-23 10:00:00,stock,HINDALCO,no ATM-IV cache (FileNotFoundError),,,,,,,
2026-03-23 10:00:00,stock,HINDUNILVR,no ATM-IV cache (FileNotFoundError),,,,,,,
2026-03-23 10:00:00,stock,ICICIBANK,"event in option life [entry, expiry]",,,,,,,
2026-03-23 10:00:00,stock,INDUSINDBK,no ATM-IV cache (FileNotFoundError),,,,,,,
2026-03-23 10:00:00,stock,INFY,no spot/IV,,,,,,,
2026-03-23 10:00:00,stock,ITC,no option tape 2026-04-28 K=292.5,0.2781998089741838,,,,,,
2026-03-23 10:00:00,stock,JIOFIN,no ATM-IV cache (FileNotFoundError),,,,,,,
2026-03-23 10:00:00,stock,JSWSTEEL,no ATM-IV cache (FileNotFoundError),,,,,,,
2026-03-23 10:00:00,stock,KOTAKBANK,no spot/IV,,,,,,,
2026-03-23 10:00:00,stock,LT,no option tape 2026-04-28 K=3400.0,0.43242422990415863,,,,,,
2026-03-23 10:00:00,stock,M&M,no ATM-IV cache (FileNotFoundError),,,,,,,
2026-03-23 10:00:00,stock,MARUTI,no ATM-IV cache (FileNotFoundError),,,,,,,
2026-03-23 10:00:00,stock,MAXHEALTH,no ATM-IV cache (FileNotFoundError),,,,,,,
2026-03-23 10:00:00,stock,NESTLEIND,no ATM-IV cache (FileNotFoundError),,,,,,,
2026-03-23 10:00:00,stock,NTPC,no option tape,0.16130369516464782,0.24732732367609053,,,,"5,20",
2026-03-23 10:00:00,stock,ONGC,no ATM-IV cache (FileNotFoundError),,,,,,,
2026-03-23 10:00:00,stock,POWERGRID,no ATM-IV cache (FileNotFoundError),,,,,,,
2026-03-23 10:00:00,stock,RELIANCE,"event in option life [entry, expiry]",,,,,,,
2026-03-23 10:00:00,stock,SBILIFE,no ATM-IV cache (FileNotFoundError),,,,,,,
2026-03-23 10:00:00,stock,SBIN,no option tape 2026-04-28 K=990.0,0.37699018735718826,,,,,,
2026-03-23 10:00:00,stock,SHRIRAMFIN,no ATM-IV cache (FileNotFoundError),,,,,,,
2026-03-23 10:00:00,stock,SUNPHARMA,no ATM-IV cache (FileNotFoundError),,,,,,,
2026-03-23 10:00:00,stock,TATACONSUM,no ATM-IV cache (FileNotFoundError),,,,,,,
2026-03-23 10:00:00,stock,TATASTEEL,no ATM-IV cache (FileNotFoundError),,,,,,,
2026-03-23 10:00:00,stock,TCS,"event in option life [entry, expiry]",,,,,,,
2026-03-23 10:00:00,stock,TECHM,no ATM-IV cache (FileNotFoundError),,,,,,,
2026-03-23 10:00:00,stock,TITAN,no ATM-IV cache (FileNotFoundError),,,,,,,
2026-03-23 10:00:00,stock,TMPV,no ATM-IV cache (FileNotFoundError),,,,,,,
2026-03-23 10:00:00,stock,TRENT,no spot/IV,,,,,,,
2026-03-23 10:00:00,stock,ULTRACEMCO,no ATM-IV cache (FileNotFoundError),,,,,,,
2026-03-23 10:00:00,stock,WIPRO,no ATM-IV cache (FileNotFoundError),,,,,,,
2026-03-24 10:00:00,index,NIFTY,no option tape 2026-04-07 K=22550.0,0.32028533321007546,,,,,,
2026-03-24 10:00:00,stock,ADANIENT,no spot/IV,,,,,,,
2026-03-24 10:00:00,stock,AXISBANK,"event in option life [entry, expiry]",,,,,,,
2026-03-24 10:00:00,stock,BAJAJFINSV,no option tape,0.3259598069602108,0.35230690513845003,,,,"5,20",
2026-03-24 10:00:00,stock,BAJFINANCE,no option tape 2026-04-28 K=820.0,0.40635782251529506,,,,,,
2026-03-24 10:00:00,stock,BHARTIARTL,no option tape 2026-04-28 K=1800.0,0.2788493589967136,,,,,,
2026-03-24 10:00:00,stock,DRREDDY,no option tape,0.33017936545651916,0.2768233420724752,,,,"5,20,60",
2026-03-24 10:00:00,stock,GRASIM,no option tape,0.35205433833815325,0.3791484223191818,,,,"5,20",
2026-03-24 10:00:00,stock,HDFCBANK,"event in option life [entry, expiry]",,,,,,,
2026-03-24 10:00:00,stock,ICICIBANK,"event in option life [entry, expiry]",,,,,,,
2026-03-24 10:00:00,stock,INFY,no spot/IV,,,,,,,
2026-03-24 10:00:00,stock,ITC,no option tape 2026-04-28 K=290.0,0.2837815165568418,,,,,,
2026-03-24 10:00:00,stock,KOTAKBANK,"event in option life [entry, expiry]",,,,,,,
2026-03-24 10:00:00,stock,LT,no option tape 2026-04-28 K=3400.0,0.40423265138127673,,,,,,
2026-03-24 10:00:00,stock,NTPC,no option tape,0.3200350560137344,0.25135412415984104,,,,"5,20",
2026-03-24 10:00:00,stock,RELIANCE,"event in option life [entry, expiry]",,,,,,,
2026-03-24 10:00:00,stock,SBIN,no option tape 2026-04-28 K=990.0,0.34757457805790737,,,,,,
2026-03-24 10:00:00,stock,TCS,"event in option life [entry, expiry]",,,,,,,
2026-03-24 10:00:00,stock,TRENT,no spot/IV,,,,,,,
2026-03-25 10:00:00,index,NIFTY,no option tape 2026-04-07 K=22900.0,0.2652531696269782,,,,,,
2026-03-25 10:00:00,stock,ADANIENT,no spot/IV,,,,,,,
2026-03-25 10:00:00,stock,AXISBANK,"event in option life [entry, expiry]",,,,,,,
2026-03-25 10:00:00,stock,BAJAJFINSV,no option tape,0.3541684763542194,0.376111415549802,,,,"5,20",
2026-03-25 10:00:00,stock,BAJFINANCE,no option tape 2026-04-28 K=920.0,0.33015487611803146,,,,,,
2026-03-25 10:00:00,stock,BHARTIARTL,no option tape 2026-04-28 K=1840.0,0.25375133018841745,,,,,,
2026-03-25 10:00:00,stock,DRREDDY,no option tape,0.28605532626356134,0.32133732780316776,,,,"5,20,60",
2026-03-25 10:00:00,stock,GRASIM,no option tape,0.24497043930507229,0.43190010789752303,,,,"5,20",
2026-03-25 10:00:00,stock,HDFCBANK,"event in option life [entry, expiry]",,,,,,,
2026-03-25 10:00:00,stock,ICICIBANK,"event in option life [entry, expiry]",,,,,,,
2026-03-25 10:00:00,stock,INFY,"event in option life [entry, expiry]",,,,,,,
2026-03-25 10:00:00,stock,ITC,no option tape 2026-04-28 K=302.5,0.25132162036404515,,,,,,
2026-03-25 10:00:00,stock,KOTAKBANK,"event in option life [entry, expiry]",,,,,,,
2026-03-25 10:00:00,stock,LT,no option tape 2026-04-28 K=3800.0,0.3757632187538581,,,,,,
2026-03-25 10:00:00,stock,NTPC,no option tape,0.26136575310078036,0.2417899672400752,,,,"5,20",
2026-03-25 10:00:00,stock,RELIANCE,"event in option life [entry, expiry]",,,,,,,
2026-03-25 10:00:00,stock,SBIN,no option tape 2026-04-28 K=1110.0,0.3073922173731889,,,,,,
2026-03-25 10:00:00,stock,TCS,"event in option life [entry, expiry]",,,,,,,
2026-03-25 10:00:00,stock,TRENT,no spot/IV,,,,,,,
2026-03-27 10:00:00,index,NIFTY,no option tape 2026-04-07 K=22900.0,0.2844709146680978,,,,,,
2026-03-27 10:00:00,stock,ADANIENT,no spot/IV,,,,,,,
2026-03-27 10:00:00,stock,AXISBANK,"event in option life [entry, expiry]",,,,,,,
2026-03-27 10:00:00,stock,BAJAJFINSV,no option tape,0.32728844811271657,0.3415335864948595,,,,"5,20",
2026-03-27 10:00:00,stock,BAJFINANCE,no option tape 2026-04-28 K=820.0,0.37753055069046426,,,,,,
2026-03-27 10:00:00,stock,BHARTIARTL,no option tape 2026-04-28 K=1840.0,0.2652346595635751,,,,,,
2026-03-27 10:00:00,stock,DRREDDY,no option tape,0.2963323002754628,0.3217506226854811,,,,"5,20,60",
2026-03-27 10:00:00,stock,GRASIM,no option tape,0.21180470266613688,0.36689727415610845,,,,"5,20",
2026-03-27 10:00:00,stock,HDFCBANK,"event in option life [entry, expiry]",,,,,,,
2026-03-27 10:00:00,stock,ICICIBANK,"event in option life [entry, expiry]",,,,,,,
2026-03-27 10:00:00,stock,INFY,"event in option life [entry, expiry]",,,,,,,
2026-03-27 10:00:00,stock,ITC,no option tape 2026-04-28 K=292.5,0.27094469321052794,,,,,,
2026-03-27 10:00:00,stock,KOTAKBANK,"event in option life [entry, expiry]",,,,,,,
2026-03-27 10:00:00,stock,LT,no option tape 2026-04-28 K=3500.0,0.3773652968059163,,,,,,
2026-03-27 10:00:00,stock,NTPC,no option tape,0.2754972995323427,0.23682114838983945,,,,"5,20",
2026-03-27 10:00:00,stock,RELIANCE,"event in option life [entry, expiry]",,,,,,,
2026-03-27 10:00:00,stock,SBIN,no option tape 2026-04-28 K=990.0,0.34144383155344704,,,,,,
2026-03-27 10:00:00,stock,TCS,"event in option life [entry, expiry]",,,,,,,
2026-03-27 10:00:00,stock,TRENT,no spot/IV,,,,,,,
2026-03-30 10:00:00,index,NIFTY,no option tape 2026-04-07 K=22550.0,0.3277484504236858,,,,,,
2026-03-30 10:00:00,stock,ADANIENT,no spot/IV,,,,,,,
2026-03-30 10:00:00,stock,AXISBANK,"event in option life [entry, expiry]",,,,,,,
2026-03-30 10:00:00,stock,BAJAJFINSV,no option tape,0.3893019602211343,0.4065441090839688,,,,"5,20",
2026-03-30 10:00:00,stock,BAJFINANCE,no IV/RV forecast,0.4369044027165277,,,,0.0,,
2026-03-30 10:00:00,stock,BHARTIARTL,no IV/RV forecast,0.28642872463466695,,,,0.0,,
2026-03-30 10:00:00,stock,DRREDDY,no option tape,0.31037750214237186,0.3276356187330765,,,,"5,20,60",
2026-03-30 10:00:00,stock,GRASIM,no option tape,0.41401658180115253,0.39931905910249654,,,,"5,20",
2026-03-30 10:00:00,stock,HDFCBANK,"event in option life [entry, expiry]",,,,,,,
2026-03-30 10:00:00,stock,ICICIBANK,"event in option life [entry, expiry]",,,,,,,
2026-03-30 10:00:00,stock,INFY,"event in option life [entry, expiry]",,,,,,,
2026-03-30 10:00:00,stock,ITC,no option tape 2026-04-28 K=292.5,0.2772469238490116,,,,,,
2026-03-30 10:00:00,stock,KOTAKBANK,"event in option life [entry, expiry]",,,,,,,
2026-03-30 10:00:00,stock,LT,no option tape 2026-04-28 K=3500.0,0.3986552198650172,,,,,,
2026-03-30 10:00:00,stock,NTPC,no option tape,0.28407288835973277,0.2286304995020852,,,,"5,20",
2026-03-30 10:00:00,stock,RELIANCE,"event in option life [entry, expiry]",,,,,,,
2026-03-30 10:00:00,stock,SBIN,no IV/RV forecast,0.39272167638651956,,,,0.0,,
2026-03-30 10:00:00,stock,TCS,"event in option life [entry, expiry]",,,,,,,
2026-03-30 10:00:00,stock,TRENT,no spot/IV,,,,,,,
2026-04-01 10:00:00,index,NIFTY,no option tape 2026-04-21 K=22850.0,0.2648166745266195,,,,,5,
2026-04-01 10:00:00,stock,ADANIENT,no spot/IV,,,,,,,
2026-04-01 10:00:00,stock,AXISBANK,"event in option life [entry, expiry]",,,,,,,
2026-04-01 10:00:00,stock,BAJAJFINSV,no option tape,0.3579830315573074,0.3911555228277976,,,,"5,20",
2026-04-01 10:00:00,stock,BAJFINANCE,no IV/RV forecast,0.40924127456148357,,,,0.0,5,
2026-04-01 10:00:00,stock,BHARTIARTL,no IV/RV forecast,0.2707594419693801,,,,0.0,5,
2026-04-01 10:00:00,stock,DRREDDY,no option tape,0.30118119460082365,0.33625825097528295,,,,"5,20,60",
2026-04-01 10:00:00,stock,GRASIM,no option tape,0.30103990047576995,0.3626419236563426,,,,"5,20",
2026-04-01 10:00:00,stock,HDFCBANK,"event in option life [entry, expiry]",,,,,,,
2026-04-01 10:00:00,stock,ICICIBANK,"event in option life [entry, expiry]",,,,,,,
2026-04-01 10:00:00,stock,INFY,"event in option life [entry, expiry]",,,,,,,
2026-04-01 10:00:00,stock,ITC,no option tape 2026-04-28 K=292.5,0.25903227458765865,,,,,5,
2026-04-01 10:00:00,stock,KOTAKBANK,"event in option life [entry, expiry]",,,,,,,
2026-04-01 10:00:00,stock,LT,no IV/RV forecast,0.3520060825451486,,,,0.0,5,
2026-04-01 10:00:00,stock,NTPC,no option tape,0.27348502125212737,0.21573423771776587,,,,"5,20",
2026-04-01 10:00:00,stock,RELIANCE,"event in option life [entry, expiry]",,,,,,,
2026-04-01 10:00:00,stock,SBIN,no IV/RV forecast,0.3489768834574555,,,,0.0,5,
2026-04-01 10:00:00,stock,TCS,"event in option life [entry, expiry]",,,,,,,
2026-04-01 10:00:00,stock,TRENT,no spot/IV,,,,,,,
2026-04-02 10:00:00,index,NIFTY,no option tape 2026-04-21 K=22350.0,0.2864984110035713,,,,,5,
2026-04-02 10:00:00,stock,ADANIENT,no spot/IV,,,,,,,
2026-04-02 10:00:00,stock,AXISBANK,"event in option life [entry, expiry]",,,,,,,
2026-04-02 10:00:00,stock,BAJAJFINSV,no option tape,0.37736369137595976,0.37600851688403863,,,,"5,20",
2026-04-02 10:00:00,stock,BAJFINANCE,no IV/RV forecast,0.4381026518137718,,,,0.0,5,
2026-04-02 10:00:00,stock,BHARTIARTL,no IV/RV forecast,0.28399561567227627,,,,0.0,5,
2026-04-02 10:00:00,stock,DRREDDY,no option tape,0.36107066941011845,0.3368163854119004,,,,"5,20,60",
2026-04-02 10:00:00,stock,GRASIM,no option tape,0.36471158552048655,0.365923697634924,,,,"5,20",
2026-04-02 10:00:00,stock,HDFCBANK,"event in option life [entry, expiry]",,,,,,,
2026-04-02 10:00:00,stock,ICICIBANK,"event in option life [entry, expiry]",,,,,,,
2026-04-02 10:00:00,stock,INFY,"event in option life [entry, expiry]",,,,,,,
2026-04-02 10:00:00,stock,ITC,no IV/RV forecast,0.26248193783547313,,,,0.0,5,
2026-04-02 10:00:00,stock,KOTAKBANK,"event in option life [entry, expiry]",,,,,,,
2026-04-02 10:00:00,stock,LT,no IV/RV forecast,0.39115820764093095,,,,0.0,5,
2026-04-02 10:00:00,stock,NTPC,no option tape,0.31733366417241876,0.22429582046651472,,,,"5,20",
2026-04-02 10:00:00,stock,RELIANCE,"event in option life [entry, expiry]",,,,,,,
2026-04-02 10:00:00,stock,SBIN,no IV/RV forecast,0.3748624154271875,,,,0.0,5,
2026-04-02 10:00:00,stock,TCS,"event in option life [entry, expiry]",,,,,,,
2026-04-02 10:00:00,stock,TRENT,no spot/IV,,,,,,,
2026-04-06 10:00:00,index,NIFTY,no IV/RV forecast,0.38001727425670384,,,,0.0,5,
2026-04-06 10:00:00,stock,ADANIENT,no spot/IV,,,,,,,
2026-04-06 10:00:00,stock,AXISBANK,"event in option life [entry, expiry]",,,,,,,
2026-04-06 10:00:00,stock,BAJAJFINSV,no option tape,0.37351131270696625,0.3459762151118601,,,,"5,20,60",
2026-04-06 10:00:00,stock,BAJFINANCE,no IV/RV forecast,0.4175978551291313,,,,0.0,5,
2026-04-06 10:00:00,stock,BHARTIARTL,no IV/RV forecast,0.26887247239501727,,,,0.0,5,
2026-04-06 10:00:00,stock,DRREDDY,no option tape,0.3193240164640232,0.3005143019340474,,,,"5,20,60",
2026-04-06 10:00:00,stock,GRASIM,no option tape,0.37124063367100546,0.3084358511301903,,,,"5,20,60",
2026-04-06 10:00:00,stock,HDFCBANK,"event in option life [entry, expiry]",,,,,,,
2026-04-06 10:00:00,stock,ICICIBANK,"event in option life [entry, expiry]",,,,,,,
2026-04-06 10:00:00,stock,INFY,"event in option life [entry, expiry]",,,,,,,
2026-04-06 10:00:00,stock,ITC,no IV/RV forecast,0.23874034273911782,,,,0.0,5,
2026-04-06 10:00:00,stock,KOTAKBANK,"event in option life [entry, expiry]",,,,,,,
2026-04-06 10:00:00,stock,LT,no IV/RV forecast,0.38022283803798457,,,,0.0,5,
2026-04-06 10:00:00,stock,NTPC,no option tape,0.27819022930957915,0.23578708337636353,,,,"5,20,60",
2026-04-06 10:00:00,stock,RELIANCE,"event in option life [entry, expiry]",,,,,,,
2026-04-06 10:00:00,stock,SBIN,no IV/RV forecast,0.37706131734616777,,,,0.0,5,
2026-04-06 10:00:00,stock,TCS,"event in option life [entry, expiry]",,,,,,,
2026-04-06 10:00:00,stock,TRENT,no spot/IV,,,,,,,
2026-04-07 10:00:00,index,NIFTY,no IV/RV forecast,0.2969880878596377,,,,0.0,5,
2026-04-07 10:00:00,stock,ADANIENT,no spot/IV,,,,,,,
2026-04-07 10:00:00,stock,AXISBANK,"event in option life [entry, expiry]",,,,,,,
2026-04-07 10:00:00,stock,BAJAJFINSV,no option tape,0.3564734014467221,0.3169558579245343,,,,"5,20,60",
2026-04-07 10:00:00,stock,BAJFINANCE,no IV/RV forecast,0.39752967497378255,,,,0.0,5,
2026-04-07 10:00:00,stock,BHARTIARTL,no IV/RV forecast,0.25837347638663305,,,,0.0,5,
2026-04-07 10:00:00,stock,DRREDDY,no option tape,0.32148979723605864,0.3051306811931773,,,,"5,20,60",
2026-04-07 10:00:00,stock,GRASIM,no option tape,0.38922681294676253,0.3050888341371994,,,,"5,20,60",
2026-04-07 10:00:00,stock,HDFCBANK,"event in option life [entry, expiry]",,,,,,,
2026-04-07 10:00:00,stock,ICICIBANK,"event in option life [entry, expiry]",,,,,,,
2026-04-07 10:00:00,stock,INFY,"event in option life [entry, expiry]",,,,,,,
2026-04-07 10:00:00,stock,ITC,no IV/RV forecast,0.2247433463169633,,,,0.0,5,
2026-04-07 10:00:00,stock,KOTAKBANK,"event in option life [entry, expiry]",,,,,,,
2026-04-07 10:00:00,stock,LT,no option tape 2026-04-28 K=3800.0,0.3793546624098191,,,,,5,
2026-04-07 10:00:00,stock,NTPC,no option tape,0.2632128008672361,0.22669002768852295,,,,"5,20,60",
2026-04-07 10:00:00,stock,RELIANCE,"event in option life [entry, expiry]",,,,,,,
2026-04-07 10:00:00,stock,SBIN,no IV/RV forecast,0.36004489404288764,,,,0.0,5,
2026-04-07 10:00:00,stock,TCS,"event in option life [entry, expiry]",,,,,,,
2026-04-07 10:00:00,stock,TRENT,no spot/IV,,,,,,,
2026-04-08 10:00:00,index,NIFTY,no option tape 2026-04-21 K=23850.0,0.19573114790453183,,,,,5,
2026-04-08 10:00:00,stock,ADANIENT,no spot/IV,,,,,,,
2026-04-08 10:00:00,stock,AXISBANK,no monthly expiry in DTE window,,,,,,,
2026-04-08 10:00:00,stock,BAJAJFINSV,no monthly expiry in DTE window,,,,,,,
2026-04-08 10:00:00,stock,BAJFINANCE,no monthly expiry in DTE window,,,,,,,
2026-04-08 10:00:00,stock,BHARTIARTL,no monthly expiry in DTE window,,,,,,,
2026-04-08 10:00:00,stock,DRREDDY,no monthly expiry in DTE window,,,,,,,
2026-04-08 10:00:00,stock,GRASIM,no monthly expiry in DTE window,,,,,,,
2026-04-08 10:00:00,stock,HDFCBANK,no monthly expiry in DTE window,,,,,,,
2026-04-08 10:00:00,stock,ICICIBANK,no monthly expiry in DTE window,,,,,,,
2026-04-08 10:00:00,stock,INFY,no monthly expiry in DTE window,,,,,,,
2026-04-08 10:00:00,stock,ITC,no monthly expiry in DTE window,,,,,,,
2026-04-08 10:00:00,stock,KOTAKBANK,no monthly expiry in DTE window,,,,,,,
2026-04-08 10:00:00,stock,LT,no monthly expiry in DTE window,,,,,,,
2026-04-08 10:00:00,stock,NTPC,no monthly expiry in DTE window,,,,,,,
2026-04-08 10:00:00,stock,RELIANCE,no monthly expiry in DTE window,,,,,,,
2026-04-08 10:00:00,stock,SBIN,no monthly expiry in DTE window,,,,,,,
2026-04-08 10:00:00,stock,TCS,no monthly expiry in DTE window,,,,,,,
2026-04-08 10:00:00,stock,TRENT,no spot/IV,,,,,,,
2026-04-09 10:00:00,index,NIFTY,no option tape 2026-04-21 K=23850.0,0.20000910940033223,,,,,5,
2026-04-09 10:00:00,stock,ADANIENT,no spot/IV,,,,,,,
2026-04-09 10:00:00,stock,AXISBANK,no monthly expiry in DTE window,,,,,,,
2026-04-09 10:00:00,stock,BAJAJFINSV,no monthly expiry in DTE window,,,,,,,
2026-04-09 10:00:00,stock,BAJFINANCE,no monthly expiry in DTE window,,,,,,,
2026-04-09 10:00:00,stock,BHARTIARTL,no monthly expiry in DTE window,,,,,,,
2026-04-09 10:00:00,stock,DRREDDY,no monthly expiry in DTE window,,,,,,,
2026-04-09 10:00:00,stock,GRASIM,no monthly expiry in DTE window,,,,,,,
2026-04-09 10:00:00,stock,HDFCBANK,no monthly expiry in DTE window,,,,,,,
2026-04-09 10:00:00,stock,ICICIBANK,no monthly expiry in DTE window,,,,,,,
2026-04-09 10:00:00,stock,INFY,no monthly expiry in DTE window,,,,,,,
2026-04-09 10:00:00,stock,ITC,no monthly expiry in DTE window,,,,,,,
2026-04-09 10:00:00,stock,KOTAKBANK,no monthly expiry in DTE window,,,,,,,
2026-04-09 10:00:00,stock,LT,no monthly expiry in DTE window,,,,,,,
2026-04-09 10:00:00,stock,NTPC,no monthly expiry in DTE window,,,,,,,
2026-04-09 10:00:00,stock,RELIANCE,no monthly expiry in DTE window,,,,,,,
2026-04-09 10:00:00,stock,SBIN,no monthly expiry in DTE window,,,,,,,
2026-04-09 10:00:00,stock,TCS,no monthly expiry in DTE window,,,,,,,
2026-04-09 10:00:00,stock,TRENT,no spot/IV,,,,,,,
2026-04-10 10:00:00,index,NIFTY,no option tape 2026-04-21 K=24250.0,0.1745229165615086,,,,,5,
2026-04-10 10:00:00,stock,ADANIENT,no spot/IV,,,,,,,
2026-04-10 10:00:00,stock,AXISBANK,no monthly expiry in DTE window,,,,,,,
2026-04-10 10:00:00,stock,BAJAJFINSV,no monthly expiry in DTE window,,,,,,,
2026-04-10 10:00:00,stock,BAJFINANCE,no monthly expiry in DTE window,,,,,,,
2026-04-10 10:00:00,stock,BHARTIARTL,no monthly expiry in DTE window,,,,,,,
2026-04-10 10:00:00,stock,DRREDDY,no monthly expiry in DTE window,,,,,,,
2026-04-10 10:00:00,stock,GRASIM,no monthly expiry in DTE window,,,,,,,
2026-04-10 10:00:00,stock,HDFCBANK,no monthly expiry in DTE window,,,,,,,
2026-04-10 10:00:00,stock,ICICIBANK,no monthly expiry in DTE window,,,,,,,
2026-04-10 10:00:00,stock,INFY,no monthly expiry in DTE window,,,,,,,
2026-04-10 10:00:00,stock,ITC,no monthly expiry in DTE window,,,,,,,
2026-04-10 10:00:00,stock,KOTAKBANK,no monthly expiry in DTE window,,,,,,,
2026-04-10 10:00:00,stock,LT,no monthly expiry in DTE window,,,,,,,
2026-04-10 10:00:00,stock,NTPC,no monthly expiry in DTE window,,,,,,,
2026-04-10 10:00:00,stock,RELIANCE,no monthly expiry in DTE window,,,,,,,
2026-04-10 10:00:00,stock,SBIN,no monthly expiry in DTE window,,,,,,,
2026-04-10 10:00:00,stock,TCS,no monthly expiry in DTE window,,,,,,,
2026-04-10 10:00:00,stock,TRENT,no spot/IV,,,,,,,
2026-04-13 10:00:00,index,NIFTY,no IV/RV forecast,0.2165512539158295,,,,0.0,5,
2026-04-13 10:00:00,stock,ADANIENT,no spot/IV,,,,,,,
2026-04-13 10:00:00,stock,AXISBANK,"event in option life [entry, expiry]",,,,,,,
2026-04-13 10:00:00,stock,BAJAJFINSV,no option tape,0.29489871146159646,0.4003081197763042,,,,"5,20,60",
2026-04-13 10:00:00,stock,BAJFINANCE,"event in option life [entry, expiry]",,,,,,,
2026-04-13 10:00:00,stock,BHARTIARTL,"event in option life [entry, expiry]",,,,,,,
2026-04-13 10:00:00,stock,DRREDDY,no option tape,0.26833708087053937,0.2532872206670102,,,,"5,20,60",
2026-04-13 10:00:00,stock,GRASIM,no option tape,0.31203301022468943,0.3624558109824679,,,,"5,20,60",
2026-04-13 10:00:00,stock,HDFCBANK,"event in option life [entry, expiry]",,,,,,,
2026-04-13 10:00:00,stock,ICICIBANK,"event in option life [entry, expiry]",,,,,,,
2026-04-13 10:00:00,stock,INFY,"event in option life [entry, expiry]",,,,,,,
2026-04-13 10:00:00,stock,ITC,"event in option life [entry, expiry]",,,,,,,
2026-04-13 10:00:00,stock,KOTAKBANK,"event in option life [entry, expiry]",,,,,,,
2026-04-13 10:00:00,stock,LT,"event in option life [entry, expiry]",,,,,,,
2026-04-13 10:00:00,stock,NTPC,no option tape,0.2380530299528486,0.21273297555285936,,,,"5,20,60",
2026-04-13 10:00:00,stock,RELIANCE,"event in option life [entry, expiry]",,,,,,,
2026-04-13 10:00:00,stock,SBIN,"event in option life [entry, expiry]",,,,,,,
2026-04-13 10:00:00,stock,TCS,no option tape 2026-05-26 K=2500.0,0.273000743163646,,,,,5,
2026-04-13 10:00:00,stock,TRENT,no spot/IV,,,,,,,
2026-04-15 10:00:00,index,NIFTY,no option tape 2026-04-28 K=24250.0,0.17991015402936802,,,,,5,
2026-04-15 10:00:00,stock,ADANIENT,no spot/IV,,,,,,,
2026-04-15 10:00:00,stock,AXISBANK,"event in option life [entry, expiry]",,,,,,,
2026-04-15 10:00:00,stock,BAJAJFINSV,no option tape,0.28435679053779844,0.41244662195246795,,,,"5,20,60",
2026-04-15 10:00:00,stock,BAJFINANCE,"event in option life [entry, expiry]",,,,,,,
2026-04-15 10:00:00,stock,BHARTIARTL,"event in option life [entry, expiry]",,,,,,,
2026-04-15 10:00:00,stock,DRREDDY,no option tape,0.30047316255582124,0.24985453136761632,,,,"5,20,60",
2026-04-15 10:00:00,stock,GRASIM,no option tape,0.287306617139277,0.363108234042688,,,,"5,20,60",
2026-04-15 10:00:00,stock,HDFCBANK,"event in option life [entry, expiry]",,,,,,,
2026-04-15 10:00:00,stock,ICICIBANK,"event in option life [entry, expiry]",,,,,,,
2026-04-15 10:00:00,stock,INFY,"event in option life [entry, expiry]",,,,,,,
2026-04-15 10:00:00,stock,ITC,"event in option life [entry, expiry]",,,,,,,
2026-04-15 10:00:00,stock,KOTAKBANK,"event in option life [entry, expiry]",,,,,,,
2026-04-15 10:00:00,stock,LT,"event in option life [entry, expiry]",,,,,,,
2026-04-15 10:00:00,stock,NTPC,no option tape,0.21626926368327815,0.2193394525696179,,,,"5,20,60",
2026-04-15 10:00:00,stock,RELIANCE,"event in option life [entry, expiry]",,,,,,,
2026-04-15 10:00:00,stock,SBIN,"event in option life [entry, expiry]",,,,,,,
2026-04-15 10:00:00,stock,TCS,no option tape 2026-05-26 K=2580.0,0.2572966697514745,,,,,5,
2026-04-15 10:00:00,stock,TRENT,no spot/IV,,,,,,,
2026-04-16 10:00:00,index,NIFTY,no option tape 2026-04-28 K=24350.0,0.16159649398660952,,,,,5,
2026-04-16 10:00:00,stock,ADANIENT,no spot/IV,,,,,,,
2026-04-16 10:00:00,stock,AXISBANK,"event in option life [entry, expiry]",,,,,,,
2026-04-16 10:00:00,stock,BAJAJFINSV,no option tape,0.27639898561627013,0.30653275912820077,,,,"5,20,60",
2026-04-16 10:00:00,stock,BAJFINANCE,"event in option life [entry, expiry]",,,,,,,
2026-04-16 10:00:00,stock,BHARTIARTL,"event in option life [entry, expiry]",,,,,,,
2026-04-16 10:00:00,stock,DRREDDY,no option tape,0.2838061306144408,0.2460655212194923,,,,"5,20,60",
2026-04-16 10:00:00,stock,GRASIM,no option tape,0.29749470665240063,0.26569141141658986,,,,"5,20,60",
2026-04-16 10:00:00,stock,HDFCBANK,"event in option life [entry, expiry]",,,,,,,
2026-04-16 10:00:00,stock,ICICIBANK,"event in option life [entry, expiry]",,,,,,,
2026-04-16 10:00:00,stock,INFY,"event in option life [entry, expiry]",,,,,,,
2026-04-16 10:00:00,stock,ITC,"event in option life [entry, expiry]",,,,,,,
2026-04-16 10:00:00,stock,KOTAKBANK,"event in option life [entry, expiry]",,,,,,,
2026-04-16 10:00:00,stock,LT,"event in option life [entry, expiry]",,,,,,,
2026-04-16 10:00:00,stock,NTPC,no option tape,0.2094935511384658,0.2051796277364966,,,,"5,20,60",
2026-04-16 10:00:00,stock,RELIANCE,"event in option life [entry, expiry]",,,,,,,
2026-04-16 10:00:00,stock,SBIN,"event in option life [entry, expiry]",,,,,,,
2026-04-16 10:00:00,stock,TCS,no option tape 2026-05-26 K=2580.0,0.24672715387245372,,,,,5,
2026-04-16 10:00:00,stock,TRENT,no spot/IV,,,,,,,
2026-04-17 10:00:00,index,NIFTY,no option tape 2026-04-28 K=24350.0,0.1623835447141974,,,,,5,
2026-04-17 10:00:00,stock,ADANIENT,no spot/IV,,,,,,,
2026-04-17 10:00:00,stock,AXISBANK,"event in option life [entry, expiry]",,,,,,,
2026-04-17 10:00:00,stock,BAJAJFINSV,no option tape,0.2754056867795594,0.3013981076368532,,,,"5,20,60",
2026-04-17 10:00:00,stock,BAJFINANCE,"event in option life [entry, expiry]",,,,,,,
2026-04-17 10:00:00,stock,BHARTIARTL,"event in option life [entry, expiry]",,,,,,,
2026-04-17 10:00:00,stock,DRREDDY,no option tape,0.2541279715168783,0.23890258685091112,,,,"5,20,60",
2026-04-17 10:00:00,stock,GRASIM,no option tape,0.27673903620577694,0.2556208817895969,,,,"5,20,60",
2026-04-17 10:00:00,stock,HDFCBANK,"event in option life [entry, expiry]",,,,,,,
2026-04-17 10:00:00,stock,ICICIBANK,"event in option life [entry, expiry]",,,,,,,
2026-04-17 10:00:00,stock,INFY,"event in option life [entry, expiry]",,,,,,,
2026-04-17 10:00:00,stock,ITC,"event in option life [entry, expiry]",,,,,,,
2026-04-17 10:00:00,stock,KOTAKBANK,"event in option life [entry, expiry]",,,,,,,
2026-04-17 10:00:00,stock,LT,"event in option life [entry, expiry]",,,,,,,
2026-04-17 10:00:00,stock,NTPC,no option tape,0.2137406494512558,0.20030441606024585,,,,"5,20,60",
2026-04-17 10:00:00,stock,RELIANCE,"event in option life [entry, expiry]",,,,,,,
2026-04-17 10:00:00,stock,SBIN,"event in option life [entry, expiry]",,,,,,,
2026-04-17 10:00:00,stock,TCS,no IV/RV forecast,0.23787588413928787,,,,0.0,5,
2026-04-17 10:00:00,stock,TRENT,no spot/IV,,,,,,,
2026-04-20 10:00:00,index,NIFTY,no IV/RV forecast,0.23787914707213184,,,,0.0,5,
2026-04-20 10:00:00,stock,ADANIENT,no spot/IV,,,,,,,
2026-04-20 10:00:00,stock,AXISBANK,"event in option life [entry, expiry]",,,,,,,
2026-04-20 10:00:00,stock,BAJAJFINSV,no option tape,0.2856921458418377,0.281579595642539,,,,"5,20,60",
2026-04-20 10:00:00,stock,BAJFINANCE,"event in option life [entry, expiry]",,,,,,,
2026-04-20 10:00:00,stock,BHARTIARTL,"event in option life [entry, expiry]",,,,,,,
2026-04-20 10:00:00,stock,DRREDDY,no option tape,0.27735154924480476,0.22560582627912262,,,,"5,20,60",
2026-04-20 10:00:00,stock,GRASIM,no option tape,0.28529460843397964,0.2654838998543765,,,,"5,20,60",
2026-04-20 10:00:00,stock,HDFCBANK,no option tape 2026-05-26 K=810.0,0.2641735156584579,,,,,5,
2026-04-20 10:00:00,stock,ICICIBANK,"event in option life [entry, expiry]",,,,,,,
2026-04-20 10:00:00,stock,INFY,no IV/RV forecast,0.38787041682668816,,,,0.0,5,
2026-04-20 10:00:00,stock,ITC,"event in option life [entry, expiry]",,,,,,,
2026-04-20 10:00:00,stock,KOTAKBANK,"event in option life [entry, expiry]",,,,,,,
2026-04-20 10:00:00,stock,LT,"event in option life [entry, expiry]",,,,,,,
2026-04-20 10:00:00,stock,NTPC,no option tape,0.21358174008612404,0.20755219356592955,,,,"5,20,60",
2026-04-20 10:00:00,stock,RELIANCE,"event in option life [entry, expiry]",,,,,,,
2026-04-20 10:00:00,stock,SBIN,"event in option life [entry, expiry]",,,,,,,
2026-04-20 10:00:00,stock,TCS,no IV/RV forecast,0.25303990956315564,,,,0.0,5,
2026-04-20 10:00:00,stock,TRENT,no spot/IV,,,,,,,
2026-04-21 10:00:00,index,NIFTY,no IV/RV forecast,0.17995178915711466,,,,0.0,5,
2026-04-21 10:00:00,stock,ADANIENT,no spot/IV,,,,,,,
2026-04-21 10:00:00,stock,AXISBANK,"event in option life [entry, expiry]",,,,,,,
2026-04-21 10:00:00,stock,BAJAJFINSV,no option tape,0.2865882162380755,0.2802973241834918,,,,"5,20,60",
2026-04-21 10:00:00,stock,BAJFINANCE,"event in option life [entry, expiry]",,,,,,,
2026-04-21 10:00:00,stock,BHARTIARTL,"event in option life [entry, expiry]",,,,,,,
2026-04-21 10:00:00,stock,DRREDDY,no option tape,0.27650006167468305,0.23027370329894772,,,,"5,20,60",
2026-04-21 10:00:00,stock,GRASIM,no option tape,0.24886413589899864,0.2598086745329163,,,,"5,20,60",
2026-04-21 10:00:00,stock,HDFCBANK,no option tape 2026-05-26 K=810.0,0.2514796622743443,,,,,5,
2026-04-21 10:00:00,stock,ICICIBANK,"event in option life [entry, expiry]",,,,,,,
2026-04-21 10:00:00,stock,INFY,no IV/RV forecast,0.31102363285547996,,,,0.0,5,
2026-04-21 10:00:00,stock,ITC,"event in option life [entry, expiry]",,,,,,,
2026-04-21 10:00:00,stock,KOTAKBANK,"event in option life [entry, expiry]",,,,,,,
2026-04-21 10:00:00,stock,LT,"event in option life [entry, expiry]",,,,,,,
2026-04-21 10:00:00,stock,NTPC,no option tape,0.25415065453593977,0.1926565407217487,,,,"5,20,60",
2026-04-21 10:00:00,stock,RELIANCE,"event in option life [entry, expiry]",,,,,,,
2026-04-21 10:00:00,stock,SBIN,"event in option life [entry, expiry]",,,,,,,
2026-04-21 10:00:00,stock,TCS,no option tape 2026-05-26 K=2620.0,0.2420692555709621,,,,,5,
2026-04-21 10:00:00,stock,TRENT,no spot/IV,,,,,,,
2026-04-22 10:00:00,index,NIFTY,no IV/RV forecast,0.1810604777069505,,,,0.0,5,
2026-04-22 10:00:00,stock,ADANIENT,no spot/IV,,,,,,,
2026-04-22 10:00:00,stock,AXISBANK,"event in option life [entry, expiry]",,,,,,,
2026-04-22 10:00:00,stock,BAJAJFINSV,no option tape,0.29012535896196046,0.2478312888791593,,,,"5,20,60",
2026-04-22 10:00:00,stock,BAJFINANCE,"event in option life [entry, expiry]",,,,,,,
2026-04-22 10:00:00,stock,BHARTIARTL,"event in option life [entry, expiry]",,,,,,,
2026-04-22 10:00:00,stock,DRREDDY,no option tape,0.28340052589336856,0.21743803448568388,,,,"5,20,60",
2026-04-22 10:00:00,stock,GRASIM,no option tape,0.27216622520543443,0.2390968972798241,,,,"5,20,60",
2026-04-22 10:00:00,stock,HDFCBANK,no option tape 2026-05-26 K=810.0,0.24954930126668265,,,,,5,
2026-04-22 10:00:00,stock,ICICIBANK,"event in option life [entry, expiry]",,,,,,,
2026-04-22 10:00:00,stock,INFY,no IV/RV forecast,0.33853116043837517,,,,0.0,5,
2026-04-22 10:00:00,stock,ITC,"event in option life [entry, expiry]",,,,,,,
2026-04-22 10:00:00,stock,KOTAKBANK,"event in option life [entry, expiry]",,,,,,,
2026-04-22 10:00:00,stock,LT,"event in option life [entry, expiry]",,,,,,,
2026-04-22 10:00:00,stock,NTPC,no option tape,0.25815017852993594,0.2123234016149115,,,,"5,20,60",
2026-04-22 10:00:00,stock,RELIANCE,no IV/RV forecast,0.2500174360149589,,,,0.0,5,
2026-04-22 10:00:00,stock,SBIN,"event in option life [entry, expiry]",,,,,,,
2026-04-22 10:00:00,stock,TCS,no IV/RV forecast,0.24115818122604232,,,,0.0,5,
2026-04-22 10:00:00,stock,TRENT,no spot/IV,,,,,,,
2026-04-23 10:00:00,index,NIFTY,no IV/RV forecast,0.17207498730815995,,,,0.0,5,
2026-04-23 10:00:00,stock,ADANIENT,no spot/IV,,,,,,,
2026-04-23 10:00:00,stock,AXISBANK,"event in option life [entry, expiry]",,,,,,,
2026-04-23 10:00:00,stock,BAJAJFINSV,no option tape,0.3131866973655779,0.2865299150283576,,,,"5,20,60",
2026-04-23 10:00:00,stock,BAJFINANCE,"event in option life [entry, expiry]",,,,,,,
2026-04-23 10:00:00,stock,BHARTIARTL,"event in option life [entry, expiry]",,,,,,,
2026-04-23 10:00:00,stock,DRREDDY,no option tape,0.3043546511879053,0.5137314725052508,,,,"5,20,60",
2026-04-23 10:00:00,stock,GRASIM,no option tape,0.16199059889435075,0.2476303077141349,,,,"5,20,60",
2026-04-23 10:00:00,stock,HDFCBANK,no IV/RV forecast,0.26477465652710275,,,,0.0,5,
2026-04-23 10:00:00,stock,ICICIBANK,"event in option life [entry, expiry]",,,,,,,
2026-04-23 10:00:00,stock,INFY,no option tape 2026-05-26 K=1260.0,0.3560703578767578,,,,,5,
2026-04-23 10:00:00,stock,ITC,"event in option life [entry, expiry]",,,,,,,
2026-04-23 10:00:00,stock,KOTAKBANK,"event in option life [entry, expiry]",,,,,,,
2026-04-23 10:00:00,stock,LT,"event in option life [entry, expiry]",,,,,,,
2026-04-23 10:00:00,stock,NTPC,no option tape,0.2551830323715545,0.21158237818124587,,,,"5,20,60",
2026-04-23 10:00:00,stock,RELIANCE,no IV/RV forecast,0.26356639604166,,,,0.0,5,
2026-04-23 10:00:00,stock,SBIN,"event in option life [entry, expiry]",,,,,,,
2026-04-23 10:00:00,stock,TCS,no IV/RV forecast,0.2520256761787156,,,,0.0,5,
2026-04-23 10:00:00,stock,TRENT,no spot/IV,,,,,,,
2026-04-24 10:00:00,stock,ADANIENT,no spot/IV,,,,,,,
2026-04-24 10:00:00,stock,AXISBANK,"event in option life [entry, expiry]",,,,,,,
2026-04-24 10:00:00,stock,BAJAJFINSV,no option tape,0.3023375820157418,0.2889259811699067,,,,"5,20,60",
2026-04-24 10:00:00,stock,BAJFINANCE,"event in option life [entry, expiry]",,,,,,,
2026-04-24 10:00:00,stock,BHARTIARTL,"event in option life [entry, expiry]",,,,,,,
2026-04-24 10:00:00,stock,DRREDDY,no option tape,0.28704605428147956,0.5082835947855476,,,,"5,20,60",
2026-04-24 10:00:00,stock,GRASIM,no option tape,0.181862792665749,0.23802287650731943,,,,"5,20,60",
2026-04-24 10:00:00,stock,ICICIBANK,"event in option life [entry, expiry]",,,,,,,
2026-04-24 10:00:00,stock,INFY,no option tape 2026-05-26 K=1180.0,0.3220689749294142,0.5054805072190185,,,,"5,20",
2026-04-24 10:00:00,stock,ITC,"event in option life [entry, expiry]",,,,,,,
2026-04-24 10:00:00,stock,KOTAKBANK,"event in option life [entry, expiry]",,,,,,,
2026-04-24 10:00:00,stock,LT,"event in option life [entry, expiry]",,,,,,,
2026-04-24 10:00:00,stock,NTPC,no option tape,0.2673098746286826,0.2030292913310774,,,,"5,20,60",
2026-04-24 10:00:00,stock,RELIANCE,no option tape 2026-05-26 K=1340.0,0.2750971157739383,0.22707723473423677,,,,"5,20",
2026-04-24 10:00:00,stock,SBIN,"event in option life [entry, expiry]",,,,,,,
2026-04-24 10:00:00,stock,TCS,no option tape 2026-05-26 K=2440.0,0.2767929883213222,0.3798007695081635,,,,"5,20",
2026-04-24 10:00:00,stock,TRENT,no spot/IV,,,,,,,
2026-04-27 10:00:00,stock,ADANIENT,no spot/IV,,,,,,,
2026-04-27 10:00:00,stock,AXISBANK,no option tape 2026-05-26 K=1320.0,0.2567791935548238,0.30846429687905236,,,,"5,20",
2026-04-27 10:00:00,stock,BAJAJFINSV,no option tape,0.32365662931257555,0.2855986331849726,,,,"5,20,60",
2026-04-27 10:00:00,stock,BAJFINANCE,"event in option life [entry, expiry]",,,,,,,
2026-04-27 10:00:00,stock,BHARTIARTL,"event in option life [entry, expiry]",,,,,,,
2026-04-27 10:00:00,stock,DRREDDY,no option tape,0.3975881497910022,0.5126764183110335,,,,"5,20,60",
2026-04-27 10:00:00,stock,GRASIM,no option tape,0.2787001738191429,0.23688521251295722,,,,"5,20,60",
2026-04-27 10:00:00,stock,INFY,no option tape 2026-05-26 K=1180.0,0.29927148709464596,0.5094863968692093,,,,"5,20",
2026-04-27 10:00:00,stock,ITC,"event in option life [entry, expiry]",,,,,,,
2026-04-27 10:00:00,stock,LT,"event in option life [entry, expiry]",,,,,,,
2026-04-27 10:00:00,stock,NTPC,no option tape,0.24712754347833765,0.22200324338475141,,,,"5,20,60",
2026-04-27 10:00:00,stock,SBIN,"event in option life [entry, expiry]",,,,,,,
2026-04-27 10:00:00,stock,TCS,no option tape 2026-05-26 K=2440.0,0.27338274105467164,0.39875407572052257,,,,"5,20",
2026-04-27 10:00:00,stock,TRENT,no spot/IV,,,,,,,
2026-04-28 10:00:00,stock,ADANIENT,no spot/IV,,,,,,,
2026-04-28 10:00:00,stock,BAJAJFINSV,no option tape,0.31792278605155105,0.27661763749907564,,,,"5,20,60",
2026-04-28 10:00:00,stock,BAJFINANCE,"event in option life [entry, expiry]",,,,,,,
2026-04-28 10:00:00,stock,BHARTIARTL,"event in option life [entry, expiry]",,,,,,,
2026-04-28 10:00:00,stock,DRREDDY,no option tape,0.34515151392688476,0.5121838240715899,,,,"5,20,60",
2026-04-28 10:00:00,stock,GRASIM,no option tape,0.3322722138189708,0.2218879290238584,,,,"5,20,60",
2026-04-28 10:00:00,stock,ITC,"event in option life [entry, expiry]",,,,,,,
2026-04-28 10:00:00,stock,LT,"event in option life [entry, expiry]",,,,,,,
2026-04-28 10:00:00,stock,NTPC,no option tape,0.24698513795912252,0.22438647895263922,,,,"5,20,60",
2026-04-28 10:00:00,stock,SBIN,"event in option life [entry, expiry]",,,,,,,
2026-04-28 10:00:00,stock,TCS,no option tape 2026-05-26 K=2480.0,0.26725514780407417,0.39311040262880065,,,,"5,20",
2026-04-28 10:00:00,stock,TRENT,no spot/IV,,,,,,,
2026-04-29 10:00:00,stock,ADANIENT,no spot/IV,,,,,,,
2026-04-29 10:00:00,stock,BAJAJFINSV,no option tape,0.30651701756102534,0.2723702904978523,,,,"5,20,60",
2026-04-29 10:00:00,stock,BAJFINANCE,"event in option life [entry, expiry]",,,,,,,
2026-04-29 10:00:00,stock,BHARTIARTL,"event in option life [entry, expiry]",,,,,,,
2026-04-29 10:00:00,stock,DRREDDY,no option tape,0.3335634283988046,0.5201068171892821,,,,"5,20,60",
2026-04-29 10:00:00,stock,GRASIM,no option tape,0.28334353951479196,0.22457209491980457,,,,"5,20,60",
2026-04-29 10:00:00,stock,ITC,"event in option life [entry, expiry]",,,,,,,
2026-04-29 10:00:00,stock,LT,"event in option life [entry, expiry]",,,,,,,
2026-04-29 10:00:00,stock,NTPC,no option tape,0.25355821755178665,0.20676826585050315,,,,"5,20,60",
2026-04-29 10:00:00,stock,SBIN,"event in option life [entry, expiry]",,,,,,,
2026-04-29 10:00:00,stock,TCS,no option tape 2026-05-26 K=2500.0,0.2556645608704261,0.3700661814319982,,,,"5,20",
2026-04-29 10:00:00,stock,TRENT,no spot/IV,,,,,,,
2026-04-30 10:00:00,stock,ADANIENT,no spot/IV,,,,,,,
2026-04-30 10:00:00,stock,BAJAJFINSV,no option tape,0.3270654952578393,0.23151608898432918,,,,"5,20,60",
2026-04-30 10:00:00,stock,BAJFINANCE,no option tape 2026-05-26 K=950.0,0.31646387977873375,0.2262330290966662,,,,"5,20",
2026-04-30 10:00:00,stock,BHARTIARTL,"event in option life [entry, expiry]",,,,,,,
2026-04-30 10:00:00,stock,DRREDDY,no option tape,0.26470347301699026,0.29955000396578213,,,,"5,20,60",
2026-04-30 10:00:00,stock,GRASIM,no option tape,0.2710711789973227,0.20608262809374855,,,,"5,20,60",
2026-04-30 10:00:00,stock,ITC,"event in option life [entry, expiry]",,,,,,,
2026-04-30 10:00:00,stock,LT,"event in option life [entry, expiry]",,,,,,,
2026-04-30 10:00:00,stock,NTPC,no option tape,0.23455897393343123,0.20346193599675486,,,,"5,20,60",
2026-04-30 10:00:00,stock,SBIN,"event in option life [entry, expiry]",,,,,,,
2026-04-30 10:00:00,stock,TRENT,no spot/IV,,,,,,,
2026-05-04 10:00:00,stock,ADANIENT,no spot/IV,,,,,,,
2026-05-04 10:00:00,stock,BAJAJFINSV,no option tape,0.2868167270991998,0.2327328200797054,,,,"5,20,60",
2026-05-04 10:00:00,stock,BHARTIARTL,"event in option life [entry, expiry]",,,,,,,
2026-05-04 10:00:00,stock,DRREDDY,no option tape,0.27812135692575735,0.31808983093381255,,,,"5,20,60",
2026-05-04 10:00:00,stock,GRASIM,no option tape,0.2840393462334688,0.23212235417413293,,,,"5,20,60",
2026-05-04 10:00:00,stock,ITC,"event in option life [entry, expiry]",,,,,,,
2026-05-04 10:00:00,stock,LT,"event in option life [entry, expiry]",,,,,,,
2026-05-04 10:00:00,stock,NTPC,no option tape,0.23786273274160613,0.19857793468541457,,,,"5,20,60",
2026-05-04 10:00:00,stock,SBIN,"event in option life [entry, expiry]",,,,,,,
2026-05-04 10:00:00,stock,TRENT,no spot/IV,,,,,,,
2026-05-05 10:00:00,stock,ADANIENT,no spot/IV,,,,,,,
2026-05-05 10:00:00,stock,BAJAJFINSV,no option tape,0.2776989394058945,0.24299582583503226,,,,"5,20,60",
2026-05-05 10:00:00,stock,BAJFINANCE,no option tape 2026-05-26 K=940.0,0.31548132224187975,0.2395819074312835,,,,"5,20",
2026-05-05 10:00:00,stock,BHARTIARTL,"event in option life [entry, expiry]",,,,,,,
2026-05-05 10:00:00,stock,DRREDDY,no option tape,0.26445499447512766,0.3185146301153293,,,,"5,20,60",
2026-05-05 10:00:00,stock,GRASIM,no option tape,0.2765817973093607,0.22258692833697652,,,,"5,20,60",
2026-05-05 10:00:00,stock,ITC,"event in option life [entry, expiry]",,,,,,,
2026-05-05 10:00:00,stock,LT,"event in option life [entry, expiry]",,,,,,,
2026-05-05 10:00:00,stock,NTPC,no option tape,0.2271593793104006,0.17103905764940522,,,,"5,20,60",
2026-05-05 10:00:00,stock,SBIN,"event in option life [entry, expiry]",,,,,,,
2026-05-05 10:00:00,stock,TRENT,no spot/IV,,,,,,,
2026-05-06 10:00:00,stock,ADANIENT,no spot/IV,,,,,,,
2026-05-06 10:00:00,stock,BAJAJFINSV,no monthly expiry in DTE window,,,,,,,
2026-05-06 10:00:00,stock,BAJFINANCE,no monthly expiry in DTE window,,,,,,,
2026-05-06 10:00:00,stock,BHARTIARTL,no monthly expiry in DTE window,,,,,,,
2026-05-06 10:00:00,stock,DRREDDY,no monthly expiry in DTE window,,,,,,,
2026-05-06 10:00:00,stock,GRASIM,no monthly expiry in DTE window,,,,,,,
2026-05-06 10:00:00,stock,ITC,no monthly expiry in DTE window,,,,,,,
2026-05-06 10:00:00,stock,LT,no monthly expiry in DTE window,,,,,,,
2026-05-06 10:00:00,stock,NTPC,no monthly expiry in DTE window,,,,,,,
2026-05-06 10:00:00,stock,SBIN,no monthly expiry in DTE window,,,,,,,
2026-05-06 10:00:00,stock,TRENT,no spot/IV,,,,,,,
2026-05-07 10:00:00,stock,ADANIENT,no spot/IV,,,,,,,
2026-05-07 10:00:00,stock,BAJAJFINSV,no monthly expiry in DTE window,,,,,,,
2026-05-07 10:00:00,stock,BAJFINANCE,no monthly expiry in DTE window,,,,,,,
2026-05-07 10:00:00,stock,BHARTIARTL,no monthly expiry in DTE window,,,,,,,
2026-05-07 10:00:00,stock,DRREDDY,no monthly expiry in DTE window,,,,,,,
2026-05-07 10:00:00,stock,GRASIM,no monthly expiry in DTE window,,,,,,,
2026-05-07 10:00:00,stock,ITC,no monthly expiry in DTE window,,,,,,,
2026-05-07 10:00:00,stock,LT,no monthly expiry in DTE window,,,,,,,
2026-05-07 10:00:00,stock,NTPC,no monthly expiry in DTE window,,,,,,,
2026-05-07 10:00:00,stock,SBIN,no monthly expiry in DTE window,,,,,,,
2026-05-07 10:00:00,stock,TRENT,no spot/IV,,,,,,,
2026-05-08 10:00:00,stock,ADANIENT,no spot/IV,,,,,,,
2026-05-08 10:00:00,stock,BAJAJFINSV,no monthly expiry in DTE window,,,,,,,
2026-05-08 10:00:00,stock,BAJFINANCE,no monthly expiry in DTE window,,,,,,,
2026-05-08 10:00:00,stock,BHARTIARTL,no monthly expiry in DTE window,,,,,,,
2026-05-08 10:00:00,stock,DRREDDY,no monthly expiry in DTE window,,,,,,,
2026-05-08 10:00:00,stock,GRASIM,no monthly expiry in DTE window,,,,,,,
2026-05-08 10:00:00,stock,ITC,no monthly expiry in DTE window,,,,,,,
2026-05-08 10:00:00,stock,LT,no monthly expiry in DTE window,,,,,,,
2026-05-08 10:00:00,stock,NTPC,no monthly expiry in DTE window,,,,,,,
2026-05-08 10:00:00,stock,SBIN,no monthly expiry in DTE window,,,,,,,
2026-05-08 10:00:00,stock,TRENT,no spot/IV,,,,,,,
2026-05-11 10:00:00,stock,ADANIENT,no spot/IV,,,,,,,
2026-05-11 10:00:00,stock,BAJAJFINSV,no monthly expiry in DTE window,,,,,,,
2026-05-11 10:00:00,stock,BAJFINANCE,no monthly expiry in DTE window,,,,,,,
2026-05-11 10:00:00,stock,BHARTIARTL,no monthly expiry in DTE window,,,,,,,
2026-05-11 10:00:00,stock,DRREDDY,no monthly expiry in DTE window,,,,,,,
2026-05-11 10:00:00,stock,GRASIM,no monthly expiry in DTE window,,,,,,,
2026-05-11 10:00:00,stock,ITC,no monthly expiry in DTE window,,,,,,,
2026-05-11 10:00:00,stock,LT,no monthly expiry in DTE window,,,,,,,
2026-05-11 10:00:00,stock,NTPC,no monthly expiry in DTE window,,,,,,,
2026-05-11 10:00:00,stock,SBIN,no monthly expiry in DTE window,,,,,,,
2026-05-11 10:00:00,stock,TRENT,no spot/IV,,,,,,,
2026-05-12 10:00:00,stock,ADANIENT,no spot/IV,,,,,,,
2026-05-12 10:00:00,stock,BAJAJFINSV,no monthly expiry in DTE window,,,,,,,
2026-05-12 10:00:00,stock,BAJFINANCE,no monthly expiry in DTE window,,,,,,,
2026-05-12 10:00:00,stock,BHARTIARTL,no monthly expiry in DTE window,,,,,,,
2026-05-12 10:00:00,stock,DRREDDY,no monthly expiry in DTE window,,,,,,,
2026-05-12 10:00:00,stock,GRASIM,no monthly expiry in DTE window,,,,,,,
2026-05-12 10:00:00,stock,ITC,no monthly expiry in DTE window,,,,,,,
2026-05-12 10:00:00,stock,LT,no monthly expiry in DTE window,,,,,,,
2026-05-12 10:00:00,stock,NTPC,no monthly expiry in DTE window,,,,,,,
2026-05-12 10:00:00,stock,SBIN,no monthly expiry in DTE window,,,,,,,
2026-05-12 10:00:00,stock,TRENT,no spot/IV,,,,,,,
2026-05-13 10:00:00,stock,ADANIENT,no spot/IV,,,,,,,
2026-05-13 10:00:00,stock,BAJAJFINSV,no monthly expiry in DTE window,,,,,,,
2026-05-13 10:00:00,stock,BAJFINANCE,no monthly expiry in DTE window,,,,,,,
2026-05-13 10:00:00,stock,BHARTIARTL,no monthly expiry in DTE window,,,,,,,
2026-05-13 10:00:00,stock,DRREDDY,no monthly expiry in DTE window,,,,,,,
2026-05-13 10:00:00,stock,GRASIM,no monthly expiry in DTE window,,,,,,,
2026-05-13 10:00:00,stock,ITC,no monthly expiry in DTE window,,,,,,,
2026-05-13 10:00:00,stock,LT,no monthly expiry in DTE window,,,,,,,
2026-05-13 10:00:00,stock,NTPC,no monthly expiry in DTE window,,,,,,,
2026-05-13 10:00:00,stock,SBIN,no monthly expiry in DTE window,,,,,,,
2026-05-13 10:00:00,stock,TRENT,no spot/IV,,,,,,,
2026-05-14 10:00:00,stock,ADANIENT,no spot/IV,,,,,,,
2026-05-14 10:00:00,stock,BAJAJFINSV,no monthly expiry in DTE window,,,,,,,
2026-05-14 10:00:00,stock,BAJFINANCE,no monthly expiry in DTE window,,,,,,,
2026-05-14 10:00:00,stock,BHARTIARTL,no monthly expiry in DTE window,,,,,,,
2026-05-14 10:00:00,stock,DRREDDY,no monthly expiry in DTE window,,,,,,,
2026-05-14 10:00:00,stock,GRASIM,no monthly expiry in DTE window,,,,,,,
2026-05-14 10:00:00,stock,ITC,no monthly expiry in DTE window,,,,,,,
2026-05-14 10:00:00,stock,LT,no monthly expiry in DTE window,,,,,,,
2026-05-14 10:00:00,stock,NTPC,no monthly expiry in DTE window,,,,,,,
2026-05-14 10:00:00,stock,SBIN,no monthly expiry in DTE window,,,,,,,
2026-05-14 10:00:00,stock,TRENT,no spot/IV,,,,,,,
2026-05-15 10:00:00,index,NIFTY,no option tape 2026-05-26 K=23850.0,0.16144106559861512,0.1694138328343722,,,,"5,20",
2026-05-15 10:00:00,stock,ADANIENT,no spot/IV,,,,,,,
2026-05-15 10:00:00,stock,BAJAJFINSV,no monthly expiry in DTE window,,,,,,,
2026-05-15 10:00:00,stock,BAJFINANCE,no monthly expiry in DTE window,,,,,,,
2026-05-15 10:00:00,stock,BHARTIARTL,no monthly expiry in DTE window,,,,,,,
2026-05-15 10:00:00,stock,DRREDDY,no monthly expiry in DTE window,,,,,,,
2026-05-15 10:00:00,stock,GRASIM,no monthly expiry in DTE window,,,,,,,
2026-05-15 10:00:00,stock,ITC,no monthly expiry in DTE window,,,,,,,
2026-05-15 10:00:00,stock,LT,no monthly expiry in DTE window,,,,,,,
2026-05-15 10:00:00,stock,NTPC,no monthly expiry in DTE window,,,,,,,
2026-05-15 10:00:00,stock,SBIN,no monthly expiry in DTE window,,,,,,,
2026-05-15 10:00:00,stock,TRENT,no spot/IV,,,,,,,
2026-05-18 10:00:00,stock,ADANIENT,no spot/IV,,,,,,,
2026-05-18 10:00:00,stock,BAJAJFINSV,no option tape,0.24907752203082423,0.24494323614848568,,,,"5,20,60",
2026-05-18 10:00:00,stock,BHARTIARTL,no option tape 2026-06-30 K=1940.0,0.21724772960012417,0.3739976353987247,,,,"5,20",
2026-05-18 10:00:00,stock,DRREDDY,no option tape,0.2635161305504252,0.33174571324281327,,,,"5,20,60",
2026-05-18 10:00:00,stock,GRASIM,no option tape,0.32547920404844355,0.2268734979210178,,,,"5,20,60",
2026-05-18 10:00:00,stock,ITC,no option tape 2026-06-30 K=310.0,0.24739918693226973,0.18141703306292695,,,,"5,20",
2026-05-18 10:00:00,stock,LT,no option tape 2026-06-30 K=3900.0,0.2897557818841614,0.19802300271666878,,,,"5,20",
2026-05-18 10:00:00,stock,NTPC,no option tape,0.25257767274571163,0.1886165557857382,,,,"5,20,60",
2026-05-18 10:00:00,stock,SBIN,no option tape 2026-06-30 K=950.0,0.2931763546215876,0.2960929601540816,,,,"5,20",
2026-05-18 10:00:00,stock,TRENT,no spot/IV,,,,,,,
2026-05-19 10:00:00,stock,ADANIENT,no spot/IV,,,,,,,
2026-05-19 10:00:00,stock,AXISBANK,no option tape 2026-06-30 K=1260.0,0.2501768272088812,0.15739082316962352,,,,"5,20",
2026-05-19 10:00:00,stock,BAJAJFINSV,no option tape,0.24949942916263343,0.20585401233011483,,,,"5,20,60",
2026-05-19 10:00:00,stock,DRREDDY,no option tape,0.253467,0.33003781391876486,,,,"5,20,60",
2026-05-19 10:00:00,stock,GRASIM,no option tape,0.182919902564542,0.18361663551099025,,,,"5,20,60",
2026-05-19 10:00:00,stock,HDFCBANK,"event in option life [entry, expiry]",,,,,,,
2026-05-19 10:00:00,stock,INFY,no option tape 2026-06-30 K=1200.0,0.2877239442422169,0.4288442087295674,,,,"5,20",
2026-05-19 10:00:00,stock,KOTAKBANK,VRP -0.56pt edge -234 < hurdle 260,0.22079836604923248,0.22637878449248588,-0.002495435618284511,-0.558041844325341,-25.55424326098793,"5,20",long
2026-05-19 10:00:00,stock,LT,no option tape 2026-06-30 K=4000.0,0.27075701688417164,0.1590487891122919,,,,"5,20",
2026-05-19 10:00:00,stock,NTPC,no option tape,0.32548502829615894,0.1871074885213847,,,,"5,20,60",
2026-05-19 10:00:00,stock,RELIANCE,no option tape 2026-06-30 K=1360.0,0.25417634633627556,0.20009234523643477,,,,"5,20",
2026-05-19 10:00:00,stock,SBIN,no option tape 2026-06-30 K=960.0,0.261932556948928,0.29596295817986396,,,,"5,20",
2026-05-19 10:00:00,stock,TCS,no option tape 2026-06-30 K=2340.0,0.27231470198023044,0.24565823692894226,,,,"5,20",
2026-05-19 10:00:00,stock,TRENT,no spot/IV,,,,,,,
2026-05-20 10:00:00,stock,ADANIENT,no spot/IV,,,,,,,
2026-05-20 10:00:00,stock,BAJAJFINSV,no option tape,0.25864040122836773,0.21054541333484647,,,,"5,20,60",
2026-05-20 10:00:00,stock,DRREDDY,no option tape,0.253467,0.3329244951107018,,,,"5,20,60",
2026-05-20 10:00:00,stock,GRASIM,no option tape,0.2600743318852299,0.1812288127983105,,,,"5,20,60",
2026-05-20 10:00:00,stock,HDFCBANK,"event in option life [entry, expiry]",,,,,,,
2026-05-20 10:00:00,stock,INFY,no spot/IV,,,,,,,
2026-05-20 10:00:00,stock,LT,no option tape 2026-06-30 K=4000.0,0.26040614591503686,0.13649965178395682,,,,"5,20",
2026-05-20 10:00:00,stock,NTPC,no spot/IV,,,,,,,
2026-05-20 10:00:00,stock,RELIANCE,|VRP| 0.10pt < 0.25,0.2566741663908733,0.2556471904040854,0.0005261417309470329,0.10269759867879147,0.0,"5,20",short
2026-05-20 10:00:00,stock,SBIN,no option tape 2026-06-30 K=950.0,0.2601026601353157,0.2950834732635034,,,,"5,20",
2026-05-20 10:00:00,stock,TCS,no option tape 2026-06-30 K=2340.0,0.2761330528534257,0.235408171601704,,,,"5,20",
2026-05-20 10:00:00,stock,TRENT,no spot/IV,,,,,,,
2026-05-21 10:00:00,stock,ADANIENT,no spot/IV,,,,,,,
2026-05-21 10:00:00,stock,BAJAJFINSV,no option tape,0.269576133870894,0.21612049770179495,,,,"5,20,60",
2026-05-21 10:00:00,stock,DRREDDY,no option tape,0.24333300000000002,0.30175128109700733,,,,"5,20,60",
2026-05-21 10:00:00,stock,GRASIM,no option tape,0.23826867908430363,0.36246395306466417,,,,"5,20,60",
2026-05-21 10:00:00,stock,HDFCBANK,"event in option life [entry, expiry]",,,,,,,
2026-05-21 10:00:00,stock,INFY,no spot/IV,,,,,,,
2026-05-21 10:00:00,stock,LT,no option tape 2026-06-30 K=4000.0,0.2429310783939973,0.13128735532554162,,,,"5,20",
2026-05-21 10:00:00,stock,NTPC,no option tape,0.22555823773267292,0.1763313739706083,,,,"5,20,60",
2026-05-21 10:00:00,stock,RELIANCE,no option tape 2026-06-30 K=1360.0,0.2549235214359241,0.258630452690263,,,,"5,20",
2026-05-21 10:00:00,stock,SBIN,no option tape 2026-06-30 K=960.0,0.24050684105696213,0.28955620266185184,,,,"5,20",
2026-05-21 10:00:00,stock,TCS,no option tape 2026-06-30 K=2340.0,0.26488326511386856,0.2171198978769853,,,,"5,20",
2026-05-21 10:00:00,stock,TRENT,no spot/IV,,,,,,,
2026-05-22 10:00:00,stock,ADANIENT,no spot/IV,,,,,,,
2026-05-22 10:00:00,stock,BAJAJFINSV,no option tape,0.24416895857226917,0.20959089278890378,,,,"5,20,60",
2026-05-22 10:00:00,stock,DRREDDY,no option tape,0.24333300000000002,0.21291711602357868,,,,"5,20,60",
2026-05-22 10:00:00,stock,GRASIM,no option tape,0.23989447934908126,0.36031367986301777,,,,"5,20,60",
2026-05-22 10:00:00,stock,HDFCBANK,"event in option life [entry, expiry]",,,,,,,
2026-05-22 10:00:00,stock,INFY,no spot/IV,,,,,,,
2026-05-22 10:00:00,stock,NTPC,no option tape,0.23930810288646967,0.17462823369213565,,,,"5,20,60",
2026-05-22 10:00:00,stock,RELIANCE,no option tape 2026-06-30 K=1370.0,0.23825523140859553,0.2368493836768093,,,,"5,20",
2026-05-22 10:00:00,stock,SBIN,no option tape 2026-06-30 K=960.0,0.24803562883845687,0.2740004009840264,,,,"5,20",
2026-05-22 10:00:00,stock,TCS,no option tape 2026-06-30 K=2340.0,0.2611022622526719,0.21375756504009663,,,,"5,20",
2026-05-22 10:00:00,stock,TRENT,no spot/IV,,,,,,,
2026-05-25 10:00:00,stock,ADANIENT,no spot/IV,,,,,,,
2026-05-25 10:00:00,stock,BAJAJFINSV,no option tape,0.22876340135290174,0.23089826377113984,,,,"5,20,60",
2026-05-25 10:00:00,stock,DRREDDY,no option tape,0.224344,0.23184598079514201,,,,"5,20,60",
2026-05-25 10:00:00,stock,GRASIM,no option tape,0.22257371545515953,0.3607950639631449,,,,"5,20,60",
2026-05-25 10:00:00,stock,HDFCBANK,"event in option life [entry, expiry]",,,,,,,
2026-05-25 10:00:00,stock,NTPC,no option tape,0.18258536608610332,0.15212572489673862,,,,"5,20,60",
2026-05-25 10:00:00,stock,RELIANCE,no option tape 2026-06-30 K=1370.0,0.2334946288716143,0.24133560994081388,,,,"5,20",
2026-05-25 10:00:00,stock,SBIN,no option tape 2026-06-30 K=970.0,0.23553002521046185,0.2688893244109518,,,,"5,20",
2026-05-25 10:00:00,stock,TRENT,no spot/IV,,,,,,,
2026-05-26 10:00:00,stock,ADANIENT,no spot/IV,,,,,,,
2026-05-26 10:00:00,stock,BAJAJFINSV,no option tape,0.22292105215180938,0.23151828614642,,,,"5,20,60",
2026-05-26 10:00:00,stock,DRREDDY,no option tape,0.24797999999999998,0.22937264858579676,,,,"5,20,60",
2026-05-26 10:00:00,stock,GRASIM,no option tape,0.21427711633094154,0.3592724890475286,,,,"5,20,60",
2026-05-26 10:00:00,stock,HDFCBANK,"event in option life [entry, expiry]",,,,,,,
2026-05-26 10:00:00,stock,NTPC,no option tape,0.18511145415742425,0.14548912340441245,,,,"5,20,60",
2026-05-26 10:00:00,stock,SBIN,no option tape 2026-06-30 K=980.0,0.21261671532161627,0.2626418208908278,,,,"5,20",
2026-05-26 10:00:00,stock,TRENT,no spot/IV,,,,,,,
2026-05-27 10:00:00,stock,ADANIENT,no spot/IV,,,,,,,
2026-05-27 10:00:00,stock,BAJAJFINSV,no option tape,0.211829178762585,0.2248549913508202,,,,"5,20,60",
2026-05-27 10:00:00,stock,DRREDDY,no option tape,0.253467,0.22504429439903864,,,,"5,20,60",
2026-05-27 10:00:00,stock,GRASIM,no option tape,0.20788347276314162,0.35470905659210483,,,,"5,20,60",
2026-05-27 10:00:00,stock,HDFCBANK,"event in option life [entry, expiry]",,,,,,,
2026-05-27 10:00:00,stock,NTPC,no option tape,0.18766465715923877,0.1784518956516,,,,"5,20,60",
2026-05-27 10:00:00,stock,SBIN,no option tape 2026-06-30 K=980.0,0.2065660717284266,0.25880195473604134,,,,"5,20",
2026-05-27 10:00:00,stock,TRENT,no spot/IV,,,,,,,
2026-05-29 10:00:00,stock,ADANIENT,no spot/IV,,,,,,,
2026-05-29 10:00:00,stock,BAJAJFINSV,no option tape,0.20599633445878168,0.23017117084203575,,,,"5,20,60",
2026-05-29 10:00:00,stock,DRREDDY,no option tape,0.19654,0.22997375060293995,,,,"5,20,60",
2026-05-29 10:00:00,stock,GRASIM,no option tape,0.20734529131681992,0.22701523136710536,,,,"5,20,60",
2026-05-29 10:00:00,stock,HDFCBANK,"event in option life [entry, expiry]",,,,,,,
2026-05-29 10:00:00,stock,NTPC,no option tape,0.1868469337076644,0.22734872754207594,,,,"5,20,60",
2026-05-29 10:00:00,stock,TRENT,no spot/IV,,,,,,,
2026-06-01 10:00:00,stock,ADANIENT,no option tape,0.3352921935376618,,,,,,
2026-06-01 10:00:00,stock,BAJAJFINSV,no option tape,0.2206722147726926,0.23779505920067634,,,,"5,20,60",
2026-06-01 10:00:00,stock,DRREDDY,no option tape,0.224344,0.23202392392454163,,,,"5,20,60",
2026-06-01 10:00:00,stock,GRASIM,no option tape,0.20219182548681183,0.2293097902354956,,,,"5,20,60",
2026-06-01 10:00:00,stock,HDFCBANK,"event in option life [entry, expiry]",,,,,,,
2026-06-01 10:00:00,stock,NTPC,no option tape,0.20375420095069366,0.2532602934669512,,,,"5,20,60",
2026-06-01 10:00:00,stock,TRENT,no spot/IV,,,,,,,
2026-06-02 10:00:00,stock,ADANIENT,no option tape,0.3355854116176271,,,,,,
2026-06-02 10:00:00,stock,BAJAJFINSV,no option tape,0.22631415585154396,0.21451013210007203,,,,"5,20,60",
2026-06-02 10:00:00,stock,DRREDDY,no option tape,0.20352599999999998,0.21693340028243094,,,,"5,20,60",
2026-06-02 10:00:00,stock,GRASIM,no option tape,0.28085038987491473,0.2227043509640551,,,,"5,20,60",
2026-06-02 10:00:00,stock,HDFCBANK,"event in option life [entry, expiry]",,,,,,,
2026-06-02 10:00:00,stock,NTPC,no option tape,0.2136561761426983,0.2984904083680648,,,,"5,20,60",
2026-06-02 10:00:00,stock,TCS,no option tape 2026-06-30 K=2420.0,0.24317663875631074,0.41356697185843044,,,,"5,20",
2026-06-02 10:00:00,stock,TRENT,no spot/IV,,,,,,,
2026-06-03 10:00:00,stock,ADANIENT,no option tape,0.3449692523956809,,,,,,
2026-06-03 10:00:00,stock,BAJAJFINSV,no option tape,0.2355077871543311,0.21151527935157444,,,,"5,20,60",
2026-06-03 10:00:00,stock,DRREDDY,no option tape,0.197852,0.21947582178679037,,,,"5,20,60",
2026-06-03 10:00:00,stock,GRASIM,no option tape,0.20679366301250945,0.22217577065220942,,,,"5,20,60",
2026-06-03 10:00:00,stock,HDFCBANK,"event in option life [entry, expiry]",,,,,,,
2026-06-03 10:00:00,stock,NTPC,no option tape,0.211020393486573,0.29829166857075873,,,,"5,20,60",
2026-06-03 10:00:00,stock,TRENT,no spot/IV,,,,,,,
2026-06-04 10:00:00,stock,ADANIENT,no option tape,0.3387595377725756,,,,,,
2026-06-04 10:00:00,stock,BAJAJFINSV,no option tape,0.2388380588703814,0.21673295215598315,,,,"5,20,60",
2026-06-04 10:00:00,stock,DRREDDY,no option tape,0.20352599999999998,0.20894993520411503,,,,"5,20,60",
2026-06-04 10:00:00,stock,GRASIM,no option tape,0.20144152744910568,0.2174094447821925,,,,"5,20,60",
2026-06-04 10:00:00,stock,HDFCBANK,"event in option life [entry, expiry]",,,,,,,
2026-06-04 10:00:00,stock,NTPC,no option tape,0.2240485268246028,0.27818090842147203,,,,"5,20,60",
2026-06-04 10:00:00,stock,TRENT,no spot/IV,,,,,,,
2026-06-05 10:00:00,stock,ADANIENT,no option tape,0.33652000373095103,,,,,,
2026-06-05 10:00:00,stock,BAJAJFINSV,no option tape,0.22702691086102278,0.2063286384593331,,,,"5,20,60",
2026-06-05 10:00:00,stock,DRREDDY,no option tape,0.209331,0.20435350851680786,,,,"5,20,60",
2026-06-05 10:00:00,stock,GRASIM,no option tape,0.20292717244163264,0.20401504970001408,,,,"5,20,60",
2026-06-05 10:00:00,stock,HDFCBANK,"event in option life [entry, expiry]",,,,,,,
2026-06-05 10:00:00,stock,NTPC,no option tape,0.2271399770236431,0.24870417970139955,,,,"5,20,60",
2026-06-05 10:00:00,stock,TRENT,no spot/IV,,,,,,,
2026-06-08 10:00:00,stock,ADANIENT,no option tape,0.3572439815218115,,,,,5,
2026-06-08 10:00:00,stock,BAJAJFINSV,no option tape,0.2407914390793828,0.2134993256743292,,,,"5,20,60",
2026-06-08 10:00:00,stock,DRREDDY,no option tape,0.21404,0.19766630680108546,,,,"5,20,60",
2026-06-08 10:00:00,stock,GRASIM,no option tape,0.21158503655346095,0.21169343366217544,,,,"5,20,60",
2026-06-08 10:00:00,stock,HDFCBANK,"event in option life [entry, expiry]",,,,,,,
2026-06-08 10:00:00,stock,NTPC,no option tape,0.23138589883721772,0.22708126631133502,,,,"5,20,60",
2026-06-08 10:00:00,stock,TRENT,no spot/IV,,,,,,,
2026-06-09 10:00:00,stock,ADANIENT,no option tape,0.35074961514561287,,,,,5,
2026-06-09 10:00:00,stock,BAJAJFINSV,no option tape,0.22714435168014732,0.2138096202089793,,,,"5,20,60",
2026-06-09 10:00:00,stock,DRREDDY,no option tape,0.209331,0.1887087518122932,,,,"5,20,60",
2026-06-09 10:00:00,stock,GRASIM,no option tape,0.21036817557463433,0.22466387969344145,,,,"5,20,60",
2026-06-09 10:00:00,stock,HDFCBANK,"event in option life [entry, expiry]",,,,,,,
2026-06-09 10:00:00,stock,NTPC,no option tape,0.22391677868273366,0.19588280635613062,,,,"5,20,60",
2026-06-09 10:00:00,stock,TRENT,no spot/IV,,,,,,,
2026-06-10 10:00:00,stock,ADANIENT,no monthly expiry in DTE window,,,,,,,
2026-06-10 10:00:00,stock,BAJAJFINSV,no monthly expiry in DTE window,,,,,,,
2026-06-10 10:00:00,stock,DRREDDY,no monthly expiry in DTE window,,,,,,,
2026-06-10 10:00:00,stock,GRASIM,no monthly expiry in DTE window,,,,,,,
2026-06-10 10:00:00,stock,HDFCBANK,no monthly expiry in DTE window,,,,,,,
2026-06-10 10:00:00,stock,NTPC,no monthly expiry in DTE window,,,,,,,
2026-06-10 10:00:00,stock,TRENT,no spot/IV,,,,,,,
2026-06-11 10:00:00,stock,ADANIENT,no monthly expiry in DTE window,,,,,,,
2026-06-11 10:00:00,stock,BAJAJFINSV,no monthly expiry in DTE window,,,,,,,
2026-06-11 10:00:00,stock,DRREDDY,no monthly expiry in DTE window,,,,,,,
2026-06-11 10:00:00,stock,GRASIM,no monthly expiry in DTE window,,,,,,,
2026-06-11 10:00:00,stock,HDFCBANK,no monthly expiry in DTE window,,,,,,,
2026-06-11 10:00:00,stock,NTPC,no monthly expiry in DTE window,,,,,,,
2026-06-11 10:00:00,stock,TRENT,no spot/IV,,,,,,,
2026-06-12 10:00:00,stock,ADANIENT,no monthly expiry in DTE window,,,,,,,
2026-06-12 10:00:00,stock,AXISBANK,no monthly expiry in DTE window,,,,,,,
2026-06-12 10:00:00,stock,BAJAJFINSV,no monthly expiry in DTE window,,,,,,,
2026-06-12 10:00:00,stock,BAJFINANCE,no monthly expiry in DTE window,,,,,,,
2026-06-12 10:00:00,stock,DRREDDY,no monthly expiry in DTE window,,,,,,,
2026-06-12 10:00:00,stock,GRASIM,no monthly expiry in DTE window,,,,,,,
2026-06-12 10:00:00,stock,HDFCBANK,no monthly expiry in DTE window,,,,,,,
2026-06-12 10:00:00,stock,KOTAKBANK,no monthly expiry in DTE window,,,,,,,
2026-06-12 10:00:00,stock,NTPC,no monthly expiry in DTE window,,,,,,,
2026-06-12 10:00:00,stock,TRENT,no spot/IV,,,,,,,
2026-06-15 10:00:00,stock,ADANIENT,no option tape,0.3319136086241411,,,,,5,
2026-06-15 10:00:00,stock,AXISBANK,"event in option life [entry, expiry]",,,,,,,
2026-06-15 10:00:00,stock,BAJAJFINSV,no option tape,0.20441488816389847,0.3060022902291788,,,,"5,20,60",
2026-06-15 10:00:00,stock,BAJFINANCE,"event in option life [entry, expiry]",,,,,,,
2026-06-15 10:00:00,stock,DRREDDY,no monthly expiry in DTE window,,,,,,,
2026-06-15 10:00:00,stock,GRASIM,no option tape,0.1983017411122213,0.23030083247773148,,,,"5,20,60",
2026-06-15 10:00:00,stock,HDFCBANK,"event in option life [entry, expiry]",,,,,,,
2026-06-15 10:00:00,stock,ICICIBANK,"event in option life [entry, expiry]",,,,,,,
2026-06-15 10:00:00,stock,KOTAKBANK,"event in option life [entry, expiry]",,,,,,,
2026-06-15 10:00:00,stock,NTPC,no option tape,0.223753228091579,0.21037448527727307,,,,"5,20,60",
2026-06-15 10:00:00,stock,TRENT,no spot/IV,,,,,,,
2026-06-16 10:00:00,stock,ADANIENT,no option tape,0.32905406030902357,,,,,5,
2026-06-16 10:00:00,stock,AXISBANK,"event in option life [entry, expiry]",,,,,,,
2026-06-16 10:00:00,stock,BAJAJFINSV,no option tape,0.21198419428207724,0.31904761458142417,,,,"5,20,60",
2026-06-16 10:00:00,stock,BAJFINANCE,"event in option life [entry, expiry]",,,,,,,
2026-06-16 10:00:00,stock,DRREDDY,no monthly expiry in DTE window,,,,,,,
2026-06-16 10:00:00,stock,GRASIM,no option tape,0.19876516710044942,0.2207143264140863,,,,"5,20,60",
2026-06-16 10:00:00,stock,HDFCBANK,"event in option life [entry, expiry]",,,,,,,
2026-06-16 10:00:00,stock,ICICIBANK,"event in option life [entry, expiry]",,,,,,,
2026-06-16 10:00:00,stock,ITC,no option tape 2026-07-28 K=292.5,0.14169814438014305,0.19315732131206736,,,,"5,20",
2026-06-16 10:00:00,stock,KOTAKBANK,"event in option life [entry, expiry]",,,,,,,
2026-06-16 10:00:00,stock,NTPC,no option tape,0.2164515451030675,0.21757142689267409,,,,"5,20,60",
2026-06-16 10:00:00,stock,TRENT,no spot/IV,,,,,,,
2026-06-17 10:00:00,stock,ADANIENT,no option tape,0.31899345139195084,,,,,5,
2026-06-17 10:00:00,stock,AXISBANK,"event in option life [entry, expiry]",,,,,,,
2026-06-17 10:00:00,stock,BAJAJFINSV,no option tape,0.19826228442629357,0.3156502250558397,,,,"5,20,60",
2026-06-17 10:00:00,stock,BAJFINANCE,"event in option life [entry, expiry]",,,,,,,
2026-06-17 10:00:00,stock,BHARTIARTL,no option tape 2026-07-28 K=1880.0,0.1733287436046487,0.18345527420228533,,,,"5,20",
2026-06-17 10:00:00,stock,DRREDDY,no monthly expiry in DTE window,,,,,,,
2026-06-17 10:00:00,stock,GRASIM,no option tape,0.1932582698822948,0.21785780533500965,,,,"5,20,60",
2026-06-17 10:00:00,stock,HDFCBANK,"event in option life [entry, expiry]",,,,,,,
2026-06-17 10:00:00,stock,ICICIBANK,"event in option life [entry, expiry]",,,,,,,
2026-06-17 10:00:00,stock,ITC,no option tape 2026-07-28 K=292.5,0.14696041791033498,0.18111939911968872,,,,"5,20",
2026-06-17 10:00:00,stock,KOTAKBANK,"event in option life [entry, expiry]",,,,,,,
2026-06-17 10:00:00,stock,NTPC,no option tape,0.21165558429862294,0.21078964570887704,,,,"5,20,60",
2026-06-17 10:00:00,stock,TRENT,no spot/IV,,,,,,,
2026-06-18 10:00:00,stock,ADANIENT,no option tape,0.31614961498056404,,,,,5,
2026-06-18 10:00:00,stock,AXISBANK,"event in option life [entry, expiry]",,,,,,,
2026-06-18 10:00:00,stock,BAJAJFINSV,no option tape,0.20101709827655465,0.3103882169533501,,,,"5,20,60",
2026-06-18 10:00:00,stock,BAJFINANCE,"event in option life [entry, expiry]",,,,,,,
2026-06-18 10:00:00,stock,BHARTIARTL,no option tape 2026-07-28 K=1880.0,0.1631965256463228,0.18181246730586095,,,,"5,20",
2026-06-18 10:00:00,stock,DRREDDY,no monthly expiry in DTE window,,,,,,,
2026-06-18 10:00:00,stock,GRASIM,no option tape,0.19147341397755396,0.21430460168467078,,,,"5,20,60",
2026-06-18 10:00:00,stock,HDFCBANK,"event in option life [entry, expiry]",,,,,,,
2026-06-18 10:00:00,stock,ICICIBANK,"event in option life [entry, expiry]",,,,,,,
2026-06-18 10:00:00,stock,ITC,no option tape 2026-07-28 K=292.5,0.14097875123196654,0.17854742850305363,,,,"5,20",
2026-06-18 10:00:00,stock,KOTAKBANK,"event in option life [entry, expiry]",,,,,,,
2026-06-18 10:00:00,stock,NTPC,no option tape,0.1984971647324614,0.2297415282371827,,,,"5,20,60",
2026-06-18 10:00:00,stock,TRENT,no spot/IV,,,,,,,
2026-06-19 10:00:00,stock,ADANIENT,no option tape,0.3314323446433958,,,,,5,
2026-06-19 10:00:00,stock,AXISBANK,"event in option life [entry, expiry]",,,,,,,
2026-06-19 10:00:00,stock,BAJAJFINSV,no option tape,0.2037200774705314,0.28009901895406825,,,,"5,20,60",
2026-06-19 10:00:00,stock,BAJFINANCE,"event in option life [entry, expiry]",,,,,,,
2026-06-19 10:00:00,stock,BHARTIARTL,no option tape 2026-07-28 K=1900.0,0.17255844985163155,0.17532263720644448,,,,"5,20",
2026-06-19 10:00:00,stock,DRREDDY,no monthly expiry in DTE window,,,,,,,
2026-06-19 10:00:00,stock,GRASIM,no option tape,0.20364025026509083,0.16902720297601906,,,,"5,20,60",
2026-06-19 10:00:00,stock,HDFCBANK,"event in option life [entry, expiry]",,,,,,,
2026-06-19 10:00:00,stock,ICICIBANK,"event in option life [entry, expiry]",,,,,,,
2026-06-19 10:00:00,stock,INFY,"event in option life [entry, expiry]",,,,,,,
2026-06-19 10:00:00,stock,ITC,no option tape 2026-07-28 K=292.5,0.14609922480174686,0.17317375383264566,,,,"5,20",
2026-06-19 10:00:00,stock,KOTAKBANK,"event in option life [entry, expiry]",,,,,,,
2026-06-19 10:00:00,stock,NTPC,no option tape,0.19674576522365028,0.23368844775731076,,,,"5,20,60",
2026-06-19 10:00:00,stock,TRENT,no spot/IV,,,,,,,
2026-06-22 10:00:00,stock,ADANIENT,no option tape,0.3345168079139719,,,,,5,
2026-06-22 10:00:00,stock,AXISBANK,"event in option life [entry, expiry]",,,,,,,
2026-06-22 10:00:00,stock,BAJAJFINSV,no option tape,0.20622954569403837,0.22657605640727066,,,,"5,20,60",
2026-06-22 10:00:00,stock,BAJFINANCE,"event in option life [entry, expiry]",,,,,,,
2026-06-22 10:00:00,stock,BHARTIARTL,no option tape 2026-07-28 K=1940.0,0.17167599347432147,0.1665989236533792,,,,"5,20",
2026-06-22 10:00:00,stock,DRREDDY,no monthly expiry in DTE window,,,,,,,
2026-06-22 10:00:00,stock,GRASIM,no option tape,0.21289032779381337,0.14981511736587685,,,,"5,20,60",
2026-06-22 10:00:00,stock,HDFCBANK,"event in option life [entry, expiry]",,,,,,,
2026-06-22 10:00:00,stock,ICICIBANK,"event in option life [entry, expiry]",,,,,,,
2026-06-22 10:00:00,stock,INFY,"event in option life [entry, expiry]",,,,,,,
2026-06-22 10:00:00,stock,ITC,no option tape 2026-07-28 K=292.5,0.15291372237160383,0.15975858603213577,,,,"5,20",
2026-06-22 10:00:00,stock,KOTAKBANK,"event in option life [entry, expiry]",,,,,,,
2026-06-22 10:00:00,stock,LT,"event in option life [entry, expiry]",,,,,,,
2026-06-22 10:00:00,stock,NTPC,no option tape,0.19485494474486104,0.2202309018484136,,,,"5,20,60",
2026-06-22 10:00:00,stock,TRENT,no spot/IV,,,,,,,
2026-06-23 10:00:00,stock,ADANIENT,no option tape,0.33110323758578175,,,,,5,
2026-06-23 10:00:00,stock,AXISBANK,"event in option life [entry, expiry]",,,,,,,
2026-06-23 10:00:00,stock,BAJAJFINSV,no spot/IV,,,,,,,
2026-06-23 10:00:00,stock,BAJFINANCE,"event in option life [entry, expiry]",,,,,,,
2026-06-23 10:00:00,stock,BHARTIARTL,no option tape 2026-07-28 K=1940.0,0.17719812400581564,0.1849782289043787,,,,"5,20,60",
2026-06-23 10:00:00,stock,DRREDDY,no monthly expiry in DTE window,,,,,,,
2026-06-23 10:00:00,stock,GRASIM,no spot/IV,,,,,,,
2026-06-23 10:00:00,stock,HDFCBANK,"event in option life [entry, expiry]",,,,,,,
2026-06-23 10:00:00,stock,ICICIBANK,"event in option life [entry, expiry]",,,,,,,
2026-06-23 10:00:00,stock,INFY,"event in option life [entry, expiry]",,,,,,,
2026-06-23 10:00:00,stock,KOTAKBANK,"event in option life [entry, expiry]",,,,,,,
2026-06-23 10:00:00,stock,LT,"event in option life [entry, expiry]",,,,,,,
2026-06-23 10:00:00,stock,NTPC,no spot/IV,,,,,,,
2026-06-23 10:00:00,stock,RELIANCE,"event in option life [entry, expiry]",,,,,,,
2026-06-23 10:00:00,stock,TCS,"event in option life [entry, expiry]",,,,,,,
2026-06-23 10:00:00,stock,TRENT,no spot/IV,,,,,,,
2026-06-24 10:00:00,stock,ADANIENT,no option tape,0.37811302891472287,,,,,5,
2026-06-24 10:00:00,stock,AXISBANK,"event in option life [entry, expiry]",,,,,,,
2026-06-24 10:00:00,stock,BAJAJFINSV,no spot/IV,,,,,,,
2026-06-24 10:00:00,stock,BAJFINANCE,"event in option life [entry, expiry]",,,,,,,
2026-06-24 10:00:00,stock,BHARTIARTL,no option tape 2026-07-28 K=1900.0,0.18500848688430335,0.1857282782143136,,,,"5,20,60",
2026-06-24 10:00:00,stock,DRREDDY,no monthly expiry in DTE window,,,,,,,
2026-06-24 10:00:00,stock,GRASIM,no spot/IV,,,,,,,
2026-06-24 10:00:00,stock,HDFCBANK,"event in option life [entry, expiry]",,,,,,,
2026-06-24 10:00:00,stock,ICICIBANK,"event in option life [entry, expiry]",,,,,,,
2026-06-24 10:00:00,stock,INFY,"event in option life [entry, expiry]",,,,,,,
2026-06-24 10:00:00,stock,KOTAKBANK,"event in option life [entry, expiry]",,,,,,,
2026-06-24 10:00:00,stock,LT,"event in option life [entry, expiry]",,,,,,,
2026-06-24 10:00:00,stock,NTPC,no spot/IV,,,,,,,
2026-06-24 10:00:00,stock,RELIANCE,"event in option life [entry, expiry]",,,,,,,
2026-06-24 10:00:00,stock,TCS,"event in option life [entry, expiry]",,,,,,,
2026-06-24 10:00:00,stock,TRENT,no spot/IV,,,,,,,
2026-06-25 10:00:00,index,NIFTY,no option tape,0.09267236977286399,0.13026465065498227,,,,"5,20,60",
2026-06-25 10:00:00,stock,ADANIENT,no option tape,0.35208277970072216,,,,,5,
2026-06-25 10:00:00,stock,AXISBANK,"event in option life [entry, expiry]",,,,,,,
2026-06-25 10:00:00,stock,BAJAJFINSV,no spot/IV,,,,,,,
2026-06-25 10:00:00,stock,BAJFINANCE,"event in option life [entry, expiry]",,,,,,,
2026-06-25 10:00:00,stock,DRREDDY,no monthly expiry in DTE window,,,,,,,
2026-06-25 10:00:00,stock,GRASIM,no spot/IV,,,,,,,
2026-06-25 10:00:00,stock,HDFCBANK,"event in option life [entry, expiry]",,,,,,,
2026-06-25 10:00:00,stock,ICICIBANK,"event in option life [entry, expiry]",,,,,,,
2026-06-25 10:00:00,stock,INFY,"event in option life [entry, expiry]",,,,,,,
2026-06-25 10:00:00,stock,KOTAKBANK,"event in option life [entry, expiry]",,,,,,,
2026-06-25 10:00:00,stock,LT,"event in option life [entry, expiry]",,,,,,,
2026-06-25 10:00:00,stock,NTPC,no spot/IV,,,,,,,
2026-06-25 10:00:00,stock,RELIANCE,"event in option life [entry, expiry]",,,,,,,
2026-06-25 10:00:00,stock,TCS,"event in option life [entry, expiry]",,,,,,,
2026-06-25 10:00:00,stock,TRENT,no spot/IV,,,,,,,
2026-06-29 10:00:00,index,NIFTY,no option tape,0.15059929174768943,0.1234459370418742,,,,"5,20,60",
2026-06-29 10:00:00,stock,ADANIENT,no option tape,0.3648789425873539,,,,,5,
2026-06-29 10:00:00,stock,AXISBANK,"event in option life [entry, expiry]",,,,,,,
2026-06-29 10:00:00,stock,BAJAJFINSV,no spot/IV,,,,,,,
2026-06-29 10:00:00,stock,BAJFINANCE,"event in option life [entry, expiry]",,,,,,,
2026-06-29 10:00:00,stock,DRREDDY,no monthly expiry in DTE window,,,,,,,
2026-06-29 10:00:00,stock,GRASIM,no option tape,0.2295222646755335,0.16361244876044528,,,,"5,20,60",
2026-06-29 10:00:00,stock,HDFCBANK,"event in option life [entry, expiry]",,,,,,,
2026-06-29 10:00:00,stock,ICICIBANK,"event in option life [entry, expiry]",,,,,,,
2026-06-29 10:00:00,stock,INFY,"event in option life [entry, expiry]",,,,,,,
2026-06-29 10:00:00,stock,KOTAKBANK,"event in option life [entry, expiry]",,,,,,,
2026-06-29 10:00:00,stock,LT,"event in option life [entry, expiry]",,,,,,,
2026-06-29 10:00:00,stock,NTPC,no spot/IV,,,,,,,
2026-06-29 10:00:00,stock,RELIANCE,"event in option life [entry, expiry]",,,,,,,
2026-06-29 10:00:00,stock,TCS,"event in option life [entry, expiry]",,,,,,,
2026-06-29 10:00:00,stock,TRENT,no spot/IV,,,,,,,
2026-06-30 10:00:00,index,NIFTY,no spot/IV,,,,,,,
2026-06-30 10:00:00,stock,ADANIENT,no option tape,0.34406323621594465,0.3754151333624315,,,,"5,20",
2026-06-30 10:00:00,stock,AXISBANK,"event in option life [entry, expiry]",,,,,,,
2026-06-30 10:00:00,stock,BAJAJFINSV,no option tape,0.307098603665131,0.19950742691896375,,,,"5,20,60",
2026-06-30 10:00:00,stock,BAJFINANCE,"event in option life [entry, expiry]",,,,,,,
2026-06-30 10:00:00,stock,DRREDDY,no monthly expiry in DTE window,,,,,,,
2026-06-30 10:00:00,stock,GRASIM,no option tape,0.19747536742797428,0.1598749819183105,,,,"5,20,60",
2026-06-30 10:00:00,stock,HDFCBANK,"event in option life [entry, expiry]",,,,,,,
2026-06-30 10:00:00,stock,ICICIBANK,"event in option life [entry, expiry]",,,,,,,
2026-06-30 10:00:00,stock,INFY,"event in option life [entry, expiry]",,,,,,,
2026-06-30 10:00:00,stock,KOTAKBANK,"event in option life [entry, expiry]",,,,,,,
2026-06-30 10:00:00,stock,LT,"event in option life [entry, expiry]",,,,,,,
2026-06-30 10:00:00,stock,NTPC,no spot/IV,,,,,,,
2026-06-30 10:00:00,stock,RELIANCE,"event in option life [entry, expiry]",,,,,,,
2026-06-30 10:00:00,stock,TCS,"event in option life [entry, expiry]",,,,,,,
2026-06-30 10:00:00,stock,TRENT,no spot/IV,,,,,,,
2026-07-01 10:00:00,index,NIFTY,no spot/IV,,,,,,,
2026-07-01 10:00:00,stock,ADANIENT,no option tape,0.32110256138327414,0.3880216754427114,,,,"5,20",
2026-07-01 10:00:00,stock,AXISBANK,"event in option life [entry, expiry]",,,,,,,
2026-07-01 10:00:00,stock,BAJAJFINSV,no option tape,0.3012540743170461,0.1995025340501317,,,,"5,20,60",
2026-07-01 10:00:00,stock,BAJFINANCE,"event in option life [entry, expiry]",,,,,,,
2026-07-01 10:00:00,stock,DRREDDY,no monthly expiry in DTE window,,,,,,,
2026-07-01 10:00:00,stock,GRASIM,no option tape,0.2001069509984414,0.1668816761159484,,,,"5,20,60",
2026-07-01 10:00:00,stock,HDFCBANK,"event in option life [entry, expiry]",,,,,,,
2026-07-01 10:00:00,stock,ICICIBANK,"event in option life [entry, expiry]",,,,,,,
2026-07-01 10:00:00,stock,INFY,"event in option life [entry, expiry]",,,,,,,
2026-07-01 10:00:00,stock,KOTAKBANK,"event in option life [entry, expiry]",,,,,,,
2026-07-01 10:00:00,stock,LT,"event in option life [entry, expiry]",,,,,,,
2026-07-01 10:00:00,stock,NTPC,no option tape,0.22226003585048873,0.19503136562445328,,,,"5,20,60",
2026-07-01 10:00:00,stock,RELIANCE,"event in option life [entry, expiry]",,,,,,,
2026-07-01 10:00:00,stock,TCS,"event in option life [entry, expiry]",,,,,,,
2026-07-01 10:00:00,stock,TRENT,no spot/IV,,,,,,,
2026-07-02 10:00:00,index,NIFTY,no spot/IV,,,,,,,
2026-07-02 10:00:00,stock,ADANIENT,no option tape,0.3128487790692475,0.34242979826213815,,,,"5,20",
2026-07-02 10:00:00,stock,AXISBANK,"event in option life [entry, expiry]",,,,,,,
2026-07-02 10:00:00,stock,BAJAJFINSV,no option tape,0.24945755697339855,0.25664462984054914,,,,"5,20,60",
2026-07-02 10:00:00,stock,BAJFINANCE,"event in option life [entry, expiry]",,,,,,,
2026-07-02 10:00:00,stock,DRREDDY,no monthly expiry in DTE window,,,,,,,
2026-07-02 10:00:00,stock,GRASIM,no option tape,0.18478967384982997,0.1714901921159263,,,,"5,20,60",
2026-07-02 10:00:00,stock,HDFCBANK,"event in option life [entry, expiry]",,,,,,,
2026-07-02 10:00:00,stock,ICICIBANK,"event in option life [entry, expiry]",,,,,,,
2026-07-02 10:00:00,stock,INFY,"event in option life [entry, expiry]",,,,,,,
2026-07-02 10:00:00,stock,KOTAKBANK,"event in option life [entry, expiry]",,,,,,,
2026-07-02 10:00:00,stock,LT,"event in option life [entry, expiry]",,,,,,,
2026-07-02 10:00:00,stock,NTPC,no option tape,0.1291108753286409,0.16753031313021813,,,,"5,20,60",
2026-07-02 10:00:00,stock,RELIANCE,"event in option life [entry, expiry]",,,,,,,
2026-07-02 10:00:00,stock,TCS,"event in option life [entry, expiry]",,,,,,,
2026-07-02 10:00:00,stock,TRENT,no spot/IV,,,,,,,
2026-07-03 10:00:00,index,NIFTY,no spot/IV,,,,,,,
2026-07-03 10:00:00,stock,ADANIENT,no option tape,0.3338946069697046,0.3417354125571549,,,,"5,20",
2026-07-03 10:00:00,stock,AXISBANK,"event in option life [entry, expiry]",,,,,,,
2026-07-03 10:00:00,stock,BAJAJFINSV,no option tape,0.25342087373433947,0.25664462984054914,,,,"5,20,60",
2026-07-03 10:00:00,stock,BAJFINANCE,"event in option life [entry, expiry]",,,,,,,
2026-07-03 10:00:00,stock,DRREDDY,no monthly expiry in DTE window,,,,,,,
2026-07-03 10:00:00,stock,GRASIM,no option tape,0.17697771519051378,0.1714901921159263,,,,"5,20,60",
2026-07-03 10:00:00,stock,HDFCBANK,"event in option life [entry, expiry]",,,,,,,
2026-07-03 10:00:00,stock,ICICIBANK,"event in option life [entry, expiry]",,,,,,,
2026-07-03 10:00:00,stock,INFY,"event in option life [entry, expiry]",,,,,,,
2026-07-03 10:00:00,stock,KOTAKBANK,"event in option life [entry, expiry]",,,,,,,
2026-07-03 10:00:00,stock,LT,"event in option life [entry, expiry]",,,,,,,
2026-07-03 10:00:00,stock,NTPC,no option tape,0.18373607083626353,0.16753031313021813,,,,"5,20,60",
2026-07-03 10:00:00,stock,RELIANCE,"event in option life [entry, expiry]",,,,,,,
2026-07-03 10:00:00,stock,TCS,"event in option life [entry, expiry]",,,,,,,
2026-07-03 10:00:00,stock,TRENT,no spot/IV,,,,,,,
2026-07-06 10:00:00,index,NIFTY,no spot/IV,,,,,,,
2026-07-06 10:00:00,stock,ADANIENT,no option tape,0.32390591473358854,0.3086359539565769,,,,"5,20",
2026-07-06 10:00:00,stock,AXISBANK,"event in option life [entry, expiry]",,,,,,,
2026-07-06 10:00:00,stock,BAJAJFINSV,no option tape,0.25342087373433947,0.25664462984054914,,,,"5,20,60",
2026-07-06 10:00:00,stock,BAJFINANCE,"event in option life [entry, expiry]",,,,,,,
2026-07-06 10:00:00,stock,DRREDDY,no monthly expiry in DTE window,,,,,,,
2026-07-06 10:00:00,stock,GRASIM,no option tape,0.17697771519051378,0.1714901921159263,,,,"5,20,60",
2026-07-06 10:00:00,stock,HDFCBANK,"event in option life [entry, expiry]",,,,,,,
2026-07-06 10:00:00,stock,ICICIBANK,"event in option life [entry, expiry]",,,,,,,
2026-07-06 10:00:00,stock,INFY,"event in option life [entry, expiry]",,,,,,,
2026-07-06 10:00:00,stock,KOTAKBANK,"event in option life [entry, expiry]",,,,,,,
2026-07-06 10:00:00,stock,LT,"event in option life [entry, expiry]",,,,,,,
2026-07-06 10:00:00,stock,NTPC,no option tape,0.18373607083626353,0.16753031313021813,,,,"5,20,60",
2026-07-06 10:00:00,stock,RELIANCE,"event in option life [entry, expiry]",,,,,,,
2026-07-06 10:00:00,stock,TCS,"event in option life [entry, expiry]",,,,,,,
2026-07-06 10:00:00,stock,TRENT,no spot/IV,,,,,,,
2026-07-07 10:00:00,index,NIFTY,no option tape 2026-07-21 K=24550.0,0.10119602379970555,0.10467638673759501,,,,"5,20,60",
2026-07-07 10:00:00,stock,ADANIENT,no option tape,0.3407591438499806,0.3289723901369674,,,,"5,20",
2026-07-07 10:00:00,stock,AXISBANK,"event in option life [entry, expiry]",,,,,,,
2026-07-07 10:00:00,stock,BAJAJFINSV,no option tape,0.25342087373433947,0.25664462984054914,,,,"5,20,60",
2026-07-07 10:00:00,stock,BAJFINANCE,"event in option life [entry, expiry]",,,,,,,
2026-07-07 10:00:00,stock,DRREDDY,no monthly expiry in DTE window,,,,,,,
2026-07-07 10:00:00,stock,GRASIM,no option tape,0.17697771519051378,0.1714901921159263,,,,"5,20,60",
2026-07-07 10:00:00,stock,HDFCBANK,"event in option life [entry, expiry]",,,,,,,
2026-07-07 10:00:00,stock,ICICIBANK,"event in option life [entry, expiry]",,,,,,,
2026-07-07 10:00:00,stock,INFY,"event in option life [entry, expiry]",,,,,,,
2026-07-07 10:00:00,stock,KOTAKBANK,"event in option life [entry, expiry]",,,,,,,
2026-07-07 10:00:00,stock,LT,"event in option life [entry, expiry]",,,,,,,
2026-07-07 10:00:00,stock,NTPC,no option tape,0.18373607083626353,0.16753031313021813,,,,"5,20,60",
2026-07-07 10:00:00,stock,RELIANCE,"event in option life [entry, expiry]",,,,,,,
2026-07-07 10:00:00,stock,TCS,"event in option life [entry, expiry]",,,,,,,
2026-07-07 10:00:00,stock,TRENT,no spot/IV,,,,,,,
2026-07-08 10:00:00,index,NIFTY,no option tape 2026-07-21 K=24550.0,0.11177669265832424,0.15036769757409174,,,,"5,20,60",
2026-07-08 10:00:00,stock,ADANIENT,no monthly expiry in DTE window,,,,,,,
2026-07-08 10:00:00,stock,AXISBANK,no monthly expiry in DTE window,,,,,,,
2026-07-08 10:00:00,stock,BAJAJFINSV,no monthly expiry in DTE window,,,,,,,
2026-07-08 10:00:00,stock,BAJFINANCE,no monthly expiry in DTE window,,,,,,,
2026-07-08 10:00:00,stock,DRREDDY,no monthly expiry in DTE window,,,,,,,
2026-07-08 10:00:00,stock,GRASIM,no monthly expiry in DTE window,,,,,,,
2026-07-08 10:00:00,stock,HDFCBANK,no monthly expiry in DTE window,,,,,,,
2026-07-08 10:00:00,stock,ICICIBANK,no monthly expiry in DTE window,,,,,,,
2026-07-08 10:00:00,stock,INFY,no monthly expiry in DTE window,,,,,,,
2026-07-08 10:00:00,stock,KOTAKBANK,no monthly expiry in DTE window,,,,,,,
2026-07-08 10:00:00,stock,LT,no monthly expiry in DTE window,,,,,,,
2026-07-08 10:00:00,stock,NTPC,no monthly expiry in DTE window,,,,,,,
2026-07-08 10:00:00,stock,RELIANCE,no monthly expiry in DTE window,,,,,,,
2026-07-08 10:00:00,stock,TCS,no monthly expiry in DTE window,,,,,,,
2026-07-08 10:00:00,stock,TRENT,no spot/IV,,,,,,,
2026-07-09 10:00:00,index,NIFTY,no option tape 2026-07-21 K=24550.0,0.12666715119819932,0.14724488716666023,,,,"5,20,60",
2026-07-09 10:00:00,stock,ADANIENT,no monthly expiry in DTE window,,,,,,,
2026-07-09 10:00:00,stock,AXISBANK,no monthly expiry in DTE window,,,,,,,
2026-07-09 10:00:00,stock,BAJAJFINSV,no monthly expiry in DTE window,,,,,,,
2026-07-09 10:00:00,stock,BAJFINANCE,no monthly expiry in DTE window,,,,,,,
2026-07-09 10:00:00,stock,DRREDDY,no monthly expiry in DTE window,,,,,,,
2026-07-09 10:00:00,stock,GRASIM,no monthly expiry in DTE window,,,,,,,
2026-07-09 10:00:00,stock,HDFCBANK,no monthly expiry in DTE window,,,,,,,
2026-07-09 10:00:00,stock,ICICIBANK,no monthly expiry in DTE window,,,,,,,
2026-07-09 10:00:00,stock,INFY,no monthly expiry in DTE window,,,,,,,
2026-07-09 10:00:00,stock,KOTAKBANK,no monthly expiry in DTE window,,,,,,,
2026-07-09 10:00:00,stock,LT,no monthly expiry in DTE window,,,,,,,
2026-07-09 10:00:00,stock,NTPC,no monthly expiry in DTE window,,,,,,,
2026-07-09 10:00:00,stock,RELIANCE,no monthly expiry in DTE window,,,,,,,
2026-07-09 10:00:00,stock,TCS,no monthly expiry in DTE window,,,,,,,
2026-07-09 10:00:00,stock,TRENT,no spot/IV,,,,,,,
2026-07-10 10:00:00,index,NIFTY,no option tape 2026-07-21 K=24550.0,0.10812147058758491,0.15514845773316305,,,,"5,20,60",
2026-07-10 10:00:00,stock,ADANIENT,no monthly expiry in DTE window,,,,,,,
2026-07-10 10:00:00,stock,AXISBANK,no monthly expiry in DTE window,,,,,,,
2026-07-10 10:00:00,stock,BAJAJFINSV,no monthly expiry in DTE window,,,,,,,
2026-07-10 10:00:00,stock,BAJFINANCE,no monthly expiry in DTE window,,,,,,,
2026-07-10 10:00:00,stock,DRREDDY,no monthly expiry in DTE window,,,,,,,
2026-07-10 10:00:00,stock,GRASIM,no monthly expiry in DTE window,,,,,,,
2026-07-10 10:00:00,stock,HDFCBANK,no monthly expiry in DTE window,,,,,,,
2026-07-10 10:00:00,stock,ICICIBANK,no monthly expiry in DTE window,,,,,,,
2026-07-10 10:00:00,stock,INFY,no monthly expiry in DTE window,,,,,,,
2026-07-10 10:00:00,stock,KOTAKBANK,no monthly expiry in DTE window,,,,,,,
2026-07-10 10:00:00,stock,LT,no monthly expiry in DTE window,,,,,,,
2026-07-10 10:00:00,stock,NTPC,no monthly expiry in DTE window,,,,,,,
2026-07-10 10:00:00,stock,RELIANCE,no monthly expiry in DTE window,,,,,,,
2026-07-10 10:00:00,stock,TCS,no monthly expiry in DTE window,,,,,,,
2026-07-10 10:00:00,stock,TRENT,no spot/IV,,,,,,,
2026-07-13 10:00:00,index,NIFTY,no option tape 2026-07-21 K=24550.0,0.16630655420691273,0.14571659190326983,,,,"5,20,60",
2026-07-13 10:00:00,stock,ADANIENT,no option tape,0.3633805603819061,0.32104497407531635,,,,"5,20",
2026-07-13 10:00:00,stock,AXISBANK,"event in option life [entry, expiry]",,,,,,,
2026-07-13 10:00:00,stock,BAJAJFINSV,no monthly expiry in DTE window,,,,,,,
2026-07-13 10:00:00,stock,BAJFINANCE,"event in option life [entry, expiry]",,,,,,,
2026-07-13 10:00:00,stock,DRREDDY,no monthly expiry in DTE window,,,,,,,
2026-07-13 10:00:00,stock,GRASIM,no monthly expiry in DTE window,,,,,,,
2026-07-13 10:00:00,stock,HDFCBANK,"event in option life [entry, expiry]",,,,,,,
2026-07-13 10:00:00,stock,ICICIBANK,"event in option life [entry, expiry]",,,,,,,
2026-07-13 10:00:00,stock,INFY,"event in option life [entry, expiry]",,,,,,,
2026-07-13 10:00:00,stock,KOTAKBANK,"event in option life [entry, expiry]",,,,,,,
2026-07-13 10:00:00,stock,LT,"event in option life [entry, expiry]",,,,,,,
2026-07-13 10:00:00,stock,NTPC,no monthly expiry in DTE window,,,,,,,
2026-07-13 10:00:00,stock,RELIANCE,"event in option life [entry, expiry]",,,,,,,
2026-07-13 10:00:00,stock,TRENT,no spot/IV,,,,,,,
2026-07-14 10:00:00,stock,ADANIENT,no option tape,0.3477611493930122,0.27327084673369706,,,,"5,20",
2026-07-14 10:00:00,stock,AXISBANK,"event in option life [entry, expiry]",,,,,,,
2026-07-14 10:00:00,stock,BAJAJFINSV,no monthly expiry in DTE window,,,,,,,
2026-07-14 10:00:00,stock,BAJFINANCE,"event in option life [entry, expiry]",,,,,,,
2026-07-14 10:00:00,stock,DRREDDY,no monthly expiry in DTE window,,,,,,,
2026-07-14 10:00:00,stock,GRASIM,no monthly expiry in DTE window,,,,,,,
2026-07-14 10:00:00,stock,HDFCBANK,"event in option life [entry, expiry]",,,,,,,
2026-07-14 10:00:00,stock,ICICIBANK,"event in option life [entry, expiry]",,,,,,,
2026-07-14 10:00:00,stock,INFY,"event in option life [entry, expiry]",,,,,,,
2026-07-14 10:00:00,stock,KOTAKBANK,"event in option life [entry, expiry]",,,,,,,
2026-07-14 10:00:00,stock,LT,"event in option life [entry, expiry]",,,,,,,
2026-07-14 10:00:00,stock,NTPC,no monthly expiry in DTE window,,,,,,,
2026-07-14 10:00:00,stock,RELIANCE,"event in option life [entry, expiry]",,,,,,,
2026-07-14 10:00:00,stock,TRENT,no spot/IV,,,,,,,
2026-07-15 10:00:00,stock,ADANIENT,no option tape,0.3538890047174763,0.2619325872856852,,,,"5,20",
2026-07-15 10:00:00,stock,AXISBANK,"event in option life [entry, expiry]",,,,,,,
2026-07-15 10:00:00,stock,BAJAJFINSV,no monthly expiry in DTE window,,,,,,,
2026-07-15 10:00:00,stock,BAJFINANCE,"event in option life [entry, expiry]",,,,,,,
2026-07-15 10:00:00,stock,DRREDDY,no monthly expiry in DTE window,,,,,,,
2026-07-15 10:00:00,stock,GRASIM,no monthly expiry in DTE window,,,,,,,
2026-07-15 10:00:00,stock,HDFCBANK,"event in option life [entry, expiry]",,,,,,,
2026-07-15 10:00:00,stock,ICICIBANK,"event in option life [entry, expiry]",,,,,,,
2026-07-15 10:00:00,stock,INFY,"event in option life [entry, expiry]",,,,,,,
2026-07-15 10:00:00,stock,KOTAKBANK,"event in option life [entry, expiry]",,,,,,,
2026-07-15 10:00:00,stock,LT,"event in option life [entry, expiry]",,,,,,,
2026-07-15 10:00:00,stock,NTPC,no monthly expiry in DTE window,,,,,,,
2026-07-15 10:00:00,stock,RELIANCE,"event in option life [entry, expiry]",,,,,,,
2026-07-15 10:00:00,stock,TRENT,no spot/IV,,,,,,,
2026-07-16 10:00:00,index,NIFTY,no option tape 2026-07-28 K=24250.0,0.10957130147403596,0.10615161392846857,,,,"5,20,60",
2026-07-16 10:00:00,stock,ADANIENT,no option tape,0.3537532842015347,0.2538493032894972,,,,"5,20",
2026-07-16 10:00:00,stock,AXISBANK,"event in option life [entry, expiry]",,,,,,,
2026-07-16 10:00:00,stock,BAJAJFINSV,no monthly expiry in DTE window,,,,,,,
2026-07-16 10:00:00,stock,BAJFINANCE,"event in option life [entry, expiry]",,,,,,,
2026-07-16 10:00:00,stock,DRREDDY,no monthly expiry in DTE window,,,,,,,
2026-07-16 10:00:00,stock,GRASIM,no monthly expiry in DTE window,,,,,,,
2026-07-16 10:00:00,stock,HDFCBANK,"event in option life [entry, expiry]",,,,,,,
2026-07-16 10:00:00,stock,ICICIBANK,"event in option life [entry, expiry]",,,,,,,
2026-07-16 10:00:00,stock,INFY,"event in option life [entry, expiry]",,,,,,,
2026-07-16 10:00:00,stock,KOTAKBANK,"event in option life [entry, expiry]",,,,,,,
2026-07-16 10:00:00,stock,LT,"event in option life [entry, expiry]",,,,,,,
2026-07-16 10:00:00,stock,NTPC,no monthly expiry in DTE window,,,,,,,
2026-07-16 10:00:00,stock,RELIANCE,"event in option life [entry, expiry]",,,,,,,
2026-07-16 10:00:00,stock,TRENT,no spot/IV,,,,,,,
2026-07-17 10:00:00,stock,ADANIENT,no option tape,0.3417249966568576,0.21534505935203305,,,,"5,20",
2026-07-17 10:00:00,stock,AXISBANK,"event in option life [entry, expiry]",,,,,,,
2026-07-17 10:00:00,stock,BAJAJFINSV,no monthly expiry in DTE window,,,,,,,
2026-07-17 10:00:00,stock,BAJFINANCE,"event in option life [entry, expiry]",,,,,,,
2026-07-17 10:00:00,stock,DRREDDY,no monthly expiry in DTE window,,,,,,,
2026-07-17 10:00:00,stock,GRASIM,no monthly expiry in DTE window,,,,,,,
2026-07-17 10:00:00,stock,HDFCBANK,"event in option life [entry, expiry]",,,,,,,
2026-07-17 10:00:00,stock,ICICIBANK,"event in option life [entry, expiry]",,,,,,,
2026-07-17 10:00:00,stock,INFY,"event in option life [entry, expiry]",,,,,,,
2026-07-17 10:00:00,stock,KOTAKBANK,"event in option life [entry, expiry]",,,,,,,
2026-07-17 10:00:00,stock,LT,"event in option life [entry, expiry]",,,,,,,
2026-07-17 10:00:00,stock,NTPC,no monthly expiry in DTE window,,,,,,,
2026-07-17 10:00:00,stock,RELIANCE,"event in option life [entry, expiry]",,,,,,,
2026-07-17 10:00:00,stock,TRENT,no spot/IV,,,,,,,
2026-07-20 10:00:00,stock,ADANIENT,no option tape,0.348447402044,0.21579999875958475,,,,"5,20",
2026-07-20 10:00:00,stock,AXISBANK,"event in option life [entry, expiry]",,,,,,,
2026-07-20 10:00:00,stock,BAJAJFINSV,no monthly expiry in DTE window,,,,,,,
2026-07-20 10:00:00,stock,BAJFINANCE,"event in option life [entry, expiry]",,,,,,,
2026-07-20 10:00:00,stock,DRREDDY,no monthly expiry in DTE window,,,,,,,
2026-07-20 10:00:00,stock,GRASIM,no monthly expiry in DTE window,,,,,,,
2026-07-20 10:00:00,stock,ICICIBANK,"event in option life [entry, expiry]",,,,,,,
2026-07-20 10:00:00,stock,ITC,"event in option life [entry, expiry]",,,,,,,
2026-07-20 10:00:00,stock,KOTAKBANK,"event in option life [entry, expiry]",,,,,,,
2026-07-20 10:00:00,stock,LT,"event in option life [entry, expiry]",,,,,,,
2026-07-20 10:00:00,stock,NTPC,no monthly expiry in DTE window,,,,,,,
2026-07-20 10:00:00,stock,RELIANCE,"event in option life [entry, expiry]",,,,,,,
2026-07-20 10:00:00,stock,TRENT,no spot/IV,,,,,,,
2026-07-21 10:00:00,index,NIFTY,no option tape 2026-08-04 K=24250.0,0.12201380610791202,0.10621082326065111,,,,"5,20,60",
2026-07-21 10:00:00,stock,ADANIENT,no option tape,0.35668549141076494,0.21433712880416658,,,,"5,20",
2026-07-21 10:00:00,stock,AXISBANK,"event in option life [entry, expiry]",,,,,,,
2026-07-21 10:00:00,stock,BAJAJFINSV,no monthly expiry in DTE window,,,,,,,
2026-07-21 10:00:00,stock,BAJFINANCE,"event in option life [entry, expiry]",,,,,,,
2026-07-21 10:00:00,stock,BHARTIARTL,"event in option life [entry, expiry]",,,,,,,
2026-07-21 10:00:00,stock,DRREDDY,no monthly expiry in DTE window,,,,,,,
2026-07-21 10:00:00,stock,GRASIM,no monthly expiry in DTE window,,,,,,,
2026-07-21 10:00:00,stock,ICICIBANK,"event in option life [entry, expiry]",,,,,,,
2026-07-21 10:00:00,stock,ITC,"event in option life [entry, expiry]",,,,,,,
2026-07-21 10:00:00,stock,KOTAKBANK,"event in option life [entry, expiry]",,,,,,,
2026-07-21 10:00:00,stock,LT,"event in option life [entry, expiry]",,,,,,,
2026-07-21 10:00:00,stock,NTPC,no monthly expiry in DTE window,,,,,,,
2026-07-21 10:00:00,stock,RELIANCE,"event in option life [entry, expiry]",,,,,,,
2026-07-21 10:00:00,stock,SBIN,"event in option life [entry, expiry]",,,,,,,
2026-07-21 10:00:00,stock,TRENT,no spot/IV,,,,,,,
2026-07-22 10:00:00,stock,ADANIENT,no option tape,0.3351840265753735,0.2008675159160883,,,,"5,20",
2026-07-22 10:00:00,stock,AXISBANK,"event in option life [entry, expiry]",,,,,,,
2026-07-22 10:00:00,stock,BAJAJFINSV,no monthly expiry in DTE window,,,,,,,
2026-07-22 10:00:00,stock,BAJFINANCE,"event in option life [entry, expiry]",,,,,,,
2026-07-22 10:00:00,stock,BHARTIARTL,"event in option life [entry, expiry]",,,,,,,
2026-07-22 10:00:00,stock,DRREDDY,no monthly expiry in DTE window,,,,,,,
2026-07-22 10:00:00,stock,GRASIM,no monthly expiry in DTE window,,,,,,,
2026-07-22 10:00:00,stock,ICICIBANK,"event in option life [entry, expiry]",,,,,,,
2026-07-22 10:00:00,stock,ITC,"event in option life [entry, expiry]",,,,,,,
2026-07-22 10:00:00,stock,KOTAKBANK,"event in option life [entry, expiry]",,,,,,,
2026-07-22 10:00:00,stock,LT,"event in option life [entry, expiry]",,,,,,,
2026-07-22 10:00:00,stock,NTPC,no monthly expiry in DTE window,,,,,,,
2026-07-22 10:00:00,stock,RELIANCE,"event in option life [entry, expiry]",,,,,,,
2026-07-22 10:00:00,stock,SBIN,"event in option life [entry, expiry]",,,,,,,
2026-07-22 10:00:00,stock,TRENT,no spot/IV,,,,,,,
2026-07-23 10:00:00,stock,ADANIENT,no option tape,0.33816358751903963,0.31938519974721313,,,,"5,20",
2026-07-23 10:00:00,stock,AXISBANK,"event in option life [entry, expiry]",,,,,,,
2026-07-23 10:00:00,stock,BAJAJFINSV,no monthly expiry in DTE window,,,,,,,
2026-07-23 10:00:00,stock,BHARTIARTL,"event in option life [entry, expiry]",,,,,,,
2026-07-23 10:00:00,stock,DRREDDY,no monthly expiry in DTE window,,,,,,,
2026-07-23 10:00:00,stock,GRASIM,no monthly expiry in DTE window,,,,,,,
2026-07-23 10:00:00,stock,ICICIBANK,"event in option life [entry, expiry]",,,,,,,
2026-07-23 10:00:00,stock,ITC,"event in option life [entry, expiry]",,,,,,,
2026-07-23 10:00:00,stock,KOTAKBANK,"event in option life [entry, expiry]",,,,,,,
2026-07-23 10:00:00,stock,LT,"event in option life [entry, expiry]",,,,,,,
2026-07-23 10:00:00,stock,NTPC,no monthly expiry in DTE window,,,,,,,
2026-07-23 10:00:00,stock,RELIANCE,"event in option life [entry, expiry]",,,,,,,
2026-07-23 10:00:00,stock,SBIN,"event in option life [entry, expiry]",,,,,,,
2026-07-23 10:00:00,stock,TRENT,no spot/IV,,,,,,,
2026-07-24 10:00:00,stock,ADANIENT,no option tape,0.35993313856929293,0.31966345745790015,,,,"5,20",
2026-07-24 10:00:00,stock,AXISBANK,"event in option life [entry, expiry]",,,,,,,
2026-07-24 10:00:00,stock,BAJAJFINSV,no monthly expiry in DTE window,,,,,,,
2026-07-24 10:00:00,stock,BAJFINANCE,no option tape 2026-08-25 K=1030.0,0.28713796704697503,0.24863316788252457,,,,"5,20,60",
2026-07-24 10:00:00,stock,BHARTIARTL,"event in option life [entry, expiry]",,,,,,,
2026-07-24 10:00:00,stock,DRREDDY,no monthly expiry in DTE window,,,,,,,
2026-07-24 10:00:00,stock,GRASIM,no monthly expiry in DTE window,,,,,,,
2026-07-24 10:00:00,stock,ICICIBANK,"event in option life [entry, expiry]",,,,,,,
2026-07-24 10:00:00,stock,ITC,"event in option life [entry, expiry]",,,,,,,
2026-07-24 10:00:00,stock,KOTAKBANK,"event in option life [entry, expiry]",,,,,,,
2026-07-24 10:00:00,stock,LT,"event in option life [entry, expiry]",,,,,,,
2026-07-24 10:00:00,stock,NTPC,no monthly expiry in DTE window,,,,,,,
2026-07-24 10:00:00,stock,RELIANCE,"event in option life [entry, expiry]",,,,,,,
2026-07-24 10:00:00,stock,SBIN,"event in option life [entry, expiry]",,,,,,,
2026-07-24 10:00:00,stock,TRENT,no spot/IV,,,,,,,
2026-07-27 10:00:00,stock,ADANIENT,no option tape,0.36579463574504745,0.31255394198089154,,,,"5,20",
2026-07-27 10:00:00,stock,AXISBANK,no option tape 2026-08-25 K=1240.0,0.21335357942451266,0.20910147461565057,,,,"5,20,60",
2026-07-27 10:00:00,stock,BAJAJFINSV,no monthly expiry in DTE window,,,,,,,
2026-07-27 10:00:00,stock,BAJFINANCE,VRP -0.53pt edge -153 < hurdle 217,0.30012419094321346,0.30538446930622826,-0.003185144104128207,-0.5260278363014792,-63.48163801502383,"5,20,60",long
2026-07-27 10:00:00,stock,BHARTIARTL,"event in option life [entry, expiry]",,,,,,,
2026-07-27 10:00:00,stock,DRREDDY,no monthly expiry in DTE window,,,,,,,
2026-07-27 10:00:00,stock,GRASIM,no monthly expiry in DTE window,,,,,,,
2026-07-27 10:00:00,stock,ICICIBANK,no option tape 2026-08-25 K=1440.0,0.1442085362193845,0.15651559617682706,,,,"5,20,60",
2026-07-27 10:00:00,stock,ITC,"event in option life [entry, expiry]",,,,,,,
2026-07-27 10:00:00,stock,KOTAKBANK,no option tape 2026-08-25 K=390.0,0.21336573284299573,0.20801372423538514,,,,"5,20,60",
2026-07-27 10:00:00,stock,NTPC,no monthly expiry in DTE window,,,,,,,
2026-07-27 10:00:00,stock,RELIANCE,"event in option life [entry, expiry]",,,,,,,
2026-07-27 10:00:00,stock,SBIN,"event in option life [entry, expiry]",,,,,,,
2026-07-27 10:00:00,stock,TRENT,no spot/IV,,,,,,,
2026-07-28 10:00:00,stock,ADANIENT,no option tape,0.3368248535925087,0.3144185007968989,,,,"5,20",
2026-07-28 10:00:00,stock,AXISBANK,no option tape 2026-08-25 K=1240.0,0.2120736309122907,0.20788586190455316,,,,"5,20,60",
2026-07-28 10:00:00,stock,BAJAJFINSV,no monthly expiry in DTE window,,,,,,,
2026-07-28 10:00:00,stock,BHARTIARTL,"event in option life [entry, expiry]",,,,,,,
2026-07-28 10:00:00,stock,DRREDDY,no monthly expiry in DTE window,,,,,,,
2026-07-28 10:00:00,stock,GRASIM,no monthly expiry in DTE window,,,,,,,
2026-07-28 10:00:00,stock,ICICIBANK,no option tape 2026-08-25 K=1440.0,0.14408628023327164,0.1638504946596687,,,,"5,20,60",
2026-07-28 10:00:00,stock,ITC,"event in option life [entry, expiry]",,,,,,,
2026-07-28 10:00:00,stock,NTPC,no monthly expiry in DTE window,,,,,,,
2026-07-28 10:00:00,stock,RELIANCE,"event in option life [entry, expiry]",,,,,,,
2026-07-28 10:00:00,stock,SBIN,"event in option life [entry, expiry]",,,,,,,
2026-07-28 10:00:00,stock,TRENT,no spot/IV,,,,,,,
2026-07-29 10:00:00,stock,ADANIENT,no option tape,0.3330974576041404,0.30107069309076556,,,,"5,20",
2026-07-29 10:00:00,stock,BAJAJFINSV,no monthly expiry in DTE window,,,,,,,
2026-07-29 10:00:00,stock,BHARTIARTL,"event in option life [entry, expiry]",,,,,,,
2026-07-29 10:00:00,stock,DRREDDY,no monthly expiry in DTE window,,,,,,,
2026-07-29 10:00:00,stock,GRASIM,no monthly expiry in DTE window,,,,,,,
2026-07-29 10:00:00,stock,ICICIBANK,no option tape 2026-08-25 K=1450.0,0.1411737140601751,0.14869759571197796,,,,"5,20,60",
2026-07-29 10:00:00,stock,ITC,"event in option life [entry, expiry]",,,,,,,
2026-07-29 10:00:00,stock,LT,no option tape 2026-08-25 K=3950.0,0.20417925843988247,0.19646269361090427,,,,"5,20,60",
2026-07-29 10:00:00,stock,NTPC,no monthly expiry in DTE window,,,,,,,
2026-07-29 10:00:00,stock,RELIANCE,"event in option life [entry, expiry]",,,,,,,
2026-07-29 10:00:00,stock,SBIN,"event in option life [entry, expiry]",,,,,,,
2026-07-29 10:00:00,stock,TRENT,no spot/IV,,,,,,,
2026-07-30 10:00:00,stock,ADANIENT,no option tape,0.29660630511158503,0.18611624031437268,,,,"5,20",
2026-07-30 10:00:00,stock,BAJAJFINSV,no monthly expiry in DTE window,,,,,,,
2026-07-30 10:00:00,stock,BHARTIARTL,"event in option life [entry, expiry]",,,,,,,
2026-07-30 10:00:00,stock,DRREDDY,no monthly expiry in DTE window,,,,,,,
2026-07-30 10:00:00,stock,GRASIM,no monthly expiry in DTE window,,,,,,,
2026-07-30 10:00:00,stock,ICICIBANK,no option tape 2026-08-25 K=1440.0,0.1762292902097914,0.14426026589471716,,,,"5,20,60",
2026-07-30 10:00:00,stock,ITC,"event in option life [entry, expiry]",,,,,,,
2026-07-30 10:00:00,stock,LT,no option tape 2026-08-25 K=3950.0,0.19651965205029676,0.19313765758743287,,,,"5,20,60",
2026-07-30 10:00:00,stock,NTPC,no monthly expiry in DTE window,,,,,,,
2026-07-30 10:00:00,stock,RELIANCE,"event in option life [entry, expiry]",,,,,,,
2026-07-30 10:00:00,stock,SBIN,"event in option life [entry, expiry]",,,,,,,
2026-07-30 10:00:00,stock,TRENT,no spot/IV,,,,,,,
2026-07-31 10:00:00,stock,ADANIENT,no option tape,0.2964285517037287,0.1974841810004141,,,,"5,20",
2026-07-31 10:00:00,stock,BAJAJFINSV,no monthly expiry in DTE window,,,,,,,
2026-07-31 10:00:00,stock,BHARTIARTL,"event in option life [entry, expiry]",,,,,,,
2026-07-31 10:00:00,stock,DRREDDY,no monthly expiry in DTE window,,,,,,,
2026-07-31 10:00:00,stock,GRASIM,no monthly expiry in DTE window,,,,,,,
2026-07-31 10:00:00,stock,ICICIBANK,no option tape 2026-08-25 K=1440.0,0.13868183687946462,0.1416680147874362,,,,"5,20,60",
2026-07-31 10:00:00,stock,ITC,"event in option life [entry, expiry]",,,,,,,
2026-07-31 10:00:00,stock,LT,no option tape 2026-08-25 K=3950.0,0.19387233819130478,0.19192345834028876,,,,"5,20,60",
2026-07-31 10:00:00,stock,NTPC,no monthly expiry in DTE window,,,,,,,
2026-07-31 10:00:00,stock,RELIANCE,"event in option life [entry, expiry]",,,,,,,
2026-07-31 10:00:00,stock,SBIN,"event in option life [entry, expiry]",,,,,,,
2026-07-31 10:00:00,stock,TRENT,no option tape,0.31342531617245123,,,,,,
2026-08-03 10:00:00,stock,ADANIENT,no option tape,0.2937606587152508,0.22656980715410047,,,,"5,20",
2026-08-03 10:00:00,stock,BAJAJFINSV,no monthly expiry in DTE window,,,,,,,
2026-08-03 10:00:00,stock,BHARTIARTL,"event in option life [entry, expiry]",,,,,,,
2026-08-03 10:00:00,stock,DRREDDY,no monthly expiry in DTE window,,,,,,,
2026-08-03 10:00:00,stock,GRASIM,no monthly expiry in DTE window,,,,,,,
2026-08-03 10:00:00,stock,ICICIBANK,no option tape 2026-08-25 K=1450.0,0.18645984175708197,0.1604602754963688,,,,"5,20,60",
2026-08-03 10:00:00,stock,LT,no option tape 2026-08-25 K=4000.0,0.18750610858882438,0.22134981208140694,,,,"5,20,60",
2026-08-03 10:00:00,stock,NTPC,no monthly expiry in DTE window,,,,,,,
2026-08-03 10:00:00,stock,RELIANCE,"event in option life [entry, expiry]",,,,,,,
2026-08-03 10:00:00,stock,SBIN,"event in option life [entry, expiry]",,,,,,,
2026-08-03 10:00:00,stock,TRENT,no option tape,0.33342086134075655,,,,,,
2026-08-04 10:00:00,stock,ADANIENT,no option tape,0.2940973518980457,0.2084396199068178,,,,"5,20",
2026-08-04 10:00:00,stock,BAJAJFINSV,no monthly expiry in DTE window,,,,,,,
2026-08-04 10:00:00,stock,BHARTIARTL,"event in option life [entry, expiry]",,,,,,,
2026-08-04 10:00:00,stock,DRREDDY,no monthly expiry in DTE window,,,,,,,
2026-08-04 10:00:00,stock,GRASIM,no monthly expiry in DTE window,,,,,,,
2026-08-04 10:00:00,stock,ICICIBANK,no option tape 2026-08-25 K=1450.0,0.18233922159608806,0.1526283000057861,,,,"5,20,60",
2026-08-04 10:00:00,stock,NTPC,no monthly expiry in DTE window,,,,,,,
2026-08-04 10:00:00,stock,RELIANCE,"event in option life [entry, expiry]",,,,,,,
2026-08-04 10:00:00,stock,SBIN,"event in option life [entry, expiry]",,,,,,,
2026-08-04 10:00:00,stock,TRENT,no option tape,0.3444150981742054,,,,,,
2026-08-05 10:00:00,index,NIFTY,no option tape 2026-08-18 K=24750.0,0.11112189311455731,0.11877981928381737,,,,"5,20,60",
2026-08-05 10:00:00,stock,ADANIENT,no monthly expiry in DTE window,,,,,,,
2026-08-05 10:00:00,stock,BAJAJFINSV,no monthly expiry in DTE window,,,,,,,
2026-08-05 10:00:00,stock,BHARTIARTL,no monthly expiry in DTE window,,,,,,,
2026-08-05 10:00:00,stock,DRREDDY,no monthly expiry in DTE window,,,,,,,
2026-08-05 10:00:00,stock,GRASIM,no monthly expiry in DTE window,,,,,,,
2026-08-05 10:00:00,stock,ICICIBANK,no monthly expiry in DTE window,,,,,,,
2026-08-05 10:00:00,stock,NTPC,no monthly expiry in DTE window,,,,,,,
2026-08-05 10:00:00,stock,RELIANCE,no monthly expiry in DTE window,,,,,,,
2026-08-05 10:00:00,stock,SBIN,no monthly expiry in DTE window,,,,,,,
2026-08-05 10:00:00,stock,TRENT,no monthly expiry in DTE window,,,,,,,
2026-08-06 10:00:00,stock,ADANIENT,no monthly expiry in DTE window,,,,,,,
2026-08-06 10:00:00,stock,BAJAJFINSV,no monthly expiry in DTE window,,,,,,,
2026-08-06 10:00:00,stock,BHARTIARTL,no monthly expiry in DTE window,,,,,,,
2026-08-06 10:00:00,stock,DRREDDY,no monthly expiry in DTE window,,,,,,,
2026-08-06 10:00:00,stock,GRASIM,no monthly expiry in DTE window,,,,,,,
2026-08-06 10:00:00,stock,ICICIBANK,no monthly expiry in DTE window,,,,,,,
2026-08-06 10:00:00,stock,NTPC,no monthly expiry in DTE window,,,,,,,
2026-08-06 10:00:00,stock,RELIANCE,no monthly expiry in DTE window,,,,,,,
2026-08-06 10:00:00,stock,SBIN,no monthly expiry in DTE window,,,,,,,
2026-08-06 10:00:00,stock,TRENT,no monthly expiry in DTE window,,,,,,,
2026-08-07 10:00:00,stock,ADANIENT,no monthly expiry in DTE window,,,,,,,
2026-08-07 10:00:00,stock,BAJAJFINSV,no monthly expiry in DTE window,,,,,,,
2026-08-07 10:00:00,stock,BAJFINANCE,no monthly expiry in DTE window,,,,,,,
2026-08-07 10:00:00,stock,BHARTIARTL,no monthly expiry in DTE window,,,,,,,
2026-08-07 10:00:00,stock,DRREDDY,no monthly expiry in DTE window,,,,,,,
2026-08-07 10:00:00,stock,GRASIM,no monthly expiry in DTE window,,,,,,,
2026-08-07 10:00:00,stock,ICICIBANK,no monthly expiry in DTE window,,,,,,,
2026-08-07 10:00:00,stock,NTPC,no monthly expiry in DTE window,,,,,,,
2026-08-07 10:00:00,stock,RELIANCE,no monthly expiry in DTE window,,,,,,,
2026-08-07 10:00:00,stock,SBIN,no monthly expiry in DTE window,,,,,,,
2026-08-07 10:00:00,stock,TCS,no monthly expiry in DTE window,,,,,,,
2026-08-07 10:00:00,stock,TRENT,no monthly expiry in DTE window,,,,,,,
2026-08-10 10:00:00,stock,ADANIENT,no monthly expiry in DTE window,,,,,,,
2026-08-10 10:00:00,stock,BAJAJFINSV,no monthly expiry in DTE window,,,,,,,
2026-08-10 10:00:00,stock,BAJFINANCE,no monthly expiry in DTE window,,,,,,,
2026-08-10 10:00:00,stock,BHARTIARTL,no monthly expiry in DTE window,,,,,,,
2026-08-10 10:00:00,stock,DRREDDY,no monthly expiry in DTE window,,,,,,,
2026-08-10 10:00:00,stock,GRASIM,no monthly expiry in DTE window,,,,,,,
2026-08-10 10:00:00,stock,ICICIBANK,no monthly expiry in DTE window,,,,,,,
2026-08-10 10:00:00,stock,NTPC,no monthly expiry in DTE window,,,,,,,
2026-08-10 10:00:00,stock,RELIANCE,no monthly expiry in DTE window,,,,,,,
2026-08-10 10:00:00,stock,SBIN,no monthly expiry in DTE window,,,,,,,
2026-08-10 10:00:00,stock,TCS,no monthly expiry in DTE window,,,,,,,
2026-08-10 10:00:00,stock,TRENT,no monthly expiry in DTE window,,,,,,,
2026-08-11 10:00:00,stock,ADANIENT,no monthly expiry in DTE window,,,,,,,
2026-08-11 10:00:00,stock,BAJAJFINSV,no monthly expiry in DTE window,,,,,,,
2026-08-11 10:00:00,stock,BAJFINANCE,no monthly expiry in DTE window,,,,,,,
2026-08-11 10:00:00,stock,BHARTIARTL,no monthly expiry in DTE window,,,,,,,
2026-08-11 10:00:00,stock,DRREDDY,no monthly expiry in DTE window,,,,,,,
2026-08-11 10:00:00,stock,GRASIM,no monthly expiry in DTE window,,,,,,,
2026-08-11 10:00:00,stock,ICICIBANK,no monthly expiry in DTE window,,,,,,,
2026-08-11 10:00:00,stock,NTPC,no monthly expiry in DTE window,,,,,,,
2026-08-11 10:00:00,stock,RELIANCE,no monthly expiry in DTE window,,,,,,,
2026-08-11 10:00:00,stock,SBIN,no monthly expiry in DTE window,,,,,,,
2026-08-11 10:00:00,stock,TCS,no monthly expiry in DTE window,,,,,,,
2026-08-11 10:00:00,stock,TRENT,no monthly expiry in DTE window,,,,,,,
2026-08-12 10:00:00,stock,ADANIENT,no monthly expiry in DTE window,,,,,,,
2026-08-12 10:00:00,stock,BAJAJFINSV,no monthly expiry in DTE window,,,,,,,
2026-08-12 10:00:00,stock,BAJFINANCE,no monthly expiry in DTE window,,,,,,,
2026-08-12 10:00:00,stock,BHARTIARTL,no monthly expiry in DTE window,,,,,,,
2026-08-12 10:00:00,stock,DRREDDY,no monthly expiry in DTE window,,,,,,,
2026-08-12 10:00:00,stock,GRASIM,no monthly expiry in DTE window,,,,,,,
2026-08-12 10:00:00,stock,ICICIBANK,no monthly expiry in DTE window,,,,,,,
2026-08-12 10:00:00,stock,NTPC,no monthly expiry in DTE window,,,,,,,
2026-08-12 10:00:00,stock,RELIANCE,no monthly expiry in DTE window,,,,,,,
2026-08-12 10:00:00,stock,SBIN,no monthly expiry in DTE window,,,,,,,
2026-08-12 10:00:00,stock,TCS,no monthly expiry in DTE window,,,,,,,
2026-08-12 10:00:00,stock,TRENT,no monthly expiry in DTE window,,,,,,,
2026-08-13 10:00:00,index,NIFTY,|VRP| -0.10pt < 0.25,0.08247135923497245,0.08344919591659875,-0.00016224320506300505,-0.09778366816262929,0.0,"5,20,60",long
2026-08-13 10:00:00,stock,ADANIENT,no monthly expiry in DTE window,,,,,,,
2026-08-13 10:00:00,stock,BAJAJFINSV,no monthly expiry in DTE window,,,,,,,
2026-08-13 10:00:00,stock,BAJFINANCE,no monthly expiry in DTE window,,,,,,,
2026-08-13 10:00:00,stock,BHARTIARTL,no monthly expiry in DTE window,,,,,,,
2026-08-13 10:00:00,stock,DRREDDY,no monthly expiry in DTE window,,,,,,,
2026-08-13 10:00:00,stock,GRASIM,no monthly expiry in DTE window,,,,,,,
2026-08-13 10:00:00,stock,ICICIBANK,no monthly expiry in DTE window,,,,,,,
2026-08-13 10:00:00,stock,NTPC,no monthly expiry in DTE window,,,,,,,
2026-08-13 10:00:00,stock,RELIANCE,no monthly expiry in DTE window,,,,,,,
2026-08-13 10:00:00,stock,SBIN,no monthly expiry in DTE window,,,,,,,
2026-08-13 10:00:00,stock,TCS,no monthly expiry in DTE window,,,,,,,
2026-08-13 10:00:00,stock,TRENT,no monthly expiry in DTE window,,,,,,,
2026-08-14 10:00:00,stock,ADANIENT,no monthly expiry in DTE window,,,,,,,
2026-08-14 10:00:00,stock,BAJAJFINSV,no monthly expiry in DTE window,,,,,,,
2026-08-14 10:00:00,stock,BAJFINANCE,no monthly expiry in DTE window,,,,,,,
2026-08-14 10:00:00,stock,BHARTIARTL,no monthly expiry in DTE window,,,,,,,
2026-08-14 10:00:00,stock,DRREDDY,no monthly expiry in DTE window,,,,,,,
2026-08-14 10:00:00,stock,GRASIM,no monthly expiry in DTE window,,,,,,,
2026-08-14 10:00:00,stock,ICICIBANK,no monthly expiry in DTE window,,,,,,,
2026-08-14 10:00:00,stock,NTPC,no monthly expiry in DTE window,,,,,,,
2026-08-14 10:00:00,stock,RELIANCE,no monthly expiry in DTE window,,,,,,,
2026-08-14 10:00:00,stock,SBIN,no monthly expiry in DTE window,,,,,,,
2026-08-14 10:00:00,stock,TCS,no monthly expiry in DTE window,,,,,,,
2026-08-14 10:00:00,stock,TRENT,no monthly expiry in DTE window,,,,,,,
2026-08-17 10:00:00,stock,ADANIENT,no option tape,0.2915015809654342,0.20253291267670687,,,,"5,20",
2026-08-17 10:00:00,stock,AXISBANK,no option tape 2026-09-29 K=1220.0,0.18853538710657589,0.16829669760751384,,,,"5,20,60",
2026-08-17 10:00:00,stock,BAJAJFINSV,no monthly expiry in DTE window,,,,,,,
2026-08-17 10:00:00,stock,BAJFINANCE,no option tape 2026-09-29 K=1100.0,0.2297326981387097,0.2853121203753055,,,,"5,20,60",
2026-08-17 10:00:00,stock,BHARTIARTL,no option tape 2026-09-29 K=1980.0,0.16190741881590123,0.22010805122874433,,,,"5,20,60",
2026-08-17 10:00:00,stock,DRREDDY,no monthly expiry in DTE window,,,,,,,
2026-08-17 10:00:00,stock,GRASIM,no monthly expiry in DTE window,,,,,,,
2026-08-17 10:00:00,stock,ICICIBANK,no option tape 2026-09-29 K=1420.0,0.19015546342573925,0.15296479128720614,,,,"5,20,60",
2026-08-17 10:00:00,stock,KOTAKBANK,no option tape 2026-09-29 K=395.0,0.1947479118916996,0.13259527779813496,,,,"5,20,60",
2026-08-17 10:00:00,stock,NTPC,no monthly expiry in DTE window,,,,,,,
2026-08-17 10:00:00,stock,RELIANCE,no option tape 2026-09-29 K=1300.0,0.1825799070646908,0.15444976699812157,,,,"5,20,60",
2026-08-17 10:00:00,stock,SBIN,no option tape 2026-09-29 K=1080.0,0.22104318887085864,0.18073342617901594,,,,"5,20,60",
2026-08-17 10:00:00,stock,TCS,no option tape 2026-09-29 K=2340.0,0.2669571999780769,0.35416661948878114,,,,"5,20,60",
2026-08-17 10:00:00,stock,TRENT,no option tape,0.3112032356927342,,,,,5,
2026-08-18 10:00:00,stock,ADANIENT,no option tape,0.267045892596927,0.2010847700252593,,,,"5,20",
2026-08-18 10:00:00,stock,AXISBANK,no option tape 2026-09-29 K=1240.0,0.18780588304239887,0.16640477087001276,,,,"5,20,60",
2026-08-18 10:00:00,stock,BAJAJFINSV,no monthly expiry in DTE window,,,,,,,
2026-08-18 10:00:00,stock,BAJFINANCE,no option tape 2026-09-29 K=1100.0,0.21101357316673405,0.28340670468906487,,,,"5,20,60",
2026-08-18 10:00:00,stock,BHARTIARTL,no option tape 2026-09-29 K=1960.0,0.16798661977147636,0.22928836264741942,,,,"5,20,60",
2026-08-18 10:00:00,stock,DRREDDY,no monthly expiry in DTE window,,,,,,,
2026-08-18 10:00:00,stock,GRASIM,no monthly expiry in DTE window,,,,,,,
2026-08-18 10:00:00,stock,ICICIBANK,no option tape 2026-09-29 K=1420.0,0.16988606029199588,0.15232924140087026,,,,"5,20,60",
2026-08-18 10:00:00,stock,INFY,no option tape 2026-09-29 K=1120.0,0.26951452359986106,0.30732609202997224,,,,"5,20,60",
2026-08-18 10:00:00,stock,ITC,no option tape 2026-09-29 K=275.0,0.17007962804785962,0.17168849115529772,,,,"5,20,60",
2026-08-18 10:00:00,stock,KOTAKBANK,no option tape 2026-09-29 K=395.0,0.1898225153840014,0.1471024336642579,,,,"5,20,60",
2026-08-18 10:00:00,stock,LT,no option tape 2026-09-29 K=4100.0,0.18356311481663432,0.15413494897266625,,,,"5,20,60",
2026-08-18 10:00:00,stock,NTPC,no monthly expiry in DTE window,,,,,,,
2026-08-18 10:00:00,stock,RELIANCE,no option tape 2026-09-29 K=1340.0,0.18392817184860463,0.15280205797330715,,,,"5,20,60",
2026-08-18 10:00:00,stock,SBIN,no option tape 2026-09-29 K=1080.0,0.20388436909098773,0.18139622646920853,,,,"5,20,60",
2026-08-18 10:00:00,stock,TRENT,no option tape,0.2789486767523024,,,,,5,
2026-08-19 10:00:00,stock,ADANIENT,no option tape,0.2682102677012541,0.2000811887053706,,,,"5,20",
2026-08-19 10:00:00,stock,AXISBANK,no option tape 2026-09-29 K=1240.0,0.18428677550407535,0.16556727653115952,,,,"5,20,60",
2026-08-19 10:00:00,stock,BAJAJFINSV,no monthly expiry in DTE window,,,,,,,
2026-08-19 10:00:00,stock,BHARTIARTL,no option tape 2026-09-29 K=1960.0,0.16601695569634714,0.21984557003292304,,,,"5,20,60",
2026-08-19 10:00:00,stock,DRREDDY,no monthly expiry in DTE window,,,,,,,
2026-08-19 10:00:00,stock,GRASIM,no monthly expiry in DTE window,,,,,,,
2026-08-19 10:00:00,stock,ICICIBANK,"VRP 0.27pt edge 705 < hurdle 1,040",0.154720789714755,0.15203573456930544,0.0008236581839291407,0.2685055145449561,-335.4273446045597,"5,20,60",short
2026-08-19 10:00:00,stock,INFY,no option tape 2026-09-29 K=1120.0,0.27505175016668093,0.2997004769111263,,,,"5,20,60",
2026-08-19 10:00:00,stock,ITC,no option tape 2026-09-29 K=270.0,0.169999850736971,0.17431262491107707,,,,"5,20,60",
2026-08-19 10:00:00,stock,KOTAKBANK,no option tape 2026-09-29 K=395.0,0.1864485702836425,0.14457736517923708,,,,"5,20,60",
2026-08-19 10:00:00,stock,NTPC,no monthly expiry in DTE window,,,,,,,
2026-08-19 10:00:00,stock,RELIANCE,no option tape 2026-09-29 K=1340.0,0.1753908877485822,0.15585498087217264,,,,"5,20,60",
2026-08-19 10:00:00,stock,SBIN,no option tape 2026-09-29 K=1040.0,0.20605114249799633,0.1628409682106883,,,,"5,20,60",
2026-08-19 10:00:00,stock,TRENT,no option tape,0.2826572256775991,,,,,5,
2026-08-20 10:00:00,stock,ADANIENT,no option tape,0.2511388546406439,0.1670348222300348,,,,"5,20",
2026-08-20 10:00:00,stock,AXISBANK,no option tape 2026-09-29 K=1260.0,0.1872462169866048,0.1738884534308192,,,,"5,20,60",
2026-08-20 10:00:00,stock,BAJAJFINSV,no monthly expiry in DTE window,,,,,,,
2026-08-20 10:00:00,stock,BHARTIARTL,no option tape 2026-09-29 K=1960.0,0.15399449986322242,0.22453762057197957,,,,"5,20,60",
2026-08-20 10:00:00,stock,DRREDDY,no monthly expiry in DTE window,,,,,,,
2026-08-20 10:00:00,stock,GRASIM,no monthly expiry in DTE window,,,,,,,
2026-08-20 10:00:00,stock,ICICIBANK,no option tape 2026-09-29 K=1420.0,0.15650749643144807,0.1319701737656449,,,,"5,20,60",
2026-08-20 10:00:00,stock,ITC,no option tape 2026-09-29 K=267.5,0.17364600960109378,0.1916771705808878,,,,"5,20,60",
2026-08-20 10:00:00,stock,KOTAKBANK,no option tape 2026-09-29 K=400.0,0.17559158724263857,0.17052402826390733,,,,"5,20,60",
2026-08-20 10:00:00,stock,NTPC,no monthly expiry in DTE window,,,,,,,
2026-08-20 10:00:00,stock,RELIANCE,no option tape 2026-09-29 K=1300.0,0.17515821051702177,0.14757576650159013,,,,"5,20,60",
2026-08-20 10:00:00,stock,SBIN,no option tape 2026-09-29 K=1040.0,0.20336233741955057,0.1608840844011576,,,,"5,20,60",
2026-08-20 10:00:00,stock,TRENT,no option tape,0.2659679346927325,,,,,5,
2026-08-21 10:00:00,index,NIFTY,no option tape 2026-09-01 K=24350.0,0.08317821134543456,0.08675388588939013,,,,"5,20,60",
2026-08-21 10:00:00,stock,ADANIENT,no option tape,0.24378773865182712,0.10948438906972577,,,,"5,20",
2026-08-21 10:00:00,stock,AXISBANK,no option tape 2026-09-29 K=1260.0,0.17805700830522547,0.17423809956401895,,,,"5,20,60",
2026-08-21 10:00:00,stock,BAJAJFINSV,no monthly expiry in DTE window,,,,,,,
2026-08-21 10:00:00,stock,BHARTIARTL,no option tape 2026-09-29 K=1960.0,0.14940122437450756,0.1817242688109118,,,,"5,20,60",
2026-08-21 10:00:00,stock,DRREDDY,no monthly expiry in DTE window,,,,,,,
2026-08-21 10:00:00,stock,GRASIM,no monthly expiry in DTE window,,,,,,,
2026-08-21 10:00:00,stock,ICICIBANK,no option tape 2026-09-29 K=1430.0,0.15334719465710972,0.13083837450995014,,,,"5,20,60",
2026-08-21 10:00:00,stock,ITC,no option tape 2026-09-29 K=272.5,0.1688023716135183,0.19333441217287828,,,,"5,20,60",
2026-08-21 10:00:00,stock,KOTAKBANK,no option tape 2026-09-29 K=400.0,0.17700627911821698,0.18413074603686905,,,,"5,20,60",
2026-08-21 10:00:00,stock,NTPC,no monthly expiry in DTE window,,,,,,,
2026-08-21 10:00:00,stock,RELIANCE,no option tape 2026-09-29 K=1340.0,0.17301518347075587,0.1454760615891257,,,,"5,20,60",
2026-08-21 10:00:00,stock,SBIN,no option tape 2026-09-29 K=1040.0,0.18162426234681928,0.14607281284500837,,,,"5,20,60",
2026-08-21 10:00:00,stock,TRENT,no option tape,0.25974420013243693,,,,,5,
2026-08-24 10:00:00,stock,ADANIENT,no option tape,0.2516959972282192,0.09745205839286146,,,,"5,20",
2026-08-24 10:00:00,stock,AXISBANK,no option tape 2026-09-29 K=1240.0,0.1744040135375623,0.17446019683107553,,,,"5,20,60",
2026-08-24 10:00:00,stock,BAJAJFINSV,no monthly expiry in DTE window,,,,,,,
2026-08-24 10:00:00,stock,BHARTIARTL,no option tape 2026-09-29 K=1960.0,0.15102326812210048,0.1753095848948975,,,,"5,20,60",
2026-08-24 10:00:00,stock,DRREDDY,no monthly expiry in DTE window,,,,,,,
2026-08-24 10:00:00,stock,GRASIM,no monthly expiry in DTE window,,,,,,,
2026-08-24 10:00:00,stock,ICICIBANK,no option tape 2026-09-29 K=1430.0,0.15878049231719504,0.13016034839419002,,,,"5,20,60",
2026-08-24 10:00:00,stock,ITC,no option tape 2026-09-29 K=270.0,0.16498691869730847,0.17031961686422556,,,,"5,20,60",
2026-08-24 10:00:00,stock,KOTAKBANK,no option tape 2026-09-29 K=400.0,0.1797765182620854,0.18367703763148505,,,,"5,20,60",
2026-08-24 10:00:00,stock,NTPC,no monthly expiry in DTE window,,,,,,,
2026-08-24 10:00:00,stock,RELIANCE,no option tape 2026-09-29 K=1300.0,0.17746746698802454,0.14439607189173165,,,,"5,20,60",
2026-08-24 10:00:00,stock,SBIN,no option tape 2026-09-29 K=1040.0,0.18133203616586824,0.15000345228618647,,,,"5,20,60",
2026-08-24 10:00:00,stock,TRENT,no option tape,0.2500108171690703,,,,,5,
2026-08-25 10:00:00,stock,ADANIENT,no option tape,0.2454913691670615,0.23834803536100044,,,,"5,20,60",
2026-08-25 10:00:00,stock,AXISBANK,no option tape 2026-09-29 K=1240.0,0.15935109093828875,0.16347874506026394,,,,"5,20,60",
2026-08-25 10:00:00,stock,BAJAJFINSV,no monthly expiry in DTE window,,,,,,,
2026-08-25 10:00:00,stock,BHARTIARTL,no option tape 2026-09-29 K=1940.0,0.15497104691233612,0.1563049342468803,,,,"5,20,60",
2026-08-25 10:00:00,stock,DRREDDY,no monthly expiry in DTE window,,,,,,,
2026-08-25 10:00:00,stock,GRASIM,no monthly expiry in DTE window,,,,,,,
2026-08-25 10:00:00,stock,ICICIBANK,no option tape 2026-09-29 K=1430.0,0.14699928878231722,0.13043259769070936,,,,"5,20,60",
2026-08-25 10:00:00,stock,ITC,no option tape 2026-09-29 K=270.0,0.15355399463087832,0.16304502653843866,,,,"5,20,60",
2026-08-25 10:00:00,stock,KOTAKBANK,no option tape 2026-09-29 K=400.0,0.17382623796791644,0.17227582501627456,,,,"5,20,60",
2026-08-25 10:00:00,stock,NTPC,no monthly expiry in DTE window,,,,,,,
2026-08-25 10:00:00,stock,RELIANCE,no option tape 2026-09-29 K=1300.0,0.17182978737276589,0.1442975550628986,,,,"5,20,60",
2026-08-25 10:00:00,stock,SBIN,no option tape 2026-09-29 K=1040.0,0.17108055855436435,0.1504964268907165,,,,"5,20,60",
2026-08-25 10:00:00,stock,TRENT,no option tape,0.2310927042937191,,,,,5,
2026-08-26 10:00:00,stock,ADANIENT,no option tape,0.2251331731834848,0.23632492114291456,,,,"5,20,60",
2026-08-26 10:00:00,stock,AXISBANK,no option tape 2026-09-29 K=1260.0,0.15379251285363915,0.17928722742053002,,,,"5,20,60",
2026-08-26 10:00:00,stock,BAJAJFINSV,no monthly expiry in DTE window,,,,,,,
2026-08-26 10:00:00,stock,BHARTIARTL,no option tape 2026-09-29 K=1940.0,0.1581655912901489,0.18938247537123812,,,,"5,20,60",
2026-08-26 10:00:00,stock,DRREDDY,no monthly expiry in DTE window,,,,,,,
2026-08-26 10:00:00,stock,GRASIM,no monthly expiry in DTE window,,,,,,,
2026-08-26 10:00:00,stock,ICICIBANK,no option tape 2026-09-29 K=1440.0,0.13448404775518075,0.12803943106733442,,,,"5,20,60",
2026-08-26 10:00:00,stock,ITC,no option tape 2026-09-29 K=275.0,0.14462284573865475,0.15521579172979538,,,,"5,20,60",
2026-08-26 10:00:00,stock,KOTAKBANK,no option tape 2026-09-29 K=420.0,0.15058204787704516,0.25592858928483714,,,,"5,20,60",
2026-08-26 10:00:00,stock,NTPC,no monthly expiry in DTE window,,,,,,,
2026-08-26 10:00:00,stock,RELIANCE,no option tape 2026-09-29 K=1340.0,0.17277617254583938,0.15774013865080827,,,,"5,20,60",
2026-08-26 10:00:00,stock,SBIN,no option tape 2026-09-29 K=1080.0,0.1604356573153848,0.15049362840640113,,,,"5,20,60",
2026-08-26 10:00:00,stock,TRENT,no option tape,0.22359847288695064,,,,,5,
2026-08-27 10:00:00,stock,ADANIENT,no option tape,0.21956841520058012,0.2537663667568676,,,,"5,20,60",
2026-08-27 10:00:00,stock,AXISBANK,no option tape 2026-09-29 K=1260.0,0.162790471971117,0.16829418591738426,,,,"5,20,60",
2026-08-27 10:00:00,stock,BAJAJFINSV,no monthly expiry in DTE window,,,,,,,
2026-08-27 10:00:00,stock,BHARTIARTL,no option tape 2026-09-29 K=1920.0,0.15602747111674442,0.19448907218421516,,,,"5,20,60",
2026-08-27 10:00:00,stock,DRREDDY,no monthly expiry in DTE window,,,,,,,
2026-08-27 10:00:00,stock,GRASIM,no monthly expiry in DTE window,,,,,,,
2026-08-27 10:00:00,stock,ICICIBANK,no option tape 2026-09-29 K=1460.0,0.13633695438121488,0.13176528868563808,,,,"5,20,60",
2026-08-27 10:00:00,stock,ITC,no option tape 2026-09-29 K=270.0,0.14535551970105032,0.13270784621159468,,,,"5,20,60",
2026-08-27 10:00:00,stock,KOTAKBANK,no option tape 2026-09-29 K=425.0,0.16114310165816875,0.25872157405629664,,,,"5,20,60",
2026-08-27 10:00:00,stock,NTPC,no monthly expiry in DTE window,,,,,,,
2026-08-27 10:00:00,stock,RELIANCE,no option tape 2026-09-29 K=1300.0,0.17094690805322443,0.1679642683377613,,,,"5,20,60",
2026-08-27 10:00:00,stock,SBIN,no option tape 2026-09-29 K=1040.0,0.16487261330896963,0.15486754788665363,,,,"5,20,60",
2026-08-27 10:00:00,stock,TRENT,no option tape,0.22212538338581816,,,,,5,
2026-08-28 10:00:00,stock,ADANIENT,no option tape,0.22127957300334944,0.25185359840012805,,,,"5,20,60",
2026-08-28 10:00:00,stock,BAJAJFINSV,no monthly expiry in DTE window,,,,,,,
2026-08-28 10:00:00,stock,BHARTIARTL,no option tape 2026-09-29 K=1880.0,0.16436069616256194,0.19387680688430498,,,,"5,20,60",
2026-08-28 10:00:00,stock,DRREDDY,no monthly expiry in DTE window,,,,,,,
2026-08-28 10:00:00,stock,GRASIM,no monthly expiry in DTE window,,,,,,,
2026-08-28 10:00:00,stock,ICICIBANK,|VRP| -0.22pt < 0.25,0.14626240313233402,0.14845858934641923,-0.0006472621806833494,-0.21961862140852106,0.0,"5,20,60",long
2026-08-28 10:00:00,stock,ITC,no option tape 2026-09-29 K=270.0,0.14410527586531857,0.13613947416842748,,,,"5,20,60",
2026-08-28 10:00:00,stock,KOTAKBANK,no option tape 2026-09-29 K=425.0,0.15508922931850022,0.250587791569386,,,,"5,20,60",
2026-08-28 10:00:00,stock,NTPC,no monthly expiry in DTE window,,,,,,,
2026-08-28 10:00:00,stock,RELIANCE,no option tape 2026-09-29 K=1290.0,0.1603593922989337,0.16701538686308,,,,"5,20,60",
2026-08-28 10:00:00,stock,SBIN,no option tape 2026-09-29 K=1040.0,0.16452852235351734,0.1562486422410548,,,,"5,20,60",
2026-08-28 10:00:00,stock,TRENT,no option tape,0.21650331512383153,0.15768567061824088,,,,"5,20",
2026-08-31 10:00:00,stock,ADANIENT,no option tape,0.24550576179801595,0.5932743539430663,,,,"5,20,60",
2026-08-31 10:00:00,stock,BAJAJFINSV,no monthly expiry in DTE window,,,,,,,
2026-08-31 10:00:00,stock,BHARTIARTL,no option tape 2026-09-29 K=1900.0,0.15743434970128617,0.277239273824765,,,,"5,20,60",
2026-08-31 10:00:00,stock,DRREDDY,no monthly expiry in DTE window,,,,,,,
2026-08-31 10:00:00,stock,GRASIM,no monthly expiry in DTE window,,,,,,,
2026-08-31 10:00:00,stock,ICICIBANK,no option tape 2026-09-29 K=1430.0,0.13939838977638735,0.18286531089450897,,,,"5,20,60",
2026-08-31 10:00:00,stock,KOTAKBANK,no option tape 2026-09-29 K=425.0,0.16238311320386947,0.2527785314399993,,,,"5,20,60",
2026-08-31 10:00:00,stock,NTPC,no monthly expiry in DTE window,,,,,,,
2026-08-31 10:00:00,stock,RELIANCE,no option tape 2026-09-29 K=1280.0,0.18911012158820295,0.16933699738886865,,,,"5,20,60",
2026-08-31 10:00:00,stock,SBIN,no option tape 2026-09-29 K=1040.0,0.18259850647803977,0.15916928273901054,,,,"5,20,60",
2026-08-31 10:00:00,stock,TRENT,no option tape,0.23403562486535695,0.15439488546413618,,,,"5,20",
2026-09-01 10:00:00,stock,ADANIENT,no option tape,0.29889320009497133,0.5669840769080536,,,,"5,20,60",
2026-09-01 10:00:00,stock,BAJAJFINSV,no monthly expiry in DTE window,,,,,,,
2026-09-01 10:00:00,stock,BHARTIARTL,no option tape 2026-09-29 K=1880.0,0.1607590325664644,0.332346175708032,,,,"5,20,60",
2026-09-01 10:00:00,stock,DRREDDY,no monthly expiry in DTE window,,,,,,,
2026-09-01 10:00:00,stock,GRASIM,no monthly expiry in DTE window,,,,,,,
2026-09-01 10:00:00,stock,KOTAKBANK,no option tape 2026-09-29 K=425.0,0.1608303455525833,0.2621650197307794,,,,"5,20,60",
2026-09-01 10:00:00,stock,NTPC,no monthly expiry in DTE window,,,,,,,
2026-09-01 10:00:00,stock,RELIANCE,no option tape 2026-09-29 K=1300.0,0.1688217281245307,0.20610895221931322,,,,"5,20,60",
2026-09-01 10:00:00,stock,SBIN,no option tape 2026-09-29 K=1040.0,0.17770257865038686,0.2003431619352368,,,,"5,20,60",
2026-09-01 10:00:00,stock,TCS,no option tape 2026-09-29 K=2340.0,0.21198963076248878,0.33502908683322585,,,,"5,20,60",
2026-09-01 10:00:00,stock,TRENT,no option tape,0.23569943851653957,0.1496839684654747,,,,"5,20",
2026-09-02 10:00:00,stock,ADANIENT,no option tape,0.2905647250573469,0.5692444039102879,,,,"5,20,60",
2026-09-02 10:00:00,stock,BAJAJFINSV,no monthly expiry in DTE window,,,,,,,
2026-09-02 10:00:00,stock,BHARTIARTL,no option tape 2026-09-29 K=1860.0,0.15889269877290402,0.31586008085508577,,,,"5,20,60",
2026-09-02 10:00:00,stock,DRREDDY,no monthly expiry in DTE window,,,,,,,
2026-09-02 10:00:00,stock,GRASIM,no monthly expiry in DTE window,,,,,,,
2026-09-02 10:00:00,stock,ITC,no option tape 2026-09-29 K=270.0,0.16503526419229136,0.33074544986382476,,,,"5,20,60",
2026-09-02 10:00:00,stock,KOTAKBANK,no option tape 2026-09-29 K=425.0,0.16776207284878178,0.1957432193553692,,,,"5,20,60",
2026-09-02 10:00:00,stock,NTPC,no monthly expiry in DTE window,,,,,,,
2026-09-02 10:00:00,stock,RELIANCE,no option tape 2026-09-29 K=1300.0,0.170743709771434,0.19415877945818216,,,,"5,20,60",
2026-09-02 10:00:00,stock,SBIN,no option tape 2026-09-29 K=1040.0,0.19492367632521973,0.20892207956303427,,,,"5,20,60",
2026-09-02 10:00:00,stock,TCS,no option tape 2026-09-29 K=2340.0,0.22934776491203165,0.33153355125008194,,,,"5,20,60",
2026-09-02 10:00:00,stock,TRENT,no option tape,0.2522570850861653,0.1434493534233361,,,,"5,20",
2026-09-03 10:00:00,index,NIFTY,no option tape 2026-09-15 K=24000.0,0.09820235701969475,0.07128654585323803,,,,"5,20,60",
2026-09-03 10:00:00,stock,ADANIENT,no option tape,0.26651485102906736,0.5625130608445741,,,,"5,20,60",
2026-09-03 10:00:00,stock,BAJAJFINSV,no monthly expiry in DTE window,,,,,,,
2026-09-03 10:00:00,stock,BHARTIARTL,no option tape 2026-09-29 K=1880.0,0.15292977466621605,0.30882626245153416,,,,"5,20,60",
2026-09-03 10:00:00,stock,DRREDDY,no monthly expiry in DTE window,,,,,,,
2026-09-03 10:00:00,stock,GRASIM,no monthly expiry in DTE window,,,,,,,
2026-09-03 10:00:00,stock,KOTAKBANK,no option tape 2026-09-29 K=425.0,0.15297138063652127,0.17556348949139253,,,,"5,20,60",
2026-09-03 10:00:00,stock,NTPC,no monthly expiry in DTE window,,,,,,,
2026-09-03 10:00:00,stock,RELIANCE,no option tape 2026-09-29 K=1300.0,0.16447787717945847,0.1762643297056149,,,,"5,20,60",
2026-09-03 10:00:00,stock,SBIN,no option tape 2026-09-29 K=1040.0,0.18119716292697735,0.19702821561110045,,,,"5,20,60",
2026-09-03 10:00:00,stock,TCS,no option tape 2026-09-29 K=2340.0,0.21562091124910862,0.3326045937000592,,,,"5,20,60",
2026-09-03 10:00:00,stock,TRENT,no option tape,0.24971712283318268,0.1516982311290847,,,,"5,20",
2026-09-04 10:00:00,index,NIFTY,no option tape 2026-09-15 K=24000.0,0.09826389460650102,0.06927486604225477,,,,"5,20,60",
2026-09-04 10:00:00,stock,ADANIENT,no option tape,0.245552773078283,0.5625130608445741,,,,"5,20,60",
2026-09-04 10:00:00,stock,BAJAJFINSV,no monthly expiry in DTE window,,,,,,,
2026-09-04 10:00:00,stock,BHARTIARTL,no option tape 2026-09-29 K=1880.0,0.15168993695553795,0.31910560571316315,,,,"5,20,60",
2026-09-04 10:00:00,stock,DRREDDY,no monthly expiry in DTE window,,,,,,,
2026-09-04 10:00:00,stock,GRASIM,no monthly expiry in DTE window,,,,,,,
2026-09-04 10:00:00,stock,HDFCBANK,no option tape 2026-09-29 K=720.0,0.16520896155318432,0.17746463058370163,,,,"5,20,60",
2026-09-04 10:00:00,stock,KOTAKBANK,no option tape 2026-09-29 K=425.0,0.15588510599118127,0.17906164143734427,,,,"5,20,60",
2026-09-04 10:00:00,stock,NTPC,no monthly expiry in DTE window,,,,,,,
2026-09-04 10:00:00,stock,RELIANCE,no option tape 2026-09-29 K=1340.0,0.1716592560081634,0.19130614606100324,,,,"5,20,60",
2026-09-04 10:00:00,stock,SBIN,no option tape 2026-09-29 K=1040.0,0.17731170532802615,0.1981566740574452,,,,"5,20,60",
2026-09-04 10:00:00,stock,TCS,no option tape 2026-09-29 K=2340.0,0.23125691153753908,0.26466302144229914,,,,"5,20,60",
2026-09-04 10:00:00,stock,TRENT,no option tape,0.25644873794817846,0.1516982311290847,,,,"5,20",
2026-09-07 10:00:00,index,NIFTY,no option tape 2026-09-15 K=23800.0,0.1654340164643871,0.06904108537403993,,,,"5,20,60",
2026-09-07 10:00:00,stock,ADANIENT,no option tape,0.245552773078283,0.5625130608445741,,,,"5,20,60",
2026-09-07 10:00:00,stock,BAJAJFINSV,no monthly expiry in DTE window,,,,,,,
2026-09-07 10:00:00,stock,DRREDDY,no monthly expiry in DTE window,,,,,,,
2026-09-07 10:00:00,stock,GRASIM,no monthly expiry in DTE window,,,,,,,
2026-09-07 10:00:00,stock,HDFCBANK,no option tape 2026-09-29 K=710.0,0.17555415227561633,0.15739730408705002,,,,"5,20,60",
2026-09-07 10:00:00,stock,KOTAKBANK,no option tape 2026-09-29 K=425.0,0.16622997274248785,0.17270901827397456,,,,"5,20,60",
2026-09-07 10:00:00,stock,NTPC,no monthly expiry in DTE window,,,,,,,
2026-09-07 10:00:00,stock,RELIANCE,no option tape 2026-09-29 K=1300.0,0.17290866374459085,0.19254214173326378,,,,"5,20,60",
2026-09-07 10:00:00,stock,SBIN,no option tape 2026-09-29 K=1010.0,0.19283723745864087,0.19030268831521718,,,,"5,20,60",
2026-09-07 10:00:00,stock,TRENT,no option tape,0.25644873794817846,0.1516982311290847,,,,"5,20",
2026-09-08 10:00:00,index,NIFTY,no option tape 2026-09-22 K=23750.0,0.0994378540224075,0.07472423981550023,,,,"5,20,60",
2026-09-08 10:00:00,stock,ADANIENT,no option tape,0.245552773078283,0.5625130608445741,,,,"5,20,60",
2026-09-08 10:00:00,stock,BAJAJFINSV,no monthly expiry in DTE window,,,,,,,
2026-09-08 10:00:00,stock,DRREDDY,no monthly expiry in DTE window,,,,,,,
2026-09-08 10:00:00,stock,GRASIM,no monthly expiry in DTE window,,,,,,,
2026-09-08 10:00:00,stock,HDFCBANK,no option tape 2026-09-29 K=710.0,0.16174018435725102,0.16562765684432393,,,,"5,20,60",
2026-09-08 10:00:00,stock,KOTAKBANK,no option tape 2026-09-29 K=425.0,0.14954179983827048,0.16464260301697245,,,,"5,20,60",
2026-09-08 10:00:00,stock,NTPC,no monthly expiry in DTE window,,,,,,,
2026-09-08 10:00:00,stock,RELIANCE,no option tape 2026-09-29 K=1300.0,0.18677073341371742,0.16332921342635723,,,,"5,20,60",
2026-09-08 10:00:00,stock,SBIN,no option tape 2026-09-29 K=1010.0,0.18889246898115108,0.15148720707825009,,,,"5,20,60",
2026-09-08 10:00:00,stock,TRENT,no option tape,0.25644873794817846,0.1516982311290847,,,,"5,20",
2026-09-09 10:00:00,stock,ADANIENT,no monthly expiry in DTE window,,,,,,,
2026-09-09 10:00:00,stock,AXISBANK,no monthly expiry in DTE window,,,,,,,
2026-09-09 10:00:00,stock,BAJAJFINSV,no monthly expiry in DTE window,,,,,,,
2026-09-09 10:00:00,stock,DRREDDY,no monthly expiry in DTE window,,,,,,,
2026-09-09 10:00:00,stock,GRASIM,no monthly expiry in DTE window,,,,,,,
2026-09-09 10:00:00,stock,HDFCBANK,no monthly expiry in DTE window,,,,,,,
2026-09-09 10:00:00,stock,KOTAKBANK,no monthly expiry in DTE window,,,,,,,
2026-09-09 10:00:00,stock,NTPC,no monthly expiry in DTE window,,,,,,,
2026-09-09 10:00:00,stock,RELIANCE,no monthly expiry in DTE window,,,,,,,
2026-09-09 10:00:00,stock,SBIN,no monthly expiry in DTE window,,,,,,,
2026-09-09 10:00:00,stock,TRENT,no monthly expiry in DTE window,,,,,,,
2026-09-10 10:00:00,stock,ADANIENT,no monthly expiry in DTE window,,,,,,,
2026-09-10 10:00:00,stock,AXISBANK,no monthly expiry in DTE window,,,,,,,
2026-09-10 10:00:00,stock,BAJAJFINSV,no monthly expiry in DTE window,,,,,,,
2026-09-10 10:00:00,stock,DRREDDY,no monthly expiry in DTE window,,,,,,,
2026-09-10 10:00:00,stock,GRASIM,no monthly expiry in DTE window,,,,,,,
2026-09-10 10:00:00,stock,HDFCBANK,no monthly expiry in DTE window,,,,,,,
2026-09-10 10:00:00,stock,KOTAKBANK,no monthly expiry in DTE window,,,,,,,
2026-09-10 10:00:00,stock,NTPC,no monthly expiry in DTE window,,,,,,,
2026-09-10 10:00:00,stock,RELIANCE,no monthly expiry in DTE window,,,,,,,
2026-09-10 10:00:00,stock,SBIN,no monthly expiry in DTE window,,,,,,,
2026-09-10 10:00:00,stock,TRENT,no monthly expiry in DTE window,,,,,,,
2026-09-11 10:00:00,stock,ADANIENT,no monthly expiry in DTE window,,,,,,,
2026-09-11 10:00:00,stock,AXISBANK,no monthly expiry in DTE window,,,,,,,
2026-09-11 10:00:00,stock,BAJAJFINSV,no monthly expiry in DTE window,,,,,,,
2026-09-11 10:00:00,stock,DRREDDY,no monthly expiry in DTE window,,,,,,,
2026-09-11 10:00:00,stock,GRASIM,no monthly expiry in DTE window,,,,,,,
2026-09-11 10:00:00,stock,HDFCBANK,no monthly expiry in DTE window,,,,,,,
2026-09-11 10:00:00,stock,KOTAKBANK,no monthly expiry in DTE window,,,,,,,
2026-09-11 10:00:00,stock,NTPC,no monthly expiry in DTE window,,,,,,,
2026-09-11 10:00:00,stock,RELIANCE,no monthly expiry in DTE window,,,,,,,
2026-09-11 10:00:00,stock,SBIN,no monthly expiry in DTE window,,,,,,,
2026-09-11 10:00:00,stock,TRENT,no monthly expiry in DTE window,,,,,,,
2026-09-15 10:00:00,stock,ADANIENT,no monthly expiry in DTE window,,,,,,,
2026-09-15 10:00:00,stock,AXISBANK,no option tape 2026-10-27 K=1240.0,0.19247864785638352,0.20188259543607748,,,,"5,20,60",
2026-09-15 10:00:00,stock,BAJAJFINSV,no monthly expiry in DTE window,,,,,,,
2026-09-15 10:00:00,stock,DRREDDY,no monthly expiry in DTE window,,,,,,,
2026-09-15 10:00:00,stock,GRASIM,no monthly expiry in DTE window,,,,,,,
2026-09-15 10:00:00,stock,KOTAKBANK,no option tape 2026-10-27 K=420.0,0.16671313480317085,0.20830181596784836,,,,"5,20,60",
2026-09-15 10:00:00,stock,NTPC,no monthly expiry in DTE window,,,,,,,
2026-09-15 10:00:00,stock,RELIANCE,no option tape 2026-10-27 K=1260.0,0.21072048553216338,0.18703480489152507,,,,"5,20,60",
2026-09-15 10:00:00,stock,SBIN,no option tape 2026-10-27 K=1000.0,0.21492645976939154,0.21030798787339078,,,,"5,20,60",
2026-09-15 10:00:00,stock,TRENT,no monthly expiry in DTE window,,,,,,,
2026-09-16 10:00:00,stock,ADANIENT,no monthly expiry in DTE window,,,,,,,
2026-09-16 10:00:00,stock,AXISBANK,no option tape 2026-10-27 K=1240.0,0.20281327421854878,0.19923285802096666,,,,"5,20,60",
2026-09-16 10:00:00,stock,BAJAJFINSV,no monthly expiry in DTE window,,,,,,,
2026-09-16 10:00:00,stock,DRREDDY,no monthly expiry in DTE window,,,,,,,
2026-09-16 10:00:00,stock,GRASIM,no monthly expiry in DTE window,,,,,,,
2026-09-16 10:00:00,stock,KOTAKBANK,no option tape 2026-10-27 K=420.0,0.17758678107804954,0.21444502109703892,,,,"5,20,60",
2026-09-16 10:00:00,stock,NTPC,no monthly expiry in DTE window,,,,,,,
2026-09-16 10:00:00,stock,RELIANCE,no option tape 2026-10-27 K=1260.0,0.21165327496967878,0.1797805778123538,,,,"5,20,60",
2026-09-16 10:00:00,stock,SBIN,no option tape 2026-10-27 K=1000.0,0.19872586643522983,0.2440502720793236,,,,"5,20,60",
2026-09-16 10:00:00,stock,TRENT,no monthly expiry in DTE window,,,,,,,
